judul	bahan	langkah
ayam suwir sambal matah	paha ayam, bawang putih, geprek, jahe, geprek, daun salam, garam, cabe rawit hijau, iris halus, cabe merah keriting, iris halus, bawang merah, iris halus, daun jeruk, iris halus, sereh, iris halus, lada, garam, sedap, minyak panas	rebus ayam serta bumbu rebus. masak air susut matang ayam disuwirsuwir. campur bumbu sambal matah. siram minyak panas. aduk. masuk suwir ayam bumbu sambal matah. aduk. koreksi. angkat saji
homemade chicken luncheon	paha dada ayam fillet, putih telur, bawang putih, bombay, bubuk angkak, lada, garam, kecap asin, kecap ikan, kaldu bubuk, gula, minyak goreng rose brand, maizena rose brand	siap bahan bahan halus bawang putih bawang bombay. campur bahan kecuali maizena minyak goreng rose brand pasti campur tekstur halus. masuk tepung maizena minyak goreng rose brand aduk. lupa koreksi goreng adon. tuang loyang yg alas kertas nasi kukus menit hitung air didih matang. biar dingin potong potong. chicken luncheon langsung santap. goreng. simpan freezer
luncheon ayam	paha ayam fillet, putih telur, bawang putih halus, bawang bombay halus, , angkak powder pakai, merica bubuk, garam, kecap asin, kecap ikan, micin asatu rose brand kaldu bubuk sdtgr, gula rosebrand, minyak goreng rose brand, maizena rose brand, minyak gorengmentega rose brand goreng	siap bahan. ayam segar wajib masuk freezer minimal jam hasil kenyal adon tdk lembek masuk bahan kecuali maizena minyak goreng. giling halus note bawang bombai bawang putih halus hasil padat rongga. halus masuk minyak goreng maizena halus. pasti adon benarbenar halus. ambil pan sebentar koreksi. rasa pas tuang loyangmangkuk tahan panas oles minyak alas baking papper dasar padat tekan sencok spatula. panas kukus. sdh didih masuk luncheon kukus menit angkat keluar dr cetak. biar suhu ruangset iris sesuai selera langsung konsumsi panggang margarin
homemade chicken lucheon	paha ayam fillet, putih telur, bawang putih, bawang bombay, angkak powder, merica bubuk, garam, kecap asin, kecap, kecap ikan, kaldu bubuk, gula pasir rose brand, tepung maizena rose brand, minyak goreng rose brand	siap bahan fillet paha ayam segar masuk freezer minimal jam potong. bawang putih bawang bombay halus. sisih. tata cooper fillet paha ayam. masuk bawang putih bawang bombai halus. angkak powder. putih telur bumbu cooper halus. tambah tepung maizena rose brand. cooper bahan halus. siap loyang. oles minyak goreng rose brand baking paper dasar loyang tuang adon lucheon loyang rata. tusuk keluar udara yg perangkap rata. panas kukus kukus lucheon menit matang angkat keluar loyang lepas baking paper. lucheon tdk panas iris sesuai selera langsung nikmat simpan chiller freezer simpan makan pan dgn minyak rose brand goreng dgn minyak nikmat
chicken luncheon	paham ayam fillet, putih telur, bawang putih, cincang halus, bawang bombay cincang halus, angkak powder, merica bubuk, garam, gula pasir rosebrand, kecap ikan, kecap asin, sedap, minyak goreng, tepung maizena rosebrand	siap bahan. chopper bahan bentuk pasta kental minyak tepung maizena jgn masuk dalam chopper. adon pasta masuk maizena minyak chopper campur. tuang loyang datarsy pakai thinwall kukus menit. kukus panas. tampak nya enak gurih padat kenyal
lumpia ayam roll	daging paha ayam fillet, btr telur, wortel, daun bawang, bawang putih, garam lada, lada, saus tiram, terigu, air, lembar kulit lumpia, minyak goreng	masuk daging ayam. wortel. daun bawang. bumbu blender halus. ambil adon. letak atas kulit lumpia. lipat gulung. bahan lap bagi ujung. rapih bocor. goreng minyak api golden brown angkat. sisih saji saus sambal cabai rawit
garang asem ayam	ayam, pakai sayap, lembar daun salam, ruas jari lengkuas, buah tomat, buah belimbing wuluh, bawang merah, bawang putih, sachet santan, sy pakai merk kara, garam, gula sedap, cabe rawit	potong daun pisang sesuai butuh lap daun pisang. menggunakn tisu. cuci bersih ayam. tiris. cuci bersih lengkuas. daun salam. cabe rawit. bawang merah. bawang putih. tomat belimbing wuluh iris. tumis bahan harum. tambah santan air. masuk tomat. belimbing wuluh ayam garam. gula sedap. aduk mati api. tata ayam bumbu daun pisang. bungkus. kukus ayam garang asem menit hidang
chicken pok pok gluten free	gram ayam, bawan putih, garam, lada bubuk, sendok makan tepung kanj, gram tepung beras, sendok makan munjung bawang bombai bubuk, sendok teh paprika bubuk, sendok makan kaldu jamur organik	cuci ayam potong kecilkecil. halus baput. garam. lada bubuk. marinasi ayam bumbu halus. sisih. campur bawang bombai bubuk. kaldu jamur bubuk. garam. paprika bubuk. lada bubuk. adon basah daei tepung kanji sendok makan campur bumbu kering. adon kering tepung beras campur bumbu kering. masuk ayam adon basah masuk adon kering. goreng ayam matang. chicken pok pok saji
sosis ayam homemade	fillet paha ayam, lemak ayam, putih telur beku, es batu, baking powder, tapioka, gula, kaldu bubuk, garam, lada bubuk, garlic powder	masuk ayam. lemak ayam es batu halus masuk bahan kecuali tapioka baking powder mix campur masuk tapioka baking powder campur. siap selongsong sosis uk mm tali ikat sosis. masuk adon plastik segitiga potong ujung plastik segi masuk dalam lubang selongsong tekan adon perlahan rongga isi angin. isi selongsong otomatis panjang selesai. uruttekan sosis pijat rata adon. ukur sosis sesuai selera ikat tali siap. tusuk sosis yg sdh ikat jarum keluar gelembung udara dalam sosis panas air buih didih c panas rebus sosis rawan pecah air panas masuk sosis otomatis kembang. rebus menit. tekan sosis kenyal tanda sdh matang. angkat dalam wadah isi air es lambat proses pematang sosis bantu selongsong tempel sosis sdh dingin angkat tiris langsung saji goreng. panggang sesuai selera
jeroan krispi kentucky jeroan ayam	jeroan ayam, garam, lembar daun salam, ruas lengkuas, tepung terigu, tepung tapioka, kaldu bubuk, garam, baking soda, air, baking soda	cuci bersih jeroan. rebus matang garam. daun salam. lengkuas. angkat tiris proses rebus gak foto. campur bahan kering. aduk. campur bahan celup. aduk. guling jeroan bahan kering. celup celup. guling bahan kering. goreng minyak panas. minyak. tiris. saji
homemade chicken luncheon kelassosis	paha ayam fillet, putih telur, bawang putih halus, bawang bombay halus, , angkak powder, merica bubuk, garam, kecap asin, kecap ikan, micin asatu rose brand kaldu bubuk sdtgr, gula rosebrand, minyak goreng rose brand, maizena rose brand, minyak goreng goreng	siap bahan. ayam segar wajib masuk freezer minimal jam hasil kenyal adon tdk lembek. masuk bahan kecuali maizena minyak goreng. giling halus note bawang bombai bawang putih halus hasil padat rongga. halus masuk minyak goreng maizena halus. pasti adon benarbenar halus. tuang loyangmangkuk tahan panas oles minyak alas baking papper dasar padat tekan sencok spatula. panas kukus. sdh didih masuk luncheon kukus menit angkat keluar dr cetak. biar suhu ruangset iris sesuai selera iris sesuai selera. makan langsung dipan minyakmargarin rose brand
chicken pepperoni sayur	daging dada ayam lemak, sawi hijau, air, bawang putih, putih telur, garam, gula, kaldu bubuk, lada hitam, merica bubuk, minyak goreng, tepung tapioka	potong daging ayam. rebus sebentar sawi hijau masuk daging. sawi hijau rebus. bawang putih. garam. gula. merica. lada hitam. putih telur. air chopper. tambah tepung tapioka minyak goreng. chopper. adon. gulung plastik. ikat ujung kukus menit api. angkat tiris. tunggu dingin. potong sesuai selera simpan wadah tutup taruh freezer. aq goreng pake tepung panir isi sandwich bekal bocil
ayam kipas rumah	paha ayam, bawang merah, bawang putih, jempol jahe, ketumbar, garam, bubuk paprika, bubuk kunyit, kaldu ayam, lembar daun jeruk purut, telur, peras jeruk nipis, baking powder, tepung tapioka, tepung beras	bentuk paha ayam rupa kipas pakai gunting dapur mudah. halus bumbu. lumur ayam bumbu halus tabur peras jeruk daun jeruk. lumur rata diam jam. jam lumur tepung tapioka tepung beras telur. goreng matang saji
sosis homemade chicken bratwurst	fillet paha ayam me beli yg sdh giling, lemak ayam, putih telur, air es es serut, baking powder double acting, tapioka, gula rose brand, micin me skip, garam, smoke powder, garlic powder, onion powder, angkak powder, , bumbu bockwurst, parsley kering, pcs selongsong diameter, mm, gulung benang wol putih potong uk	siap bahan daging paha ayam yg sdh giling kulit lemak daging sdh cair giling daging es batu putih telur. adon daging halus tambah bumbu aduk masuk tepung tapioka baking powder aduk adon daging sdh kental masuk dlm piping bag. siap selongsong gunting masuk piping bag yg ujung nya sdh gunting tekan daging otomatis selongsong panjang isi daging maaf foto krn usaha jgn isi daging putus spy udara dlm nya. daging sdh masuk selongsong pipih ikat tali sesuai sosis yg ikat udara dlm selongsong tusuk jarum acak urut pipih selongsong gembung tusuk tekan perlahan udara gembung. didih air dasar air gelembung jgn lampau panas didih masuk selongsong atur sosis yg timpa rebus menit. tunggu rebus siap air es wadah sdh me rebus menit angkat langsung masuk wadah isi air es kurleb menit angkat tiris. sosis sdh capai suhu ruang leta sosis loyang yg sdh kertas baking panggang oven suhu derajat menit kulit nya me nyatu sosis tahan sesuai oven ya suhu hasil lupa spy sisi sosis me nyatu kulit. sdh selesai panggang sosis dr oven tunggu dingin sosis dpt simpan wadah kedap udara masuk freezer santap goreng sosis langsung makan krn sdh matang
bakso ayam wortel buncis	gram fillet dada ayam, bawang merah goreng, bawang putih, buah wortel iris tipis parut, buah buncis, kaldu bubuk, tepung tapioka, garam, merica bubuk, saus tiram	chopper ayam. wortel. buncis. bawang putih. bawang merah goreng masuk kaldu bubuk. garam. lada bubuk saos tiram adon campur. pindah wadah. tambah tepung tapioka aduk adon bentuk. didih air dipancikemudian bentuk adon bulat rebus rebus bakso matang bakso apung muka tanda matang. bakso ayam wortel buncis nikmat kreasi masakan camil cocol saos sambal enak sehat
kangkung ayam tauge	ayam, potong, ikat kangkung, siang, genggam tauge, bawang putih, bawang merah, buah cabe merah, buah cabe rawit, buah tomat merah potong, terasi, saus tiram, gula garam kaldu bubuk, air	tumis bumbu halus harum. masuk ayam aduk ubah warna. tambah air. masuk saus tiram gula garam kaldu bubuk. koreksi. masuk kangkung tauge tomat aduk. masak sebentar tekstur renyah. angkat saji
homemade chicken luncheon	paha ayam fillet, putih telur, bawang putih, bawang bombay, , angkak powder pakai warna makan merah tua, lada bubuk, garam, kecap asin, kecap ikan, sedap, gula pasir, minyak goreng, maizena rose brand	sih paha ayam. potong kecilkecil masuk freezer menit masuk paha ayam fillet chopper putih telur. bawang. kecap asin. kecap ikan. garam. sedap. lada bubuk. angkak powder warna makan halus tekstur nya lembut halus. masuk minyak goreng. maizena rose brand. chopper. panas kukus oles loyang minyak goreng. alas dasar loyang baking paper tuang adon kukus menit. matang. biar dingin suhu ruang set. potongpotong sesuai selera masuk wadah kedap udara. simpan freezer
mie ayam baso bumbu medok simple	keping mie telur rebus aldente, sisih beli biar praktis mie telur, merk bebas, bahan ayam kecap, daging ayam fillet dada amp paha potong dadu pakai kulit karna kulit pakai campur minyak bawang, kemiri, bamer, baput, kecap manis, saus tiram, minyak campur chopper bumbu pas numis gak minyak, kaldu jamur amp garam, merica bubuk, gula pasir optional sesuai selera ya, lembar daun jeruk, air, bahan minyak bawang, baput cincang kasar chopper kasar, minyak sayur, kulit ayam, air, bahan lengkap topping, minyak wijen, kulit pangsit potong kotak goreng amp sisih, baso sapi skip stok, pakcoy sawi rebus sisih, timun acar ga pake karna gak stok timun, saus sambal, saus tomat, kecap manis, bawang goreng, wijen sangrai, bahan kuah, tulang ayam sisa ayam kecap pas fillet buang ya tulang, air, kaldu bubuk	langkah minyak bawang. ambil kulit ayam. air masak teflon air memgering masak kulit keluar minyak. tambah minyak goreng goreng kulit ayam kering krispi angkat sisih kulit. minyak panas tuang bawang putih cincang aduk masak api hati ya gosong biar pahit mati api bawang cokelat sisih. bahan ayam kecap. halus bumbu kecuali daun jeruk ya. tumis bumbu tanak pecah minyak. masuk potong daging ayam aduk ayam balur bumbu. tambah gula. garam. kaldu jamur. merica bubuk. saus tiram. kecap manis daun jeruk aduk. tambah air aduk masak air susut mengentaltest ya mati api. kuah mie ayam. rebus air didih masuk potong tulang ayam masak keluar buih ambil buang buih kotor muka air laku buih habis. rebus tulang ayam kaldu ayam minyak lemak ayam. tambah kaldu bubuk. aduk test mati api. plating. ambil mangkuk. tambah minyak bawang cubit kaldu jamur minyak wijen. masuk mie telur mangkuk aduk campur minyak bawang. tambah topping ayam kecap pakcoy rebus. baso. pangsit goreng. tabur wijen sangrai bawang goreng. ambil mangkuk isi kuah mie ayam tabur bawang daun bawang goreng. mie ayam saji selamat coba. enjoy it happy cooking happy recook
mix platter chicken nori roll	fillet paha ayam, bawang putih, kecap asin, saus tiram, minyak wijen, putih telur, kaldu jamur, tepung tapioka, lada bubuk, buah wortel parut, batang daun bawang iris halus, nori bungkus, tepung terigu, maizena, air, mayonaise, telur, rebus, kupas cincang halus, buah bawang bombay ukkecil, cincang halus, oregano	blender ayam. putih telur. tepung tapioka bumbu lembut campur. siap wortel parut daun bawang iris halus campur adon ayam aduk koreksi pasti asin pas yaa. siap plastik segitiga masuk adon ayam plastik. potong ujung siap lembar nori. pakai nori gulung jg yaa. sesuai selera isi adon ayam atas nori. gulung rekat ujung nori air laku adon habis. potong nori sesuai selera. siap larut lap celup nori bahan lap. goreng matang tiris. tartar saus campur bahan. aduk. saji kentang goreng. salad sayur. sesuai selera
chiken katsu saos asam manis	sendok tepung terigu, ayam, merica, garam, kaldu ayam, bawang putih bubuk, ekor telur, tepung panirtepung roti, wortel, kubis kol, garam, gula, sendok cuka, air	potong ayam fillet sesuai selera geprek tabur garam merica biar resap menit. masuk merica. kaldu. bawang putih bubuk tepung aduk. pecah telur kocok lepas. masuk ayam tepung rata lanjut masuk telur rata pindah tepung roti goreng. goreng matang saji. potong potong wortel kubis sesuai selera
ayam bakar manis	ayam, kemiri, bawang merah, bawang putih, cabe keriting, cabe setan, ruas jari jahe, ukur telunjuk kunyit, sereh, asam jawa, kecap manis, garam, gula putih, royco, kaldu blok, lembar daun jeruk, lembar daun salam, jeruk, kecap manis, gula merah, asam jawa	cuci bersih ayam. tiris. peras jeruk nipis garam. blender kemiri blender sereh potong. jahe. kunyit halus masuk duo bawang. cabe blender halus. siap minyak. tumis bumbu halus masuk garam. gula merah putih. royco. kaldu blok. daun. kering. mati kompor. masuk ayam aduk kecap biar menit. nyala kompor. masuk air asam tutup aduk koreksi rebus minyak. panggang ayam d teflon. oles sisa bumbu ungkep. ayam bakar siao santap sambal
ayam goreng serundeng	ekor ayam potong, buah jeruk nipis, kelapa parut, bungkus bumbu ayam ungkep yg halus, air, garam, sedap, buah bawang putih, iris tipis, gula aren, minyak goreng, daun jeruk, daun salam, daun pandan, batang serai, geprek	cuci ayam bersih. jeruk nipis diam menit tumis bumbu ayam ungkep halus. tambah bumbu aromatik. tumis harum tambah potong ayam aduk bumbu campur. air ayam rendam tambah garam masak air susut tambah kelapa parut tambah sedap masak bumbu serap dalam kelapa parut. angkat ayam bumbu kelapa parut sisih masuk gula aren dalam bumbu kelapa parut. aduk angkat bumbu kelapa parut. peras air. goreng bumbu kelapa warna emas tiris bumbu kelapa kering. goreng ayam warna emas goreng bawang putih warna emas angkat tiris taruh potong ayam dalam wadah. tabur kelapa serundeng bawang putih goreng ayam goreng serundeng hidang
chicken peperoni ala mbak nurul art	dada ayam, paha ayam, putih telur, garam, minyak, tepung tapioka, gula pasir, cabe kering kasar, bahan bumbu, red paprika powder, lada hitam bubuk, bubuk bawang putih, oregano, angkak, bumbu smoked, bahan bungkus daging, buah loyang muffin, baking paper, plastik wrap	notes bikin makan dr daging butuh kenyal usaha simpan ayam dalam freezer jam halus kenyallemak ayam dapat ayam paha bawah kulit giling. masuk ayam bumbu kecuali minyak tapioka halus. masuk minyak tapioka. galuskan lembut ayam giling. masuk bumbubumbu. tepung. tekstur lengket kental. siap plastik wrapbaking papperdaun pisang. tata panjang rapihkan taruh loyang muffinsetelah gulung bentuk tabung. plastik wrap baking paper. masuk loyang muffin rata panas kukus. kukus menit. kurang lembap biar awet simpan. matang angkat biar dingin. kupas kemas oven menit suhu c iris tipis pepperoni jadi stock olah pizza. tumis. isi roti dll
chicken pepperoni	dada ayam fillet, putih telur, garam, gula rose brand, tapioka rose brand, minyak goreng rose brand, micin asatu rose brand kaldu bubuk sdtgr, cabe kering kasar, cabai bubuk halus, seasoning, smoked paprika, black pepper powder, garlic powder, angkak powder, mix herbs optional, bahan tambah, plastik wrapbaking papper	masuk ayam bumbu kecuali minyak tapioka halus. masuk minyak tapioka. galuskan lembut. siap plastik wrapbaking papperdaun pisang. tata panjang rapihkan. gulung bentuk tabung. panas kukus. kukus menit. kurang lembap biar awet simpan. matang angkat biar dingin. kupas kemas oven menit suhu c iris tipis pepperoni jadi stock olah pizza. tumis. isi roti dll
homemade chicken pepperoni	dada ayam, paha ayam, putih telur, garam, gula, tapioka rose brand, minyak goreng rose brand, micin kaldu bubuk, cabe kering kasar, red paprika powder, blackpaper powder, garlic powder, angkak powder skip, smoked powder, oregano optional, plastik wrapdaun pisangalumunium foil	siap bahanbahannya olah makan daging butuh kenyal. usaha simpan ayam freezer jam halus kenyal. masuk ayam bumbu kecuali minyak tepung tapioka. halus masuk minyak tepung tapioka. halus benarbenar lembut halus. siap plastik wrapdaun pisangalumunium foil letak adon atas tata panjang. rapi gulung bentuk tabung. kunci samping kanan kiri. panas kukus masuk adon air didih kukus menit matang. angkat biar dingin. preheat oven suhu c kupas kemas oven menit suhu c step kurang lembap awet simpan. iris tipis pepperoni jadi stok olah toping pizza. tumis. isi roti. dll
sosis ayam bratwurst	paha ayam fillet, air es, putih telur, baking powder double acting, tapioka cap tani gunung, , gula halus rose brand, garam, , kaldu jamur, bawang putih, bawang merah, minyak goreng rose brand, smoked powder, angkak powder, , bumbu bratwurst, oregano kering, pcs selongsong sosis collagen diameter mm, gulung benang katun rajut	siap bahan alat. halus bawang merah putih. tumis dgn minyak goreng rose brand. potong fillet ayam halus dgn air es. campur adon ayam dgn bahan. bumbu tumis bumbu halus aduk spatula. tambah tepung tapioka baking powder. aduk. masuk adon dalam alat sosis pasang slongsong ikat ujung slongsong alat. isi alat dgn adon. tekan alat rata isi padat tebal slongsong ikat. yg sosis. didih air c. rebus sosis menit. matang. pindah dalam air es sebentar. tiris oven c menit. dingin sosis suhu ruang. gunting slongsong sosis buang tali sosis susut sosis sosis. goreng sosis minyak frypan. saji
chicken luncheon homemade	paha ayam, putih telur, bawang putih, halus, bawang bombay, halus, , angkak, merica bubuk, garam, kecap asin ganti saus tiram, kecap ikan, micin, gula pasir, minyak goreng, tepung maizena rose brand, minyak goreng goreng	siap bahan. campur bahan kecuali tepung maizena minyak goreng halus. tambah tepung maizena rose brand minyak goreng. aduk. panas minyak. goreng adon luncheon tes. pas. pindah adon wadah oles minyak goreng alas baking paper rata kukus menit panas kukus. matang keluar luncheon cetak. tunggu dingin dipotongpotong sesuai selera selamat coba
siomay ayam	paha ayam fillet, kulit ayam, labu siam parut peras, bawang putih, goreng sebentar, batang daun bawang, tum sebentar, kecap ikan, lada bubuk, gula pasir, kaldu bubuk, garam, telur, tepung tapioka, tepung terigu, kacang tanah goreng, buah cabe merah keriting, buah cabe rawit merah, bawang merah, bawang putih, gula merah, kecap manis, air, garam, minyak goreng, buah putih, buah pare, buah kentang, lembar kol	siap paha ayam fillet. kulit ayam labu siam parut peras. masuk bahan dalam chopper. tambah bawang putih goreng. daun bawang labu siam. chopper halus. pindah wadah. tambah telur. garam. kaldu bubuk. lada bubuk gula pasir. aduk. tambah tepung tapioka tepung terigu. aduk. cetak siomay buah sendok kukus menit isiian tengah. pare kentang. kol celup dalam air didih. angkat tumbuk lembar kol. gulung rapihkan sisi kukus kubis. kentang. pare menit. tumis cabe merah. cabe rawit. bawang merah bawang putih halus. masuk dalam wajan. tambah kacang tanah goreng halus tambah garam. gula merah. kecap manis air. masak kental. angkat saji siomay jeruk limau. saus sambal kecap manis
quiche chicken pepperoni homemade	fillet dada ayam, fillet paha ayam, putih telur, tapioka rose brand, gula rose brand, garam, minyak goreng, kaldu bubuk, cabe kering kasar me cabe bubuk, red paprika powder, garlic powder, black pepper powder, angkak powder, smoked powder, oregano, plastik wrapaluminium foil, tepung terigu, butter beku, kuning telur, air es, jumput garam, gulung chicken pepperoni, genggam bayam brazil, jamur champignon, bawang bombay, susu cair mix susu cooking cream, keju oles, telur utuh kuning telur, lada, pala, garam, gula rose brand, margarin tum, jumput oregano, parsley	siap bahan chicken pepperoni quiche. chicken pepperoninya. masuk bahan kecuali tapioka minyak. blender masuk tapioka minyak blender. siap aluminium foil. adon biar diameter. bagi sesuai selera taruh adon foil. gulung rapi. panas panci kukus kukus adon matang matang buka aluminium foilnya panggang menit suhu c kurang kelembaban tahan simpan oven iris pepperoni. . quiche siap tepung butter beku mangkukwadah. aduk sendok bergeeindil. masuk kuning telur. aduk. tambah air es tahap adon set tambah air. siap cetak piequice. pakai ukur diameter. adon taruh cetak rapi tusuk garpu. pangang menit suhu c sesuai oven. tunggu kulit panggang tumis bawang bombay jamur bayam brazil hinga layu. sisih. wadah kocok lepas telur. lada. pala. oregano. garam gula. masuk susu cair keju aduk. keluar kulit oven. masuk tumis bawang bombay. jamur. bayam chicken pepperoni. tuang campur susu. tabur parsley. panggang matang suhu c api. matang saji
chicken pepperoni homemade	g dada ayam, fillet, g paha ayam, fillet, g putih telur, g gula pasir rose brand, g garam, cabe kering kasar, micin asatu rose brand, g tepung tapioka rose brand, minyak goreng rose brand, paprika powder, garlic powder, smoke powder, angkak powder, blackpaper powder, oregano kering	ayam simpan dlm freezer minimal jam tekstur adon kenyal cus dlm cooper masuk bahan a seasoning. halus. masuk bahan b halus halus. siap baking paperplastik warpdaun pisang jenis ambil adon sesuai selera tata. gulung padat ulang adon habis lonjor. panas kukus kukus adon menit angkat biar dingin suhu ruang. ambil bungkus nya panggang menit dg suhu c api biar dingin. potong. olah. konsumsi
homemade sosis chicken bratwurst	g paha ayam, g dada ayam, g lemak ayam, g double aktive baking powder, g tapioka rose brand, g air es, garam, kaldu, munjung smoked powder, garlic powder, onion powder, italian herb parsley kering, lembar piping bag, selongsong sosis collagen	siap bahan. giling ayam. lemak air es putih telur. bumbu. aduk. baking powder tepung tapioka rose brand aduk. masuk piping bag siap selongsong. masuk adon dalam selongsong bantu piping bag masuk tekan perlahan adon piping bag dalam lubang selongsong panjang. . urus sosis pijat rasa adon. ikan sosis sesuai selera ikat. panas air buih suhu panas pecah rebus kisar menit apung kenyal tanda sidang matang. angkat langsung masuk dalam air es tiris oven kisar menit. saji
homemade chicken luncheon	paha ayam fillet, putih telur, bawang putih parut halus, bawang bombay, halus, angkak powder, merica bubuk, garam, kecap asin, kecap ikan, micin, gula rose brand, minyak goreng, tepung maizena rose brand, sd minyak goreng utk tum	masuk bahan kecuali maizena minyak goreng giling halus. halus masuk maizena da minyak rata. laku chopper detik. koreksi masuk loyang yg sdh oles minyak alas baking powder padat sara tekan sendok. panas kukus didih masuk luncheon kukus menit angkat dingin. dingin potong. simpan. tinggal masuk wadah makan. lgs makan pan saji
siomay ayam goreng sayur	g ayam fillet, g tepung tapioka	potong ayam. masuk baput daun bawang chopper. tambah tepung tapioka. telur. saus tiram. lada bubuk. kaldu bubuk. gulpas garam chopper halus. pindah adon waskom masuk bahan sayur aduk. msukkan kulit pangsit bahan habis kukus menit. goreng minyak panas dg api kuning cokelat. siomay ayam goreng sayur nikmat saus tomat sambal botol
sosis ayam lada hitam	fillet paha ayam, lemak ayam, putih telur, air eses serut, baking powder double acting, tapioka rose brand, gula rose brand, kaldu bubuk, garam, seasoning, smoked powder, garlic powder, onion powder, angkak powder, , bumbu bradwurst, pasrsley kering opsional, lada hitam, bahan tambah, selongsong sosis kolagen, tali dadung	siap bahanbahan lupa doa hasil maksimal enak tumbuk kasar lada hitam sisi usaha ayam masuk freezer jam sosis kenyal maksimal. chopper ayam fillet halus tambah bumbu chopper tambah tepung tapioka air adobe campur. tambah tumbu lada hitam aduh siap selongsong sosis collagen isi adon. pipih adon ukur ikat tali isi sosis penuh khawatir pecah rebus sosis suhu derajat celcius menit api cenderung kulit sosis pecah matang dingin kurang kelembaban sosis oven air fryer suhu derajat menit. simpan sosis kedap udara masuk freezer daya tahan langsung goreng makan
sosis chicken bratwurst homemade	g ayam paha fillet, lemak ayam kulit, putih telur, air es es batu serut, baking powder doble action, tepung tapioka rose brand, gula pasir rose brand, micin asatu rose brand, garam, , bradwurst bubuk, onion bubuk, angkak powder, smoked powder, garlic powder, parsley cincang kering, selongsong kolagen ukur, , roll benang woll putih	giling ayam paha fillet lemak halus. campur bahan seasoning kecuali tepung tapioka baking powder. aduk tambah tepung tapioka baking powder. aduk campur. masuk plastik segitiga ambil selongsong sosis kolagen. potong bagi. isi ujung selongsong ikat benang wol. rata adon urut pelan gelembung udara. adon padat. rebut pecah ikat selongsong ukur sesuai selera. potong ujung plastik segitiga. masuk selongsong sosis tekan ujung plastik pelan adon masuk selongsong. tarik pelan ujung selongsong. selongsong isi adon panjang. panas air api kompor. dasar panci air. masuk sosis panci rebus minimal menit. tekan sosis padat kenyal. sosis langsung angkat langsung masuk air es. sosis dingin. angkat tiris. selongsong tempel. oven sosis menit. panas. kala gunting sosis benang. buang benang. sosis dingin masuk wadah tutup simpan freezer. langsung bakar goreng lauk camil
airfryer chicken parmesan saus marinara	dada ayam, potong dadu, cangkir tepung roti, cangkir keju parmesan, bubuk bawang putih, bubuk oregano, bubuk basil, garam, lada hitam, telur, olive oil, buah bawang bombay, cincang, bawang putih, cincang, kaleng tomat, batang daun kemangi bs yg bubuk, bubuk cabai optional, bubuk oregano, garam, lada hitam	panas airfryer c menit. mangkuk. campur tepung roti. keju parmesan. bubuk bawang putih. bubuk oregano. bubuk basil. garam. lada. aduk. mangkuk siap telur. kocok. celuokan potong ayam telur. balur dng campur tepung roti. letak potong ayam yg lapis dlm airfryer dlm lapis. masak menit c. warna cokelat emas matang. goyang airfryer tengah proses masak matang. pindah piring. saus marinara. panas olive oil dlm panci dng api tumis bawang bombay lunak menit. masuk bawang putih. masak harum. tuang kaleng tomat buah tomat yg potong dadu optional. tambah daun kemangi. oregano. bubuk cabai. didhkan saus didih perlahan. kecil api tutup masak menit jam. aduk nikmat tambah garam lada hitam saji dng chicken parmesan
isi pastel sayur ayam	buncis, buah wortel, buah jagung, daging ayam giling, bumbu dasar putih, minyak goreng tumis, garam, kaldu jamur, lada bubuk, biji pala bubuk, tepung maizena, air	pipil jagung. iris kecilkecil wortel buncis. didih air wajan masuk jagung. wortel buncis. masak menit matang. tiris sayur. tumis bumbu dasar putih dgn minyak goreng. masuk ayam giling. masak matang ayam ubah warna putih. masuk sayur. aduk mati kompor tabur garam. kaldu lada bubuk. aduk. kulit pastel isi dgn isi atas snack cemilan gurih
homemade chicken luncheon	paha ayam fillet, putih telur, bawang putih, halus, bawang bombay, halus, , bubuk angkak, merica bubuk, garam, kecap asin, kecap ikan, micin tdk pakai, gula pasir, minyak goreng, tepung maizena rose brand, minyak goreng utk goreng	siap bahan. ayam segar wajib masuk freezer minimal jam hasil yg kenyal adon tdk lembek masuk bahan kecuali maizena g minyak goreng. giling halus note bawang bombay bawang putih halus hasil padattidak rongga ulek. halus masuk minyak goreng maizena. halus. pasti adon halus ambil pan sebentar utk koreksi. rasa pas tuang loyang tahan panas yg oles minyak alas baking paper dasar padat dgn tekan pakai sendokspatula kukus menit kukus yg panas angkat keluar cetak. biar suhu ruangset iris. makan langsung dipan minyakmargarin rose brand. makan gitu aja enak
sosis ayam bratwurst homemade	gram fillet paha ayam, gram lemak ayam, gram putih telur, gram air es es serut, gram baking powder, gram tapioka rose brand, gram gula pasir rose brand, kaldu bubuk, gram garam halus, smoke powder, garlic powder bawang putih parut, onion powder bawang bombay parut, angkak powder skip, , bumbu bradwurst, parsley bubuk, buah selongsong sosis kolagen halal ukur mm, benang wol ikat, buah plastik segitigapiping bag	siap bahanbahannya potong fillet paha ayam kecilkecil. giling ayam garam. putih telur. es batu halus dingin. tambah. tapioka bumbubumbu. giling aduk. masuk adon piping bag. gunting ujung. sesuai ukur selongsong. semprot selongsong selesai ikat benang wol sesuai ukur. tusuk sosis gelembung udara. rebus air didih derajat menit api menit angkat masuk wadah isi es batu. angkat tiris sosis benarbenar tiris panggang oven menit suhu selongsong kolagen tempel biar dingin suhu ruang simpan sosis plastik vakum wadah kedap udara simpan freezer chiller sesuai butuh. saji gril margarin tipis saji. panggang air fryer sebentar sesuai selera
salad ayam	ayam fillet, telur, rebus, buah kentang, buah lettuce, lembar selada, bonggol brokoli, buah tomat ceri, mayonaise, garam, lada, thyme	. marinasi ayam bumbu marinasi biar minimal menit malam. rebus kentang cuci potong lettuce selada cuci tomat kukus brokoli. panas pan mentega pan ayam matang sisi. tata wadah. toping saji cemilan sehat
chicken luncheon daging ayam maling homemade	daging ayam fillet paha, putih telur, bawang putih, halus, bawang bombay, halus, , bubuk angkak, lada bubuk, tepung maizena, ujung sendok bubuk ngohyong, kecap asin, kecap ikan, gula pasir, garam, kaldu bubuk, air, minyak	blender daging ayam halus masuk bumbu putih telur. blender adon daging satu. masuk adon dalam loyang anti lengket. kukus kukus panas menit
chicken bratwurst homemade	daging paha ayam, lemak ayam pakai lemak ayam kampung, putih telur, air es, baking powder double acting, tepung tapioka rose brand, gula pasir, micin, garam sesuai selera, smoked powder, garlic powder, angkak powder, , bumbu bratwursts, parsley kering, pcs selongsong kolagen ukur mm, benang ikat	siap bahan daging paha simpan freezer minimal jam. tunggu benarbenar cair dichopper. masuk daging paha ayam. lemak ayam es batu chopper halus masuk bahan seasonings kecuali baking powder tepung tapioka chopper halus masuk baking powder tepung tapioka chopper rata aduk wadah. isi adon sosis selongsong isi adon perlahan. biar selongsong jalan tarik isi adon penuh pipih urut perlahan meminimalisir udara tinggal dalam selongsong udara tinggal. tusuk jarum tekan pelan udara ikat sosis ukur sesuai selera tusuktusuk sosis jarum. panas air buih shimmering. didih masuk sosis. rebus menit sosis matang. masuk air es henti proses masak kulit kolagen tempel tunggu dingin dingin. tiris anginanginkan sosis muka kering. kering. potongpotong sosis oven sosis suhu c menit bolak sosis kulit kolagen tempel. sosis homemade stock frozen selamat coba
ayam paprika saus tiram	ayam fillet, buah paprika hijau, bawang bombay, bawang putih, kecap asin, kecap manis, saus tiram, minyak wijen, jumput garam, lada bubuk, minyak sayur tum, air	siap bahan. potong sesuai selera. panas minyak. tumis bawang putih harum. masuk ayam. tumis ubah warna. tambah air. kecap asin. kecap manis. saus tiram. garam. lada bubuk. aduk. sisih. didih masuk paprika bawang bombay. masak layu. masuk minyak wijen. aduk koreksi. masak sebentar angkat. saji
dinsum ayam sayur	adon bakso ayam, wortel, daun bawang, kulit din sum, air bersih kukus	siap bahan adon bakso ayam beli giling kupas wortel. cuci bersih serut parut tipis cuci bersih daun bawang iris tipis. masuk parut wortel iris daun bawang adon bakso ayam. aduk. siap kulit dinsum bungkus tutup lupat rapi laku adon habis. kukus menit matang. angkat dingin. frozen food ya ngak foto cantik hasil malam. pagi tinggal piring
homemade cheese chicken luncheon	gram fillet dada ayam kulit beku, gram fillet paha ayam kulit beku, gram maizena rose brand, gram putih telur, gram bawang putih bubuk, gram bawang bombay cincang halus, kecap asin, kecap ikan, gram angkak powder, gram gula pasir rose brand, sachet halawa kaldu ayam, dried oregano, gochugaru halus, classic dry rub, gram margarine rose brand, merica bubuk, gram keju cheddar potong kotak, gram keju parmesan parut, himsalt	siap bahanbahan chicken launcheon rendam fillet ayam air garam maizena menit cuci bersih ayam air alir. tiris masuk fillet ayam freezer minimal menit jam. potongpotong. masuk potong ayam wadah chopper. halus tambah bawang bombay cincang. gochugaru halus. classic dry rub. baput bubuk oregano. halus campur tambah angkak bubuk. merica bubuk. halawa kecap asin. tambah kecap ikan. putih telur. margarin. himsalt. gulpas keju parmesan parut blender bahan campur. masuk maizena. proses campur pindah adon wadah. potong keju cheddar. aduk tuang adon pinggan tahan panas yg alas baking paper. rata. kukus launcheon kukusandandang yg panas kukus menit tanak. matang keluar dr kukus biar suhu ruang dinginset potongpotong luncheon sesuai selera cheese chicken luncheon olah jd menu goreng sebentar margarine butter udah enak banget
homemade chicken pepperoni	gram dada ayam giling fillet, gram paha ayam giling fillet, gram ukur putih telur, gram garam, gram gula pasir rose brand, gram tepung tapioka, mililiter minyak goreng rose brand, sendok teh sedap asatu rose brand kaldu bubuk sendok teh gram, sendok teh cabe kering kasar chilli flake, sendok teh red paprika powder, sendok teh black papper powder, sendok teh garlic powder, swndok teh angkak powder, sendok teh smoked powder, sendok teh oregano optional, plastik wrapbaking paper	note makan daging butuh kenyal simpan ayam freezerjam. kenyal lemak ayam ayam paha siap bahan masuk bahan wadah. campur bahan aduk siap plastik wrapbaking paperdaun pisang. tata panjang pepes lontong rapi. gulung rapat. rapi ujung panas kukus. kukus menit sesuai panas kukus. kurang kelembaban awet simpan. matang angkat dingin suhu ruang kupas kemas oven menit suhu c oven tangkring api. panas menit. sesuai tingkat matang keluar oven. diam suhu ruang taruh freezer taruh wadah tutup kedap udara langsung masak iris tipis papperoninya olah pizza. isi roti. tumis lainlain selamat coba. salam koki dapur rumah
beef chicken pepperoni	fillet dada ayam, daging sapi giling, putih telur dr telur, garam, gula pasir rose brand, kaldu bubuk, cabe kering kasar, tepung tapioka rose brand, minyak goreng rose brand, red paprika powder, black pepper powder, garlic powder, angkak powder, smoked powder, oregano optional, daun pisang baking paper plastik tahan panas bungkus	siap bahan bumbu daging segar wajib masuk freezer jam hasil kenyal adon tdk lembek pakai daging sapi giling fillet ayam frozen yg cair chopper fillet ayam halus sisih. wadah masuk duo daging giling. garam. gula pasir rose brand. kaldu bubuk. cabe kering seasoning red paprika powder. black pepper powder. garlic powder. angkak powder. smoked powder. oregano aduk. tambah putih telur aduk masuk tepung tapioka rose brand minyak goreng rose brand. aduk. tes goreng adon. adon siap plastik wrapbaking paperdaun pisang. tata adon panjang rapihkan gulung bentuk tabung. ikat semat pelintir ujung nya. panas kukus. kukus menit api. matang. angkat biar dingin. buka kemas oven menit suhu c kurang kelembaban biar awet simpan. iris tipis pepperoni jadi stock olah pizza. isi burger. nasi goreng dll
luncheon ayam	paha ayam fillet masuk frezer min jam, putih telur, bawang bombay, bawang putih, gula pasir rose brand, angkak bubuk, garam, lada bubuk, kecap asin, kecap ikan, minyak goreng rose brand, tepung maizena rose brand	halus bawang putih bawang bombay. masuk daging ayam. putih telur bumbu halus chopper tambah gula pasir rose brand. angkak. garam lada masuk kecap asin kecap ikan chopper bahan halus. masuk tepung maizena rose brand minyak goreng rose brand aduk rata koreksi masak teflon. tuang adon loyang oles minyak goreng rose brand. panas kukus. masak adon menit. biar suhu ruang set. potong sesuai selera
opor ayam ala bobo	ekor ayam kampung, bawang merah, bawang putih, kemiri, cabai merah beaar, jahe, lengkuas, kunyit, ketumbar, serai, daun jeruk, santan, gula, sedap garam	halus bw merah. bw putih. ketumbar. jahe. cabai merah kunyit. panas minyak tumis bumbu halus masuk serai. lengkuas daun jeruk masak bumbu matang. masuk ayam aduk sebentar masuk air biar didih. masuk bumbu tutup biar ayam empuk. empuk masuk santan masak sebentar saji
homemade chicken pepperoni	ayam dada, putih telor, garam, merica, gula rose brand, kaldu bubuk, bawang putih cincang halus, tapioka, minyak, angkak tumbuk halus, oregano	siap bahan ayam beku potong simpan kulkas choppernya menit bumbu angkak halus chopper adon kecuali minyak tepung tapioka. ayam yg sdh campur tepung minyak aduk bungkus plastik wrap tekan padat kukus menitangkat dingin lepas bungkus. panggang pepperoni yg sdh kukus menit cpepperoni matang padat. potong potong pepperoni tipis pizza yg tebal topping nasi goreng hongkonglezat
homemade chicken bratwurst	gram fillet paha ayam, gram lemak ayam, gram es batu air es, gram putih telur, gram baking powder double acting gram baking powder, gram tepung tapioka rose brand, gram gula pasir rose brand, kaldu bubuk, gram garam, smoked powder, garlic powder, onion powder, angkak powder, , bumbu bradwurst, parsley kering optional, pcs solongsong collagen diameter, mm, gulung benang wol warna putih benang jahit warna putih lap	chopper masuk ayam. lemak ayam es batu halus. tambah putih telur. halus masuk bahan. kecuali tapioka baking powder. mix campur. tambah tapioka rose brand baking powder. mix masuk plastik segitiga potong ujung. potong selongsong sosis masuk ujung plastik segitiga potong dalam lubang selongsong tekan adon perlahan. rongga isi angin isi. selongsong otomatis panjang selesai. uruttekan sosis rata adon tebal. sesuai selera ikat benang tusuk sosis yg sdh ikat jarum keluar gelembung udara dalam sosis. panas air buih. didih. c panas rebus. sosis rawan pecah air panas. masuk sosis. otomatis kembang rebus menit tekan sosis. kenyal tanda matang pindah wadah isi air es lambat proses pematang sosis bantu selongsong tempel sosis dingin. angkat tiris. oven panas oven suhu c menit sesuai oven tuju kulit sosis satu. set tahan oven. masuk sosis wadah buka simpan chiller jam gunting lepas tali sosis sosis bopeng. gelembung udara sosis. isi tekan sosis. sosis olah simpan sosis wadah tutup. chiller tahan freezer tahan
ayam santan ricarica	ekor ayam, potong sesuai selera, buah jeruk nipis, bumbu halus, buah cabe sesuai selera, buah bawang merah, buah bawang putih, kemiri bakar, ruas kunyit, ruas jahe, bahan tambah, buah kentang, kupas, potong kotak, batang serai, memar, potong daun pandan, lada, ketumbar, sachet santan instan, sckpnya air, sckpnya garam, sckpnya sedap, sckpnya gula opsional, minyak goreng, sckpnya bawang goreng	cuci ayam. marinasi sedkit garam peras jeruk nipis menit bilas ayam rebus menit. angkat tiris sisih. panas minyak wajan tumis bumbu halus. serai daun pandan wangi ubah warna. masuk kentang. aduk tambah air kentang rendam masak kentang matang tutup. tambah ayam yg rebus aduk tambah air kering. tambah gula. garam. sedap. ketumbar. santan lada aduk masak ayam kentang matang koreksi. angkat saji tabur bawang goreng
dimsum ayam udang sayur	ayam fillet, udang kupas, wortel, labu siam, putih telur, bawang putih, minyak wijen, garam selera, gula pasir selera, kaldu bubuk, lada bubuk, tapioka, tangkai daun bawang iris, pcs kulit dimsum pakai, mangkuk chilli oil	siap bahan. chopper bahan kecuali sayur tepung tapioka. keluar bahan chopper. tambah wortel labu siam parut aduk. ambil kulit dimsum. isi bentuk rapi. kukus menit. angkat. saji chillli oil
ayam masak kicik	ayam, ruas lengkuas, batam serai, lembar daun salam, lembar daun jeruk, kecap manis, air, santan kental pakai santai instan, lada bubuk, gula, garam, sedap sesuai, bawang merah, bawang putih, buah kemiri, ruas jahe, ruas kunyit, ketumbar, buah cabe rawit optional, resep asli	tumis bumbu halus wangi. tambakan lengkuas. daun salam. daun jeruk. serai masuk ayam. tambah air. masuk kecap. gula. garam. lada. masak air susut koreksi hidang
ayam koto gadang	ayam, liter air kelapa sy hidrococo, ruas lengkuas, keping asam kandis, batang serai, lembar daun kunyit sy skip, lembar daun salam, lembar daun jeruk, garam, sedap sesuai, cabe hijau, buah cabe rawit, kunyit, jahe, bawang putih, bawang merah, biji pala, ketumbar, buah kemiri	halus bumbu. tumis bumbu tambah lengkuas. serai. daun salam. daun jeruk. daun kunyit. masuk ayam. tambah air kelapa tambah gula garam sedap tambah asam kandis. masak air susut. koreksi hidang
ayam jahe	ekor ayam kampung uk, ruas jahe iris tipis, minyak wijen, saus tiram, kecap asin, kecap manis, gula pasir, bumbu pekakngohiong, garam, lada bubuk, batang daun bawang, bawang putih geprek, maizena larut air	sih ayam potong marinasi ayam bumbu rendam jam. tumis bawang putih wangi masuk ayam. aduk ayam ubah warna masuk daun bawang air maizena tambah air. masak ayam empuk air susut koreksi
siomay ayam sawi putih dimsum ayam	paha ayam giling, garam, gula pasir, kaldu jamur, merica bubuk, saus tiram, tapioka, baput frozen, wortel serut ada, genggam chickpeas rebus, lembar daun sawi ukur, wortel serut topping siomay	rebus daun sawi lunak sebentar tiris belah daun. campur bahan siomay. chopper campur. adon siomay. ambil daun. leta adon siomay. nya gantung selera ya kalo siomay gendut cantik gulung ujung daun. leta gulung siomay kukus. kukus sebentar menit. siomay matang malas pakai daun sawi. pakai nori langsung kukus foto. saji siomay. saus sambal makan nikmat
sayur bening ayam suwir	ikat bayam, timun, jagung manis pipil, ayam suwir, garam bumbu kaldu, air	sih siang bayam. iris timun. siap jagung manis pipil. siap ayam rebus suwir. iris bawang merah cabe merah geprek bawang putih. goreng geprekan bawang putih wangi masuk ayam suwir aduk. air garam biar didih. didih masuk bumbu kaldu. jagung susul bayam. bayam matang masuk timun cabe merah. tes masuk iris bawang merah aduk sebentar mati kompor. hidang
homemade chicken louncheon	paha ayam filet, putih telur, bawang putih halus, bawang bombay halus, angkak powder, merica bubuk, garam, kecap asin, kecap ikan, kaldu jamur micin, gula pasir rose brand, minyak rose brand, maizena rose brand, mentega minyak goreng	siap bahan. ayam segar wajib masuk freezer minimal jam hasil kenyal adon tdk lembek masuk bahan kecuali maizena minyak goreng. giling halus note bawang bombai bawang putih halus hasil padat rongga. haus masuk minyak goreng maizena halus. pasti adon benarbenar halus. tekstur video. ambil pan sebentar koreksi. rasa pas tuang loyangmangkuk tahan panas oles minyak alas baking papper dasar padat tekan sencok spatula. panas kukus. sdh didih masuk luncheon kukus menit angkat keluar dr cetak. biar suhu ruangset iris sesuai selera iris. makan langsung dipan minyakmargarin rose brand
homemade chicken sausage	fillet paha ayam, lemak ayam, putih telur, air eses serut pakai es batu, baking powder double acting, tepung tapioka cap tani gunung, gula pasir rose brand, kaldu bubuk, garam, smoked powder, garlic powder, onion powder ganti buah bawang bombay cincang, angkak powder, bumbu bradwurst, parsley kering, bungkus selongsong sosis pakai uk, mm, gulung benang wol putih potong	siap bahan. daging ayam segar beku cair karna pengaruh tekstur. wajib paha hasil lembut juicy dada ayam hasil padat cenderung keras lemak ayam ambil paha. warna putih letak bawah kulit. masuk ayam. lemak ayam es batu. halus masuk bahan kecuali tapioka baking powder mix campur. masuk tapioka cap tani gunung baking powder campur. masuk adon dalam plastik segi. potong selongsong sosis selongsong colagen aman makan potong ujung plastik segi masuk dalam lubang selongsong tekan adon perlahan rongga isi angin. isi selongsong otomatis panjang selesai uruttekan sosis rata adon. ukur sosis sesuai selera ikat benang wol tusuk sosis yg sdh ikat jarum keluar gelembung udara. panas air buih didih c air panas masuk sosis otomatis kembang. rebus menit api angkat dalam wadah isi air es lambat proses pematang sosis bantu selongsong tempel sosis sdh dingin angkat tiris. panas oven dgn suhu c panggang oven mnt bolak balikcukup hangat panas tuju biar kulit sosis satu. set pasti awet tahan guting lepas tali sosis. sosis yg bopeng brarti gelembung udara dalam sosis mengisimenekan sosis sosis olah simpan ciller tahan hr. dalam freezer tahan bln
h perkedel ayam sayur kukus month	gram kuntum brokoli, gram buncis, potong, gram kentang, potong, kukus, halus, gram daging ayam giling, telur puyuh, bawang putih ukur, cincang halus, jari telunjuk daun bawang, iris tipis	campur aduk kentang. daging ayam. telur puyuh. bawang putih daun bawang bentuk sesuai selera potong masak teflon minyak matang. kukus brokoli buncis menit
ayam lada hitam	g daging ayam tulang, buah bawang bombay, bawang putih, buah cabai rawit, buah cabai merah, minyak, tepung maizena, lada bubuk, garam, saus tiram, kecap manis, saus tomat, bungkus saori lada hitam	marinasi ayam tepung maizena. garam. lada menit. iris bawang bombay cabai. cincang bawang putih. goreng ayam matang. tiris. tumis bawang bombay. bawang putih. cabai harum. masuk ayam. tambah saus. aduk cicip. saji ayam lada hitam selagi hangat
paha ayam panggang madu mustard	potong paha ayam, buah wortel, buah kentang, buah bawang bombay, bawang putih, parsley, lada hitam, garam, butter, madu, mustard, saus sambal, kecap asin	cuci kering paha ayam. lumur lada hitam garam. panas butter. panggang paha ayam matang. angkat sisih. tumis bawang bombay sisa butter layu. masuk wortel. tumis sebentar. tambah kentang. masak empuk masuk bawang putih cincang parsley. aduk. masak menit. pindah tumis wadah tahan panas. letak paha ayam atas. wajan. masak madu. mustard. saus sambal. kecap asin kental. tuang saus paha ayam. oven suhu c menit. saji hangat
chicken katsu curry	g dada ayam, buah ukur kentang, buah wortel, blok bumbu kari jepang blok sasa, g tepung terigu, g tepung roti, telur, buah bawang bombai, minyak goreng, air, garam, kaldu ayam, bawang putih bubuk, merica bubuk, pala bubuk, bawang merah bubuk	potong dada ayam tebal. bumbu bumbu marinasi. marinasi ayam jam dalam kulkas. jam. keluar ayam. balur ayam tepung terigu. celup telur. lapis tepung roti. goreng ayam minyak panas kuning emas. tiris. rebus kentang wortel menit. kupas potong kentang. wortel. bawang bombay. tumis bawang bombay harum. masuk kentang wortel. aduk. masuk bumbu kari blok sasa. aduk larut kental. tambah air. masak sayur empuk. saji ayam katsu nasi. siram kari sayur
ayam saus tiram	ayam fillet, garam, bungkus lada, bombay, bawang putih, wortel, cabe rawit, cabe, mentega, saus tiram, sd, kecap manis, kecap asin, tepung meizena, gula, kaldu jamur sedap ayam, air	marinasi ayam. garam. lada menit. siap wadah masuk saus tiram. kecap manis. kecap asin. tepung meizena. gula. kaldu jamur. air campur larut. tumis bambay bawang putih mentega. masuk ayam masak matang. aduk matang rata. masuk wortel cabai. masuk bahan saus yg campur. masak matang saus kental. lupa koreksi. saji
ayam cabe garam	dada ayam fillet, tepung bumbu serbaguna, bawang merah amp putih, cabai rawit, cabai merah, iris daun jeruk, garam, lada bubuk, totole	potong dadu kecilkecil sesuai selera. bumbuimarinasi lada hitam. garam marinasi menit. siap tepung basah tepung kering. potong duo bawang kecilkecil panas cabai daun jeruk. panas minyak tumis bumbu siap. ayam balur tepung goreng. masuk bumbu tum. bumbu lada hitam. garam totole. cicip violaaaa banget lauk bekal anak ala bento
potato tart with mushroom celery chicken isi mozzarella jamur	kentang kukus, garam amp lada hitam, ayam cincang, jamur champignon, celery seledri stick, bawang bombay, cabe merah hijau paprika, garam lada hitam, saus tomat, margarin, mozzarella	tumbuk halus kentang kukus. tabur dg garam lada hitam aduk ambil bulat adon tekan rata dasar pinggir cetak tart foil tusuk garpu oles margarin. panggang oven suhu c menit isi tumis dg margarin. bawang bombay yg potong. iris jamur layu. potong seledri stick. masuk ayam cincang. tumis smp ubah warna. garam lada hitam. saus tomat aduk. masuk potong cabe merah hijau paprika. angkat sisih. kulit tart matang. oles saus tomat. masuk mozarella. isi dg isi sayur ayam td. topping lg dg mozzarella panggang lg menit. selesai. potato tart with mushroom celery chicken mozzarella saji hangat
homemade chicken luncheon	paha ayam fillet, putih telur, bawang putih halus, bawang bombay halus, , angkak powder skip, lada bubuk, garam, kecap asin, kecap ikan skip, kaldu bubuk, gula pasir, minyak goreng, tepung maizena	cooper fillet ayamseerri sensasi kriyuk kres gitu nggak cooper bahan ya fillet halusnah campur bahan kecuali minyak maizenaaduk ratabaru tambah minyak maizena. aduk campur rata cetak wadahkukus kurleb menit. matang angkat. keluar wadah tunggu uap hilang ya. potong potong dechkalau langsung nikmat goreng minyak ya teflon cokelat enak banget lho makan langsung saji roti sayur ala burger gitu yaslamat coba
gulai korma ayam khas mang	dada ayam fillet, air, kentang potong sesuai selera, santan rose brand, garam, kaldu jamur, jempol asam jawa larut air, minyak utk tum, serai geprek, lembar daun jeruk, ketumbar, jinten, adas, kapulaga, cengkeh, batang kayu manis, btr bawang putih sy skip, btr bawang merah, jahe, lengkuas, btr kemiri	siap bahan. masuk bahan bumbu halus jar blender. halus. panas minyak. masuk bumbu halus. serai. daun jeruk daging ayam fillet tumis sebentar ubah warna. masuk air. kentang santan aduk. masuk garam. kaldu jamur air asam jawa aduk masak kuah kental kentang empuk tes. gulai korma ayam khas mang saji
ayam pop khas sumatera barat	paha ayam potong, bawang putih, lembar daun salam, lembar daun jeruk, buang tulang tengah, batang sereh ukur, geprek, jahe, irisiris, santan, air kelapa, air, garam, kaldu bubuk, merica bubuk, bawang merah, bawang putih, buah tomat merah, buah cabai keriting, buah cabai rawit, gula pasir, kaldu jamur, air ungkepan ayam, tepung terigu pro, minyak goreng, daun singkong, rebus skip, buah timun skip	halus bawang putih air benarbenar halus. iris jahe geprek sereh siap panci. masuk ayam. bawang putih halus. air. tambah air kelapa. jahe iris. sereh geprek. daun salam. daun jeruk. santan tambah garam. kaldu jamur. merica aduk. masak api menit tutup angkat mati kompor. biar ayam panci sebentar ambil air ungkepan ayam saring. tambah tepung terigu aduk. masuk bahanbahan sambal potong gelas blender. air. gula pasir. kaldu jamur halus benarbenar halus siap wajan. panas minyak masuk bahan sambal blender masak wangi tambah air ungkepan ayam pop yg campur tepung terigu. masuk tumis sambal. masak benarbenar matang koreksi. saring tekstur kental halus persis rm padang. tiris ayam matang siram air ungkepan ayam pop ayam pop saji sambal lengkap enjoyy
serundeng kelapa ayam	buah kelapa muda parut, daging ayam tulang, air, minyak goreng, bawang putih, bawang merah, sendok teh ketumbar, sendok teh jinten, mata asam jawa, ruas lengkuas parut, kunyit, lembar daun salam, lembar daun jeruk, batang sereh, gula merah, garam, sedap	siap alat bahan daging ayam cuci potong ukur bumbu duo bawang. ketumbar. jinten. kunyit. asam jawa halus diuleg sereh digeprek. lengkuas parut. wajan. bumbu halus i tumis harum tambah air bumbu cemplung daun salam. daun jeruk. sereh. garam. gula. sedap didih masuk daging ayam iaduk aduk campur bumbu masak daging ayam empuk. daging ayam empuk masuk kelapa parut aduk. tes api cenderung masak aduk gosong masak air susut. air susut. daging ayam ambil pisah parut kelapa kelapa parut masak aduk kering warna cokelat api cenderung. daging ayam pisah goreng kuning cokelat kering goreng daging ayam keras selesai goreng tiris minyak tetes. masuk daging ayam goreng serundeng kelapa aduk selesai. saji teman makan nasi hangat
ayam serundeng	potong ayam, kelapa parut, bawang putih, ketumbar, lada, air, garam, vetsin, sedap	siap bahan. bumbu ulek rebus sama. masuk bahan lengkap. siap minyak. goreng ayam serta kelapa parut matang angkat tiris
homemade chicken pepperoni	ayam fillet, putih telur, tapioka tani rose brand, minyak goreng, angkak bubuk, garlic powder, smoked powder, black pepper powder, red paprika powder sy skip, garam, gula pasir rose brand, kaldu bubuk, cabe kering kasar sy skip, oregano sy skip, plastic wrapbaking paper	siap bahan masuk ayam chopper. tambah bahan bumbu putih telur blend masuk tepung tapioka minyak aduk. siap plastic wrap. letak adon panjang atas rata rapat plastic bentuk bulat panas kukus kukus menit angkat dingin. lepas plastic wrap oven suhu c menit lupa balik biar rata kering saji topping pizza. isi sandwich. burger. dll. jadi frozen food. iris sesuai selera masuk freezer
sosis ayam simple	filet ayam plus lemak ayam, putih telor ukur, kotak cube es batu, garam, seasoning, garlic powder, onion powder, smoked powder	giling ayam lemak masuk bahanbahan blen campur. campur masuk adon piping bag tuang cetak. panas dandang kukus menit matang biar dingin keluar cetak. texturenya bagus jg enak banget loh yuk cobain
aremarem ayam suwir	dada ayam fillet, cabai rawit merah, cabai keriting merah, bawang merah, bawang putih, garam, sedap, gula pasir, kelapa parut sangrai, beras, air santan, garam, lembar daun salam, batang serai, telur, tepung terigu, air, garam, minyak, daun pisang, tusuk gigi	rebus ayam suwir suwir pakai mixer tumis bumbu halus harum masuk sosis ayam seosening cek biar kering. masuk kelapa parut sangrai aduk biar rata sisih. masak nasi susah cuci bersih santan salam serai garam air susut. wadah campur tepung air aduk masuk telur. garam minyak goreng aduk kilap. cetak atas teflon ukcm. siap lembar telur dadar nasi isi ayam suwir gulung gulung sushi. lalu selesai kukus matang kurlen menit. aremarem ayam suwir saji
chicken luncheon vegetable	gram dada ayam fillet, buah wortel, gram buncis, batang daun bawang, telur putih foto, akhir adon padat, bawang putih, bawang merah, buah bawang bombay, sachet bubuk, micin asatu rose brand, garam, kecap asin, gula rose brand, minyak goreng rose brand, gram maizena rose brand	siap bahan. potongpotong fillet ayam mudah halus. siang bumbu sayur. cuci bersih. iris duo bawang. daun bawang. wortel buncis mudah halus. siap putih telur nya. masuk dalam blender pakai blender ya chopper rusak kecuali minyak maizena. halus masuk minyak maizena aduk. koreksi pas masuk dalam cetak aluminium alas kertas roti kukus matang matang keluar kukus biar dingin menit. keluar cetak. potong sesuai selera. goreng margarin rose brand cokelat. alhamdulillah chicken luncheon vegetable selesai selamat coba
cireng ayam suwir	tepung tapioka, tepung terigu, air, buah bawang putih, sft kaldu bubuk, dada ayam fillet rebus, buah sosis potong dadu, cabai rawit, cabai keriting, bawang merah, bawang putih, ruas jari kencur, ruas jari jahe, lembar daun jeruk, garam, sedap, gula pasir	rebus ayam daun salam serai empuk suwir ayam pakai mixer tumis bumbu halus wangi tanak masuk sosis ayam seosening cek. rasa pas tumis kering sisih. kulit. wadah campur tepung. panci masak air bawang seosening mendrih tuany wadah tepung ulen pulung. timbang masingmasing pipih isi ayam suwir lipat bentuk pastel. panas minyak minyak bener panas masuk cireng aduk ledak
ayam suwir bumbu lodeh tuban pedas	dada ayam, bumbu lodeh tuban, kaldu ayam, sachet masako, garam	rebus dada ayam air dada ayam tenggelam masuk garam rebus matang angkat ulek cobek ayam gepeng suwir. tumis bumbu lodeh kesat. masuk kaldu ayam bekas rebus aduk bumbu lodeh larut kesat masuk ayam suwir aduk aduk kesat mati kompor ayam suwir bumbu lodeh tuban pedas saji
opor ayam ala chef rudy	daging ayam, potong, cuci bersih, sachet bumbu des ku marinasi, air, btng serai, geprek, jahe, geprek, lengkuas, geprek, lmbr daun jeruk, buang tulang daun tengah, lmbr daun salam, bawang merah, bawang putih, kemiri sangrai, minyak goreng, air, santan bks santan instant air, garam, gula pasir, lada bubuk, bawang merah goreng utk tabur	campur ayam dgn bumbu marinasi air. diam menit. tumis bumbu halus harum matang. tambah daun jeruk. daun salam. jahe. serai lengkuas. masuk ayam yg sdh dimarinasi. aduk masak ayam ubah warna tuang air. masak ayam empuk menit. tuang santan. bumbu garam. gula. lada bubuk. aduk didih. koreksi masak lg menit. angkat saji dgn tabur bawang merah goreng
chicken katsu homemade	dada ayam filet timbang, bawang putih, ruas jahe, merica bubuk, minyak wijen, kecap asin, garam, tepung bumbu, tepung terigu, tepung panir balur	potong ayam tipis. tebal. marinasi ayam bawang putih jahe halus. minyak wijen. kecap asin. merica bubuk garam menit simpan kulkas. tambah tepung bumbu tepung terigu campur ayam air encer. balur tepung panir. chicken katsu langsung goreng simpan freezer stock
homemade chicken bratwurst sosis	gram fillet paha ayam, gram lemak ayam, gram putih telur, baking powder double action, gram tepung tapiokan rose brand, gram gula pasir rose brand, sendok teh sedap asatu rose brand, gram garam, sendok makan smoked powder, sendok teh garlic powder, sendok teh onion, sendok teh angkak powder, , sendok teh bumbu bradwurst, sendok teh parsley bubuk optional, cetak sosis pakai, pcs selongsong, mm cetak simpan, catat, gulung benang wol warna putih potong uk pakai	siap bahan. sih daging daging ayam beku cair pengaruh tekstur paha hasil lembut juicy dada ayam cenderung padat keras lemak ayam ambil bagi paha. warna putih letak bawah kulit masuk bahan chopper giling bumbu phillip. sya halus daging es note beli daging ayam giling pakai air es. diblend daging taruh wadah mangkuk masuk bahan bumbu. aduk betulbetul. masuk plastik piping bag oles cetak minyak goreng. gunting ujung piping bag. semprot adon cetak tekan madat adon. tutup cetak panas kukus didih pinggir mering air panas kukus adon api. menit sesuai panas api masingmasing note api. air didih masuk adon cetak. angkat lepas sosis cetak. laku adon habis siap wadah saji saji langsung olah sesuai selera simpan freezer selamat coba. salam koki dapur rumah
ayam goreng serundeng sat set posbar	ayam paha sayap, kelapa parut, batang sereh, geprek, sachet bumbu marinasi, sachet bawang putih bubuk, sachet lada bubuk, gula pasir, air	siap bahan. campur bahan. aduk. siap kukus alas daun pisang. masuk ayam kukus kurleb menit matang. biar dingin. goreng matang kuning cokelat. angkat. saji sambal nasi panas ga keburu bikin sambal nya
ayam goreng kelapa serundeng	ayam, kelapa parut, bumbu dasar putih, kunyit bubuk, lada bubuk, ketumbar bubuk, kemiri bubuk, garam gula sedap, air, tepung maizena	siap bahan. campur bahan. aduk. diam menit. biar bumbu resap. kukus matang. angkat goreng. saji sambal favorit
ayam goreng oseng bawang	ayam, bawang merah utuh, buah cabe rawit suka pedas sesuai, tangkai daun bawang, garam, jumput gula optional, kaldu bubuk, lada, minyak	potong ayam sesuai selera. cuci bersih. marinasi garam. lada kaldu bubuk. kupas bawang merah. bawang ukur potong bawang potong. iris tebal daun bawang potong cabe rawit merah. siap wajan panas minyak. masuk ayam minyak panas goreng matang. tiris ayam matang. siap wajan minyak. masuk bawang. cabe rawit daun bawang minyak panas. oseng matang. masuk ayam. tambah garam. gula. kaldu bubuk lada. bahan matang. masuk daun bawang. makan saji
sandwich chicken luncheon saos bechamel	potong roti, potong homemade chicken luncheon, saos tomat saos sambal, margarin, tepung terigu, keju cheddar parut, susu uht, biji pala bubuk, lada bubuk garam	saos bechamel panas margarin. masuk terigu aduk masuk susu aduk tepung larut. tambah keju seasoning masak kental. panggang roti margarin cokelat. angkat sisih. pan chicken luncheon brownie margarin. angkat sisih. ambil roti. saos bechamel. lapis tomat. chicken luncheon saos tutup roti. saji
soto ayam	ekor ayam potong, , liter air, batang serai, geprek, lembar daun salam, lembar dau jeruk, garam sesuai, kaldu ayam, gula pasir, batang daun bawang, iris, bahan tumis, bawang merah, bawang putih, kemiri, ketumbar bubuk, jahe halus, kunyit halus, lengkuas halus, lada bubuk, bahan lengkap, bihun rebus, batang seledri, iris, perkedel kentang, sambal cabe	didih air. masuk ayam. campur bahan tumis. blender halus. panas minyak. tumis bumbu tumis wangi masuk serai. daun salam daun jeruk. tumis layu. masuk bahan tumis dalam air rebus ayam. tambah garam kaldu. aduk masak resap menit angkat ayam sisih ayam goreng langsung suwir. masuk minyak soto skip. iris daun bawang. masak resap mati api. saji masuk bihun perkedel. tabur ayam. siram kuah soto. tabur seledri. masuk cabe soto ayam santap
ayam suwirgiling utk aneka isi snack	ayam fillet, bks santan instan rose brand, air, garam, gula, lada amp kaldu bubuk, bawang putih, bawang merah, kemiri, ketumbar, daun salam, daun jeruk, buang tulang, ruas jari lengkoas, digeprek, ruas jari jahe digeprek tambah, sereh, digeprek tambah	cuci bersih ayam fillet. rebus sampe empuk suwir ayam klo cepat gak cape blender chopper kasar. ayam gak rebus dl ya. siap bumbu halus bumbu cemplung uleg bahan bumbu halus. sisih. tumis bumbu halus dgn bahan bumbu cemplung sampe harum masuk ayam suwirgilingnya. aduk sampe campur dgn bumbu ayam ubah warna. tuang air santan instan rose brand. aduk garam. gula. lada kaldu bubuk. aduk koreksi ya. klo sdh pas. diam aduk ya sampe air menyusutasat. sdh matang. dingin. ayam suwir gurih utk isi aneka snack spt sosis solo. lemper. cireng roti goreng. kemarin pas sen snack. pake ayam suwir utk isi sosis solo lemper utk pcs sosis solo aja pcs lemper aja
homemade chicken frankfurter	fillet paha ayam mix sapi paha ayam, lemak ayamkulit ayam rebus, tepung tapioka, baking powder double acting, putih telur, air eses serut, , bumbu frankfurter, smoked powder, parsley kering, onion powder, garlic powder, garam, micin, gula, selongsong sosis kolagen uk, mm, benang woll, air es rendam	siap bahan. pasti ayam segar lemak ambil paha giling ayam. lemak. putih telur halus tambah air es. baking powder. tapioka. gula. micin. garam. bumbu aduk. masuk adon plastik segitiga. potong ujung potong selongsong. isi selongsong sosis adon selongsong jd resep. tekan perlahan rongga udara ukur sosis. ikat benang woll tusuk sosis jarum keluar gelembung udara. rebus sosis air c menit kenyal angkat rendam sosis air es. tiris. oven sosis suhu c menit. kala gunting lepas benang. sosis olah simpan tahan hr chiller. bln freezer
h ayam kepal kacang kukus month	gram daging ayam giling, telur puyuh, genggam daun bayam, cincang, bawang putih ukur, cincang halus, bawang merah cincang, kelapa parut, gram kacang, potong	campur aduk bahan kecuali kacang bentuk lonjong. kukus ayam kepal kacang menit
oseng ayam	potong ayam sy diungkep, papan pete, ambil biji, belah, buah tomat, potongpotong, bawang merah, iris, bawang putih, iris, buah bawang bombay, iris, kemiri sy skip, ruas kunyit sy skip, lembar daun jeruk, lembar daun salam, garam, sachet royco sapi sy pakai saus tiram, gula pasir sy skip, buah cabe merah, iris serong, buah cabe hijau, iris serong, minyak goreng, air	rebus ungkep ayam masak potongpotong iris bahanny sisih. panas minyak tum. tumis bahan iris. aduk daun jeruk. daun salam petenya. tumis harum. tambah air masak didih. masuk ayam. aduk sebentar bumbu campur. tambah tomat. garam saus tiram. aduk cek nya tunggu bumbu resap kuah susut. angkat saji
ayam bakar menu anak	ayam potong ukur, lembar daun salam, lembar daun jeruk, bumbu ayam goreng instan, gayung air bersih, santan instan, kecap manis, bawang merah, bawang putih, ruas kunyit, buah kemiri, ketumbar	siap bumbu halus giling halus. wajan tata ayam. masuk daun salam. daun jeruk. bumbu instan ayam goreng bumbu halus. masuk air ungkep menit api wajan tutup. air susut kering buka tutup wajan masuk santan instan aduk. ungkep air sisa. tiris ayam piring biar uap panas hilang. sisa kuah ungkep ayam kecap manis. aduk kuah balur ayam panggang. uap panas ayam hilang. panggang atas teflon api balur bumbu kecap. balik ayam panggang cokelat balur bumbu kecap. balik sisi. panggang bumbu kecap cokelat gosong. matang. tata ayam bakar piring. santap. yummy
ayam semur pedas	sereh, daun jeruk, daun salam, garam, kaldu jamur, gula pasir, kecap, air, ayam yg rebus, bawang merah, bawang putih, kemiri, cabe keriting, cabe rawit	tumis bumbu halus. masuk daun jeruk sereh. daun salam aduk harum. masuk ayam yg rebus aduk. masuk air sedap. kecap tunggu bumbu kental lupa koreksi
homemade chicken luncheon	paha ayam fillet, putih telur, bawang putih, parut halus, bawang bombay cincang halus, buah wortel, parut halus, desa cabe bubuk, lada bubuk, jumput garam, kecap asin, kecap ikan me, saus tiram, kaldu bubuk, gula pasir rose brand, tepung maizena rose brand, minyak goreng	siap bahan. keluar ayam frezzer potong mudah halus. masuk kechopper bumbu. kecuali maizena minyak goreng. halus. masuk minyak goreng maizena. halus rata biar detik siap loyang cetak tahan panas. oles minyak alas dasar baking paper. tuang adon cetak kukus menit. angkat biar dingin. keluar cetak. potong langsung nikmat panggang diteflon margarine simpan wadah tutup simpan kulkas frozen
tongseng ayam	g ayam sayap potong, santan instan, daun salam, batang serai, daun jeruk, air, sesuai selera kecap, , garam, sesuai selera lada bubuk, cabe rawit merah, buah cabe merah iris kalo ulek, kol, tomat, bawang merah, bawang putih, ketumbar, ruas kunyit, ruas jahe	ayam potong. pakai sayap ayam siap bumbu halus. halus bumbu halus tumis bumbu halus. salam. sereh. daun jeruk harum. masuk ayam. masak ubah warna. tambah air. masak didih masuk santan. garam. lada bubuk masak resap kirakira menit. jelang angkat. masuk tomat. cabe iris kol masak layu. hidang
ayam pop	potong ayam paha fillet ada, buah wortel skip lg kosong, batang sereh geprek, jari lengkuas, ruas jahe skip, lembar daun jeruk, lembar daun salam, bamer, baput, gula garam sedap, air, santan	tumis bumbu wangi. tambah air. masuk ayam. rebus matang. tambah santan bumbu. koreksi. masak sebentar ayam empuk ayam pop saji nasi
cah sayur asin ayam udang	grm sayur asin, buah kuning, grm ayam fillet, gran udang, baso ikan, bawang putih geprek, saos tiram, garam, sedap, gula, air	cuci bersih sayur asin potong. potong. udang kupas. tumis bawang putih harum. masuk ayam. udang. tumis ubah warna. masuk. tambah air bumbu. koreksi d hidang
ayam petis khas banjarnegara	potong paha ayam, air, santan instan, keping gula merah, kelapa parut, lembar daun salam, lembar daun jeruk, tangkai sereh, ruas jahe, ketumbar bubuk, kunyit bubuk, kemiri, bawang putih, bawang merah, , garam, lontong, sayur lodeh	koya sangrai kelapa parut kering halus minyak. siap bumbu. halus bumbu tumis bumbu aromatik harum tanak. masuk paha ayam. masak ubah warna tambah santan air. masuk gula merah koya. aduk masak kuah resap kental saji lontong sayur lodeh
luncheon ayam	paha ayam fillet freezer jam, putih telur skip kuning, bawang putih halus, buah bawang bombay halus, angkak ganti pala bubuk, merica, garam, kecap asin, kecap ikan, kaldu jamur, gula pasir rose brand, tepung maizena rose brand, minyak goreng	siap bahan. masuk bahan kecuali tepung maizena minyak goreng masuk bumbu halus campur. masuk maizena minyak gorengicip goreng adon. siap wadah anti panas olesin minyak goreng lapis baking papertuang adon padat. panas kukus kukus adon menit. iris luncheon suhu ruang saji lgsg makan panggang margarin stok frozen food mealprep
chicken buttermilk sederhana	g dada ayam fillet, g tepung serbaguna, minyak goreng, bawang putih, lembar daun jeruk, g mentega, susu cair, g keju parut, garam	potong ayam. balur tepung. goreng emas tiris. tumis bawang putih cincang mentega harum masuk potong daun jeruk. masuk susu cair. keju. garam aduk keju larut saus kental. masuk ayam goreng saus. aduk. saji hangat
ayam bakar bumbu kacang ala sunmor jogja	ayam negeri pakai dada, jeruk nipis, garam, bawang merah, bawang putih pake kating, ketumbar bubuk, kecap manis, garam, air panas, kacang tanah sdh goreng halus, cabe merah, gula merah pake keping, santan instan pake sasa santan, serai memar, lengkuas memar, kunyit, jahe, lembar daun salam, lembar daun jeruk, gula pasir	ayam kucur air jeruk nipis garam aduk. diam sebentar menit cuci bersih sisih halus pisah bumbu ayam bawang merah putih halus sendiri cabe merah. jahe. kunyit. ketumbar. tumis bawang merah bawang putih sdh halus harum. masuk bumbu aromatik serai. lengkuas. daun salam daun jeruk wangi tuang bumbu halus cabe merah. jahe. kunyit. ketumbar aduk. masuk air panas kacang halus masak didih. masuk ayam aduk. masuk bumbu gula merah. kecap. garam. gula pasir. santan instan masak kuah ering susut test bakar teflon aroma smokey saji tabur bawang goreng nasi hangat
ikan nila bakar airfryer	ekor ikan nila, sih marinasi dgn bumbu racik ikan, margarin, kecap manis, sambal kecap, cabe rawit merah, cabe rawit hijau, buah tomat merah, buah jeruk limo, bawang merah, gula pasir, garam, kecap manis	siap bahan nya sih ikan nila. dimarinasi dgn bumbu racik ikan iris cabe. bawang tomat tambah gula. garam asa jeruk limo aduk sisih. masuk ikan air fryer masak matang oles margarin kecap manis masak air fryer suhu menit ikan. laku. comot ikan siram kecap potong cabe bawang tomat nya masyaallah nikmat yg kau dusta selamat coba yaa
gurame panggang oven	bawang merah, bawang putih, cabai keriting merah, ruas jahe, ruas kunyit, ketumbar, merica, garam, gula jawa, buah peras air jeruk nipis cuci ikan, kecap manis, saos tiram, sachet kaldu bubuk g, minyak goreng	cuci ikan peras jeruk nipis blender bumbu halus lembut. tambah bumbu tambah campur. marinasi ikan balur bumbu. masuk dingin minimal jam wadah tutup panggang ikan menit alas margarin ikan. panggang menit suhu decel cek matang ikan saji sambal lalap
dor katsu	ekor dor frozen, terigu, telur, susu cair, tepung roti, minyak, goreng	siap bahan potong dor kocok telur susu. campur terigu. masuk dor campur telur tepung roti tekan. panas minyak goreng minyak panas. api stabil kuning cokelat masuk freezer wadah tutup langsung goreng
sambal ikan bakar	potong sisa ikan bakar, bawang merah, buah rawit, terasi bubuk, garam, gula pasir, minyak goreng tum, air bersih	ulek bumbu halus. halus yaa. tumis bumbu halus. tambah terasi bubuk. suir ikan bakar. masuk tumis sambal. air. aduk. masak air susut set. tes hidang
tumis ikan cue keranjang	keranjang ikan cue keranjang isi ikan, cuci bersih, bawang merah, iris, bawang putih, iris, buah cabe rawit, buah cabe ijo, buah tomat, garam, sedap, gula, minyak tum, helai daun salam, potong lengkuas	goreng ikan cue matang cokelat. tiris. tumis bawang bawang. cabe cabe harum. masuk ikan cue. tambah air. tambah sedap gula. masak. tunggu bumbu resap. angkat saji
ikan nila acar kuning	ekor ikan nila, buah timun, buah wortel, buah cabe rawit, buah jeruk nipis, air jeruk nipis, bawang putih, bawang merah, kemiri, ruas kunyit, garam, gula, kaldu bubuk, batang serai digeprek, bawang merah digeprek	sih ikan nila. kucur jeruk nipis garam biar menit. bilas bersih. panas minyak wajan. ikan nila goreng matang kuning cokelat. tiris. kupas timun wortel potong. potong panjang sesuai selera. tumis bumbu harum tambah air. masak didih. masuk ikan nila. masak didih api. tambah garam. gula kaldu bubuk. masuk iris wortel. bawang merah yg digeprek. masak layu. tambah air jeruk nipis. masuk iris timun cabe rawit. aduk pelan pelan. masak didih. koreksi. saji
sayur labu ikan asin jambal roti	gram ikan asin jambal roti, ikat sayur daun labudaun katu, gram labu kuning, santan encer, minyak goreng goreng ikan asin, buah bawang merah, buah bawang putih, buah cabe merah keriting, ruas kunyit, ruas laos, batang sereh, garam, gula bubuk kaldu	sayur bersih. ikan asin jambal roti rendam air garam rendam jam bilas air bersih. bumbu iris labu potong. goreng ikan asin masak bumbu iris panci air santan encer labu. labu lembut masuk sayur. masak sayur layu. masuk ikan asin. lupa garam. gula bubuk kaldu. test. ikan asin tawar lembut
pempek lenjer ikan gabus	ikan gabus giling, putih telur, bawang putih halus, air dingin, gram garam halus, gram sedap, gram tepung tapioka, tepung tapioka balur, air rebus, minyak goreng	mixer ikan giling. air. putih. telur. bawang putih menit. tambah garam sedap mixer menit adon kental jatuh angkat spatula. tambah tepung tapioka. mixer menit. adon. didih air minyak goreng bentuk pempek air didih timbang adon gram siap telenan. lumut telapak tangan tapioka. . rounding adon. giling panjang tekan ujung jari masuk air didih. rebus pempek ambang tanda matang angkat pempek. tiris air dingin. pempek langsung saji goreng potong pempek sesuai selera goreng minyak panas sebentar santap cuko pedas manis
mpekmpek ikan tengiri	ikan tengiri, bawang putih, putih telur, tapioka cap tani, sz masako, garam	cuci bersih ikan. fillet giling ikan bawang putih halus tambah telur. tapioka. garam sedap me bawa giling daging. didih air bentuk adon bulatbulat bakso masak adon apung angkat tiris. cuko sangrai ebi udang kering halus bawang putih cabe rawit halus. rebus gula merah. air didih masuk ebi. cabe halus lupa asam jawa biar didih angkat api saring. goreng mpekmpek kuning cokelat saji cuko iris timun
mangut lele	ekor ukur potong, buah rica kriting, buah cabai merah, bawang putih, jari lengkuas, jari jahe, jari kunyit, lembar daun salam, batang serai memar, lembar daun jeruk, bubuk ketumbar desa, merica bubuk, buah kemiri, buah kelapa hasil santan encer santan kental, garam, masako, sedap	cuci lele bersih air alir. lumur garam jeruk nipis cuci lendir hilang. kasih garam. goreng. buah ukur apa. kelapa ya pakai parut. peras ambil air kental encer santan kara. bumbu dasar ulek halus kecuali daun. tumis minyak goreng harum. rasa harum masuk daun. lele goreng santan encer tutup. tunggu didih masuk garam. masako sedap masuk santan kental diadukaduk pecah. . . . lat coba
iwak karing saluang cacap asam ikan asin seluang	genggam ikan asin seluang, bawang merah, bawang putih, cabe rawit sy ganti sambal korek, pasta asam jawa sesuai selera, gula pasir, garam, sedap, air panas	goreng sebentar ikan saluang tipis. angkat. tiris foto goreng burem. irisiris bawang merah. bawang putih. cabe. masuk wadah. tambah asam jawa. garam. gula. sedap sempet lupa cabe. tambah air panas. aduk rata. diam bawang layu saji masuk ikan cacap
sambal ikan kering teri	ikan teri nasi, bawang merah, buah bawang bombai, potong kasar, bawang putih, cabe rawit, cabe merah keriting, batang sereh, iris tipis, terasi, minyak goreng, gula garam kaldu bubuk	rendam teri air panas alas kertas jam. tiris goreng kering sisih. goreng bawang merah. bawang putih bawang bombai layu sisih. goreng cabe rawit cabe merah keriting layu. sisih. dingin minyak sisa goreng bahan. minyak dingin ambil blender cabe. bawang merah. bawang putih. sereh terasi tumis sambal sisa minyak. tambah gula garam kaldu bubuk. masak matang tanak. lupa koreksi tunggu sambal dingin. sambal dingin. masuk ikan teri goreng. aduk. santap simpan toples. tips sambal awet suhu ruang masak sambal tanakmatang tunggu dingin masuk wadahtoples toples bersih kering milik tutup rapat ambil sambal sendok bersih kering tutup rapat sambal ambil sambal ya butuh
makarel bakar simpel	ikan makarel, sachet bumbu marinasi instan	ikan cuci bersih sayatsayat badan marinasi bumbu marinasi ikan marinasi ikan minimal menit bumbu resap. grill ikan pen sisi matang lupa dibolakbalik semi minyak gosong. saji ikan makarel bakar sambal kecap sesuai sambal suka
sambal tongkol	ekor ikan tongkol, buah terong, potongpotong goreng tambah, bawang merah, bawang putih, buah cabai merah, buah cabai rawit suka pedas tambah cabai, buah tomat ukur, gula, garam, kaldu bubuk, minyak goreng tum	siap ikan tongkol bahan sambal. sih ikan. potong sesuai selera goreng kering. rebus bumbu sambal. halus. tuang wajan lupa bumbu gula. garam. kaldu bubuk masak susut air. minyak. minyak masak matang. lupa koreksi. masuk ikan tongkol me plus terong goreng. selamat coba
sop ikan gurame kuah segar	ekor ikan gurame, buah tomat hijau	sih ikan cuci bersih potong potong sesuai selera peras jeruk nipis biar menit cuci potong potong wortel. iris bawang merah. bawang putih. tomat daun jeruk sereh. langkuas. jahe digeprek siang daun kemangi. tumis bawang putih. bawang merah masuk daun jeruk. langkuas. jahe harum tambah air didih masuk potong ikan gurame masak air kurang masuk cabe rawit merah utuh wortel masak wortel empuk tambah lada bubuk. garam kaldu bubuk jamur. masak koreksi. masuk tomat iris. daun bawang iris kemangi maaf lupa kemangi saji selagi panas segar
asam pedas ikan lele	ikan, bawang merah, bawang putih, kemiri, jahe, lengkuas, cabe, asam matang, cabe keriting, daun jeruk	marinasi ikan goreng sembentar. bumbu halus bawang merah. bawang putih. kemiri. jahe. lengkuas. cabe. cabe keriting. tumis bumbu halus matang masuk air. tambah asam matang. daun jeruk tambah sedap gula. masuk ikan goreng tunggu didih koreksi selesai
ikan nila goreng	ekor ikan nila, jeruk nipis, garam, bubuk kari, bawang putih bubuk	campur bahan marinasi kurleb menit. goreng kuning emas. saji sambal favoritemu selamat coba moms
sambal ikan teri kacang	ons ikan teri nasi, ons kacang tanah, buah cabe merah keriting, buah cabe merah rawit, siang bawang merah, bawang putih, daun jeruk	siap bahan bumbu halus nya cuci halus sisih. cuci ikan teri goreng matang sisih. goreng kacang cokelat maaf kacang gosong iklan si ambil sisih. tumis bumbu halus air masak air susut. garam. gula daun jeruk. susut air masuk teri kacang goreng aduk matang. hidang nasi panas jamin bikin boros nasi maaf keen ya masak aja iklan yg terlihaat gosong selamat coba
ikan bumbu woku	ekor ikan gurame fillet ukur, ikat daun kemangi, tomat merah potong kotak, lembar daun jeruk, batang bawang daun, buah cabai rawit, minyak goreng, air, garam gula merica micin, opsional saus tiram, bawang merah, bawang putih, buah cabe merah, buah cabai rawit, biji kemiri, ruas kunyit, jahe	goreng gurame garing sisih blender halus bumbu air. panas minyak goreng. tumis bumbu harum. masuk air masuk bahan asa koreksi tunggu didih
belanak goreng ala tintin rayner	ikan belanak, bawang putih, ketumbar, kunyit, sesuai selera garam, buah cabai merah, blok terasi kemas, bakar, bawang merah, bawang putih, jeruk limau	sih cuci ikan belanak. lumur bumbu halus diam jam. panas minyak goreng ikan api cokelat matang. sambal terasi ulek. peras jeruk limau saji sambal terasi
sambal ijo ikan asin kapas	ikan asin kapas, garam, gula, kaldu bubuk, air jeruk nipis, buah cabe hijau keriting, buah cabe rawit hijau, buah cabe hijau, bawang merah, bawang putih, minyak goreng	siap bahanbahannya. blender bumbubumbunya halus ya. goreng ikan asin kapas. kering ya keras tiris. siap wajan panas. masuk adon sambal ijo. tambah garam. gula kaldu bubuk masak matang. pindah sambal ijo dalam mangkuk. diam adem adem. campur ikan asin sambal ijo. tambah jeruk nipis aduk plating wadah saji santap nasi hangat krupuk
h bubur tuna wortel buncis month	gram beras, gram fillet tuna, cincang, gram wortel, cincang, gram buncis, iris tipis, air	siap bahan. tumis tuna air ubah warna masuk air. masak didih masuk beras. masak air kurang tengah masuk wortel buncis masak bubur matang sayur empuk. saring bubur ambil bubur yg saring buang ampas yg saring simpan wadah tutup masuk kulkas makan. kukus bubur menit makan. kulkas. catat tambah air makan bubur kental
kotok iwak pe	g ikan pe ikan pari asap, potong serasi, goreng sebentar, g putih, potong serasi, g kacang, potong serasi, g terong, potong panjang serasi, buah cabe hijau, potong serong, buah cabe rawit merah utuh, buah cabe keriting, buah cabe merah, buah bawang merah, bawang putih, desa ketumbar bubuk, desa kunyit bubuk, jintan bubuk, kemiri, goreng, kencur, terasi, goreng, lembar daun jeruk, lembar daun salam, lengkuas, memar, garam, gula pasir, air, minyak goreng	cuci bersih ikan pe potong potong sesuai selera goreng sebentarsisihkan. potong goreng kering. siap terong belah sesuai selera. goreng kemiri angkat sisih. siap cobek masuk bawang merah. bawang putih. cabai. terasi. kemiri. kunyit serrta ketumbar halus. panas minyak tumis bumbu harum tambah daun salam masuk cabai utuh. tuang air aduk masak air didih masuk tambah terong potong. tambah iris ikan pe goreng aduk campur. tes mati api. saji selagi hangat
paprika isi adon ikan dace	paprika pakai paprika, adon ikan dace, minyak goreng, tepung maizena, larut dg air	cuci paprika. potong jd bagianbh. buang biji. sisih. oles paprika dg larut tepung maizena. isi dg adon ikan dace. laku habis. panas minyak goreng. masuk paprika goreng matang. angkat tiris tisu dapur. laku habis. tata piring. saji
tuna rica kemangi	potong ikan tuna, buah jeruk nipis, buah cabai keriting, buah cabai rawit sesuai selera, buah tomat, helai daun jeruk, batang serai, bawang putih, bawang merah, ruas jahe, ruas kunyit, buah kemiri, ikat daun kemangi sesuai selera, garam sesuai selera, gula, sedap jamur, minyak wijen sesuai selera, merica	marinasi ikan tuna campur jeruk nipis garam menit. goreng ikan warna cokelat. tumbuk kasar cabai keriting. cabai rawit. bawang putih garam. tumbuk halus kunyit kemiri. siap tomat yg potong. jahe bersih. iris lengkuas. daun jeruk yg bersih batang. cabainrawit utuh. bawang merah rajang. tumis campur bumbu yg halus api. aduk. masuk bawang merah lengkuas. matang. masuk daun jeruk. jahe. cabai rawit utuh. tomat. matang. masuk air tambah garam. gula. merica. sedap jamur aduk. masuk ikan daun kemangi. aduk daun kemangi layu. mati api. ikan tuna rica rica daun kemangi. saji
balado ikan asin kapas pedas manis	ikan asin kapas, air asam jawa, gula merah, gula pasir, daun jeruk buang tulang daun, air, kaldu bubuk, garam sesuai asin ikan, minyak goreng, cabe merah, cabe merah keriting, bawang putih	rendam dgn air menit cuci x ikan kapas asin tiris utk kurang asin goreng minyak. ikan rendam minyak hasil ikan garing kering. halus bumbu tumis bumbu halus daun jeruk matang wangi tanda bumbu sdh pisah minyak tanda bumbu sdh matang. masuk air asam jawa gula pasir gula merah air garam kaldu bubuk aduk air susut bumbu karamel tes. masuk ikan kapas aduk bumbu campur api. saji balado ikan asin kapas ketupat. sayur godog sambal
oseng pindang tongkol	potong pindang tongkol, papan pete, kupas, bumbu iris, bawang merah, bawang putih, ruas lengkuas, cabe rawit pakai yg hijau, cabe hijau, tomat ijo kecilkecil, bumbu cemplung tambah, daun salam, daun jeruk, air mineral, bumbu seasoning, garam, kecap, saos tiram, gula, kaldu bubuk	cuci ikan tongkol goreng kering sisih beli ikan tongkol pasar potong rapi. siap bumbu iris kupas pete belah. tumis bumbu iris. pete. lengkuas bumbu cemplung layu harum. masuk air bumbu seasoning masuk ikan tonggol masak air susut bumbu resap. tuang dalam piring saji nikmat menu buka puasa saur
tongkol bumbu spaghetti arabian sauce	tongkol saji kemas dlm minyak canola, spaghetti arabian sauce, jamur enoki, bawang merah, bawang putih	siap bahan cincang duo bawang tumis harum matang. tambah arabian sauce. masuk air masak didih masuk tongkol. tambah jamur enoki. masak layu tongkol bumbu spaghetti arabian sauce saji
bakwan ikan teri	gram ikan teri segar, tepung bumbu, tepung beras, air	ikan teri segar cuci bersih. campur bahan. aduk. panas minyak goreng api. goreng bakwan matang. tiris bakwan. bakwan ikan teri hidang
ikan kembung dabudabu	ikan kembung, saset racik ikan goreng, bawang merah, batang serai, lembar daun jeruk, buah cabe rawit merah, garam, minyak goreng panas, buah jeruk purut	siap bumbubumbu iris tipis masuk mangkok. tambah garam siram minyak panas. goreng ikan marinasi bumbu racik ikan angkat ikan benarbenar matang. letak ikan piring saji. tuang sambal dabudabu atas jeruk purut lengkap
bihun goreng tongkol suwir	keping bihun rebus, bawang merah iris, bawang putih iris, minyak, garam, sdr merica bubuk, kaldu bubuk, saus tiram, potong tongkol goreng suwir, daun bawang	siap bihun. tumis duo bawang iris harum. masuk bihun. garam. merica. kaldu bubuk. masuk tongkol suwir aduk masuk daun bawang
pecel lele sambal lamongan	ikan lele, isi ekor, bgk bumbu instant ikan goreng, g cabai rawit, g cabai merah keriting, g tomat, bawang merah, kemiri, gula merah, kacang tanah, potong terasi, garam, gula pasir, jeruk nipis peras sambal, kemangi, timun, selada, kol	lele cuci bersih marinasi bumbu instant. panas wajan tabur tepung lengket wajan goreng goreng kering. angkat tiris. goreng sama cabai. tomat. bamer. kemiri. kacang tanah. terasi goreng iris letup letup goreng. siap cobek tambah gula merah garam uleg lembut tambah minyak goreng peras jeruk nipis. saji lele sambal lalap
pindang tongkol bumbu sarden	pindang tongkol, tomat, blender, cabai merah hijau me skip, bawang putih, bawang merah, jahe, lengkuas, buah bawang bombay, secukupbya garam, gula pasir, merica bubuk, gula merah, saos tiram, saos sambal, saos tomat, kecap manis	goreng ikan sebentar hancur masak. tumis bumbu iris minyak bekas goreng ikan. tumis harum masuk blender tomat tambah bumbu. test. masuk ikan goreng masak air asat sesuai selera. pindang tongkol bumbu sarden saji
lodeh ikan asap	ikan asap, labu, kacang, terong ungu, papan pete, bumbu halus, bawang merah, bawang putih, cabe merah, ebi, kemiri, kunyit, rawit merah, daun jeruk, salam, serai, lengkuas, garam, kaldu, gula sedap, daun bawang	potong labu. kacang halus bumbu tumis matang air daun bawang. tambah ikan. labu terong pete. masuk no kacang. tambah labu. masak bahan matang saji
otakotak ikan tenggiri	gram ikan tenggiri fillet, gram tepung tapioka, putih telur, santan kental, gram es batu, daun bawang iris, bawang merah, bawang putih, garam, kaldu jamur, gula pasir, daun pisang bungkus	chopper masuk ikan tenggiri. es batu bawang merah bawang putih chopper lembut tambah tepung. santan. putih telur. daun bawang yg iris. lupa bumbu garam. kaldu jamur gula pasir chopper bentuk adon. selesai siap daun pisang bersih panas atas kompor tuang adon daun pisang panggang atas teflon sisi matang. selesai matang otak otak ikan saji saus kacang lengkap selamat coba
pempek ikan	ikan tenggiri giling, air, sagu, telur adon, garam sedap, bsa skip jg	campur air ikan giling rata. masuk telur aduk. tambah garam aduk perlahan. tambah sagu aduk rata. tabur sagu tang lengket bentuk. didih air wajanpanci yg minyak lengket. rebus pempek bentuk langsung makan goreng
sei ikan masak kecombrang	gram sei ikan, buah bunga kecombrang rajang, minyak tum, bawang merah, bawang putih, buah cabe keriting merah, buah cabe rawit merah, buah sereh ambil putih, lembar daun jeruk, buah jeruk nipis, garam, kaldu bubuk, terasi matang, gula pasir	siap bahanbahan. rajang bawang merah. bawang putih. cabecabean. sereh daun jeruk sei ikan disuwirsuwir. panas minyak. tumis bumbu layu siap bumbu sedap tambah bumbu sedap bumbu tum aduk. tambah kecombrang tutup sebentar matang. masuk sei ikan suwir aduk kucur air jeruk nipis aduk test koreksi. kemas rantang hantar saji
abon ikan balado	ekor ikan tongkol asap, bawang merah, bawang putih, ruas lengkuas, batang sereh, buah cabe, saos tiram, garam, sedap suka	ikan tongkol suwir halus. sisih. tumis bumbu halus harum. masuk ikan tongkol suwir. aduk kering. dingin
dor krispi penuh gizi	dor fillet, jeruk nipis, st garam, st lada bubuk, bawang putih cutting halus, st kaldu jamur, st lada bubuk, st cabe bubukpaprika bubuk, gelas air es, segitiga biru, tepung beras, st kaldu jamur, st baking powder	potong ikan dor cuci bersih masuk peras jeruk nipis. garam. lada bawang putih simpan chiller menit. siap bahan tepung basah campur bahan masuk dor tepung basah. masuk dor tepung kering siap tepuk tepuk perlahan adon tepung kering tempel rata. goreng dor minyak panas api goreng golden brown. dor krispi nikmat saos sambal suka. mohon saran ya mamah cookpad buntik sayang
telur ikan bumbu bal	ikan mubara dipotongpotong, buah telur rebus, bawang putih, buah kemiri, cabai merah, merica, ruas laos, ruas jahe, garam sedap, kecap, gulmer, air	siap bumbu bal sisih. telur rebus ikan mubara ikan jenis apa sesuai selera cuci bersih goreng. panas minyak goreng tum atas kompor api tum bumbu bal halus harum harum. masuk garam sedap. gulmer gerus. kecap air tutup tunggu didih masuk ikan telur aduk. . . air susut ubah warna diadukaduk gosong. hidang. tips buncan goreng ikan jenis apa atas minyak panas kasih api. minyak tabur tepung terigu ciprat goreng telur tusuktusuk moga kenan resep saji tarik. halus bumbu bal ulek chopper sisih
sambal ikan asin pakkang	ikan asin pakkang, sm sambal botol belibis, sm sambal botol asli abc, st gula, sm minyak goreng	cuci bersih ikan asin pakkang goreng dgn api sp cokelat angkat tiris. masuk minyak goreng alu. api masuk sambal. masak sp didih. masuk gula pasir. aduk. diam sebentar sp gula larut. aduk masak sp buih. aduk sp buih mati api masuk ikan yg goreng. aduk sp rata. selesai saji
ikan mas goreng mentega	ekor ikan mas, buah air jeruk nipis, garam, lada bubuk, penuh margarin, buah bawang bombai iris panjang, bawang putih cincang halus, saos tiram, kecap manis, kecap inggris, batang daun bawang iris kasar, buah cabe merah potong bulat, buah cabe hijau iris bulat, air, lada bubuk, kaldu bubuk, garam, buah jeruk limau	sih ikan potong campur bumbu marinasi aduk diam menit. siap bumbu iris saos nya. panas minyak goreng ikan matang angkat tiris panas margarin. tumis bawang bombai kayu masuk bawang putih cincang tumis wangi masuk campur saos aduk masuk ikan aduk. tambah air seasoning aduk tambah peras jeruk limau aduk cek. tabur iris daun bawang aduk. ikan mas goreng mentega saji nasi hangat lalap
orak arik tongkol	bawang merah iris tipis, bawang putih iris tipis, cabe merah keriting iris tipis, cabe hijau keriting iris tipis, cabe rawit iris tipis, udang kupas kulit, tomat hijau iris tipis, telur, ekor tongkol asin potong dadu, garam, gula pasir, papan petai iris tipis, santan, kaldu bubuk	siap bahan iris bawang. cabe. tomat. petai. ikan asin tongkol. goreng satu bahan. campur tambah santan aduk. masuk telur aduk cek. angkat saji mantap suratap
pepes ikan pindang tempe pedas	keranjang ikan pindangikan cue, papan tempe, bawang merah, bawang putih, buah cabe rawit, buah cabe keriting, kemiri sangrai, ketumbar sangrai pakai ketumbar bubuk, gula pasir ganti msg, garam sesuai selera, buah tomat, buah tomat segar, iris tipis, lembar daun pisang	cuci bersih ikan pindang. sisih. potong dadu tempe. halus bahan bumbu halus campur tomat iris. masuk ikan pindang tempe potong dadu. campur bumbu halus. siap daun pisang lap asap layu mudah sobek. panggang bumbu resap aroma smokynya ya bund oh ya awet ya. selamat coba. kukus menit menit. angkat. pepes ikan pindang saji nasi hangat krupuk
mangut ikan pe	lonjor ikan pe, potongpotong, papan tempe, bawang merah, bawang putih, btr kemiri, kencur, cabe merah, ruas kunyit, ketumbar, cabe rawit sesuai selera, lembar daun salam, lembar daun jeruk, ruas laos geprek, ruas jahe geprek, sachet santan instan kl suka kuah kental pakai sachet, suka santan encer sachet, sesuai selera gula pasir, gula merah, lada, garam	blender bumbu halus gongso harum. rebus ikan pe. air rebus buang bau asap sengat rebus laos. jahe. daun salam daun jeruk air didih. masuk bumbu yg gongso air rebus ikan asap. tambah santan instan. gula merah. gula pasir. lada garam. koreksi masak didih mati api saji tambah bawang goreng biar maknyus
salmon cream soup	salmon frozen, buah kentang, buah wortel, batang daun bawang pre, butter, krim kocok me krim bubuk, dill kering me parsley bubuk, merica, garam, tetes stevia gula pasir, kayumanis bubuk, buah cengkeh, kaldu bubuk ikan me kaldu salmon pura kaldu bubuk	potong iris sayur didih air panas butter. masuk wortel iris daun bawang pre. merica. parsley. tuang air didih tumis wortel. masuk potong kentang bumbu kentang matang. kecil api kompor. masuk potong salmon krim bubuk salmon matang. tes. saji. enak seruput panaspanas
sarden kol abc	kaleng sarden abc, bulat mie kering kuda menjangan, saos tomat abc opsional, air putih, minyak goreng, garam, gula, micinmsg, bawang putih, bawang merah, cabe opsional, iris, kol lembar, opsional	didih air tambah minyak goreng masuk mie kering. rebus menit matang tiris. siap bahan iris bawang merah. bawang putih. cabe. potong kol sesuai. siap wajan bersih tuang minyak goreng. tumis bahan iris kecuali kol harum masuk kol. tumis sebentar layu. tuang kaleng sarden abc wajan aduk sebentar. masuk mie kering kuda menjangan tiris aduk. masuk saos tomat abc. garam. gula. micinmsg air aduk rata jangaan lupa coba sesuai selera didih menit. masakan hidang
ikan asin jambal kuah santan	potong ikan asin jambal, potong putih, batang daun bawang iris serong, santan instan, jumput garam, skip, gula pasir, air, lembar daun salam, ruas lengkuas geprek, minyak goreng, bawang merah, bawang putih, buah cabe merah keriting, buah cabe merah setan, sesuai selera, buah cabe hijau	siap bahan. iris cabe bawang goreng matang rendam ikan asin air didih garam kurang asin menit cuci air alir tiris. potongpotong. panas minyak. tumis ikan asin ubah warna masuk bawang tumis harum masuk iris cabe. tumis layu. tambah air. tambah gula. lengkuas daun salam kuah didih masuk. aduk. masak air kurang. sesuai selera. koreksi. asin tambah garam. tambah santan adukaduk santan pecah didih tambah daun bawang. masak sebentar. mati kompor. ikan asin jambal kuah santan saji
ikan bawal asam manis	ekor ikan bawal, buah tomat, saus tomat, saus cabai, lada bubuk, batang daun bawang, buah bawang bombay, bawang putih, ruas jahe, ruas lengkuas, buah jeruk nipis, garam, tepung maizena, gula halus	siap bahan geprek jahe lengkuas iris tomat. bawang bombay. daun bawang cincang halus bawang putih. goreng ikan bawal tiris. tumis bawang putih. bawang bombay. jahe. lengkuas harum masuk saus tomat. saus cabai. lada. gula garam masuk daun bawang aduk. masuk larut tepung maizena. saji ikan siram saos asam manis
patin masak kuning	patin, buah jeruk nipis, minyak tum, batang sereh geprek, gula, kaldu bubuk, garam, bawang merah, bawang putih, kemiri, ruas jahe, ruas lengkuas, ruas kunyit	sih ikan lumur asa jeruk nipis. diam sebentar bilas. tumis bumbu halus mengunakan api aduk bumbu mateng tanek. tambah air. didih masuk ikan tambah garam. gula sedap. koreksi ikan matang sempurna mati kompor. hidang nasi hangat
bajabu ikan abon ikan versi bugis	biji kelapa parut peras santan liter, ekor daging ikan tongkol yg sdh kukus, bawang merah, bawang putih, ruas jari lengkuas, batang sereh, buah cabe keriting, buah cabe buang biji, bungkus ketumbar bubuk, gula merah, bungkus chicken powder, garam, gula pasir, buah kelapa sangrai halus	halus bumbu bawang merah. bawang putih. lengkuas. sereh. cabe keriting cabe ketumbar. masak santan atas wajan. masuk bumbu halus. halus ikan tongkol chopper. aduk santan didih masuk ikan tongkol. . tambah garam. gula merah jawa. chicken powder. aduk santan ngeset air habis. aduk kering. jam. ngeset masuk kelapa sangrai. aduk campur. tdk yg menggumpalgunakan api api. kering tekstur awet simpan. rasa sdh tekstur yg tdk gumpal pasir kering mati kompor. angkat dingin simpan wadah yg kedap udara
ikan lunjar goreng tepung	ikan lunjar, ketumbar bubuk, ruas jahe, parut, kaldu bubuk, bumbu ngohiong skip, tepung beras, jumput baking powder, kaldu bubuk, lada bubuk	siap bahan. cuci ikan bersih. tiris ikan dimarinasi dg bumbu yg siap. aduk diam sesuai marinasi. dimarinasi balur tepung campur dg bahan tambah. aduk goreng kering goreng kering besok goreng. nikmat sayur urap. nasi jagungnasi anget sambal terasi
ikan dor goreng tepung cabe garam	ikan dor, potong kotak, bawang putih, halus, garam, lada, tepung terigu, tepung maizena, telur, bawang putih, cincang halus, cabe rawit merah, potong, cabe merah keriting, potong, batang daun bawang, iris kasar, batang daun kari, garam, gula kaldu jamur	marinasi ikan bumbu marinasi. aduk. diam jam. masuk telur ikan yg sdh dimarinasi. aduk. campur duo tepung. aduk ambil ikan. taruh tepung cubit. goreng minyak panas golden brown. angkat sisih. panas minyak. tumis bawang putih harum. masuk cabe bumbu duniawi masak cabe layu. tambah ikan. aduk daun kari daun bawang. aduk. koreksi saji
balado tuna	tuna, pot, jeruk nipis, peras jeruk nipis, garam, garam, gula sedap, bawang merah, cabe merah keriting, tomat, lembar daun jeruk	cuci bersih ikan tuna. peras jeruk nipis garam diam menit goreng ikan cokelat. angkat sisih. tumis bumbu halus matang. tambah garam. gula sedap. masuk ikan tuna. aduk. masak ikan matang serap bumbu koreksi angkat saji
ikan cue bumbu balado	ekor ikan cue keranjang, minyak sayur, lembar daun kunyit, sobek, potong asam kandis, batang serai, memar, lembar daun jeruk, lembar daun salam, buah cabe merah, buah cabe merah keriting, buah cabe rawit merah, bawang merah, bawang putih, kunyit, jahe, merica, gula pasir, garam	goreng ikan cue minyak panas kering angkat tiris. panas minyak wajan. tumis bumbu halus asam kandis. daun jeruk. daun kunyit. daun salam aduk didih matang. masuk ikan cue goreng. aduk balut bumbu angkat saji hangat
kembung bakar teflon simple	ekor ikan kembung, jeruk nipis, ketumbar bubuk, garam, bawang putih, saset kecap manis, saset saus sambal	siap bahan. cuci ikan dgn jeruk nipis halus bumbu marinasi ikan bumbu halus menit. campur kecap saus sambal wadah. panas teflon oles minyak panggang ikan atas oles bumbu. bolakbalik oles ulang matang
abon ikan tongkol	ekor ikan tongkol, gram kelapa parut skip, santan instan, batang serai, lembar daun salam, lembar daun jeruk purut, garam, kaldu jamur, gram gula merah, air, minyak tum, bawang merah, bawang putih, kemiri, jahe, kunyit, ketumbar, jumput lada bubuk	kukus ikan tongkol. dingin suwir buang duri. panas minyak tumis bumbu halus harum masuk lengkuas. serai. daun salam. daun jeruk purut tambah air masuk ikan tongkol suwir tambah kelapa parut aduk. masuk santan instan. gula merah. garam. kaldu jamur aduk masak aduk gosong api. abon ikan saji kali abon ikan sanding nasi pulut selamat nikmat
tumis pare ikan asar	buah pare, ekor ikan asar, lembar daun salam, ruas lengkuas, air, garam, kaldu ayam, buah tomat iris, santan instan, minyak tum, bawang merah, bawang putih, buah cabe merah, jahe, kunyit	siap bahanbahan iris pare remas garam. cuci tiris suwir ikan asar. panas minyak tumis bumbu halus harum tambah lengkuas. daun salam. tomat. air. masuk pare ikan asar tambah garam kaldu jamur tambah santan instan aduk masak matang. tumis pare ikan asar saji selamat nikmat
ikan patin asam manis	bahan utama, fillet ikan patin, buah jeruk nipis, minyak goreng, bahan marinasi, ketumbar bubuk, bawang putih bubuk, lada bubuk, garam, bahan lap, tepung bumbu serbaguna air, tepung maizena, bahan saus asam manis, buah bawang bombai, bawang putih, buah wortel potong korek api, margarine, tepung maizena air, saus tomat, saus tiram, cuka, gula pasir, garam, lada bubuk, air	cuci bersih fillet ikan potong potong kucur air jeruk nipis diam menit cuci tiris bumbu marinasi diam jam. tunggu marinasi siap bahan lap. bahan saus asam manis tumis bawang putih bawang bombai harum margarine masuk wortel tumis layu tambah air masuk saus bumbu aduk tes masuk campur tepung maizena kental angkat sisih. masuk fillet ikan adon tepung bumbu basah guling tepung maizena kering laku habis goreng matang kuning. saji tata fillet ikan goreng piring siram saus asam manis hmmm yummy
sewir tongkol pedas	bungkus pindang tongkol, gula, garam, sedap, kecap manis, air, minyak, bawang putih, siang bawang merah, cabe keriting, buah tomat	tongkol sewir. . . goreng sebentar. siap bumbu ulek cabe kepiting. tomat. bawang merah bawang putih ulek halus masuk minyak goreng matang. matang bumbu masuk sewir yg goreng kasih air tunggu matang gula garam masako kecap manis sewir hidang
sayur pedas terong ikan salai	ekor ikan salai iwak pe, cuci bersih, genggam kacang, potong, buah labu siam, kupas, potong kotak, buah terong ungu, potong kotak, buah cabe hijau, potong tebal, lembar daun jeruk, lembar daun salam, bawang merah, bawang putih, genggam cabe merah keriting rawit selera, kemiri sangrai, garam, kaldu jamur bubuk, gula merah gula palm, liter santan, batang daun bawang, iris	tumis bumbu halus minyak matang tambah potong cabe hijau santan. aduk. masuk daun jeruk. daun salam. ikan salai potong terong bumbu garam. gula merah kaldu bubuk. aduk. masuk kacang labu siam. aduk masak bumbu resap koreksi sesuai selera angkat. iris daun bawang saji
ikan kembung asam pedas	ekor ikan kembung, buah jeruk nipis, air, jempol asam jawa air remas buang ampas nya, garam, gula pasir, kaldu bubuk, bawang merah, bawang putih, ruas jahe, kemiri, buah cabe merah keriting, terasi bubuk matang, batang serai keprek, lembar daun jeruk, jempol lengkuas keprek	siap bahan. sih ikan peras air jeruk nipis diam menit. sisih. panas minyak tumis bahan aromatik wangi. masuk bumbu halus tumis bumbu tanak wangi air asam tumis tambah air. masak didih. seasoning aduk masuk ikan. masak ikan matang bumbu resap cek asa asam pedas nya yaa. mati api saji nasi hangat lalap daun selada potong timun lalap
ikan goreng sambal iris bawang merah	ekor ikan kembung goreng, buah jeruk nipis, bawang putih, kunyit, jahe, garam, bawang merah, iris halus, cabe merah keriting, iris tipis, buah cabe rawit hijau, iris kasar, air jeruk nipis, terasi bubuk, garam, gula pasir	siang ikan keratkerat badan ukur lumur ikan bumbu halus sisih sebentar. panas minyak api goreng ikan matang kering angkat tiris ikan. sambal iris bawang merah campur aduk bahan satu diam menit. taruh ikan piring saji. siram sambal iris bawang merah
ikan nila kuah asam pedas	ekor ikan nila, resep asli ikan nila, kemangi, batang serai, geprek, lembar daun salam, buah tomat, potong, , gula pasir, garam, kaldu ayam, air, buah cabai rawit merah, tambah, buah cabai rawit hijau, tambah, air jeruk nipis sesuai, tambah, bumbu halus, bawang merah, bawang putih, buah cabai merah, lada bubuk, kemiri, kunyit, bumbu marinasi, bawang putih ulek halus, resep asli cincang halus, ruas kunyit, ulek halus, garam, , air	siap ikan marinasi jam. goreng kuning cokelat. siap bumbu halus. tumis bumbu halus serai daun salam. masak bumbu harum matang. tambah air didih. masuk ikan nila goreng cabai rawit merah hijau tomat. air jeruk. gula. garam kaldu ayam masak didih. kemangi suka aduk sebentar koreksi angkat. saji
ikan kwee goreng bumbu marinasi	ikan kwee, sih peras jeruk nipis garam, bawang putih, ruas jari kunyit, jempol jahe, garam sedap, sambal kecap	marinasi ikan bumbu marinasi. diam jam malam. panas minyak. goreng matang. saji sambal kecap
dadar telur sarden	kaleng sarden, buang saus sisa, telur, bawang bombay, maizena, minyak goreng foto, bawang putih bubuk, garam, merica bubuk, lembar daun jeruk, rajang	siap bahanbahan rajang bawang bombay daun jeruk sisih. campur tepung maizena bumbubumbu aduk buka sarden buang saus sisa hancur daung ikan sarden halus. campur sarden tepung bumbu. pecah telur aduk bergerindil masuk rajang bawang bombay jeruk nipis aduk. adon campur. panas wajan minyak ambil sendok sayur goreng sisi kering pakai minyak goreng sisa minyak bergelumbung bayak. sisi kering saji
asam padeh lele	gram ikan lele segar, buah jeruk nipis, buah putih skip, air, buah blimbing wuluh, ganti buah tomat hijau, cabe rawit hijau belah, biji asam jawa cair air panas, garam, kaldu jamur, ons cabe merah kriting, bawang merah, bawang putih, ruas jahe, ruas kunyit, lembar daun kunyit, lembar daun jeruk, batang sereh, lengkuas	cuci bersih ikan yg siang lumur air jeruk nipis garam. siap bumbu. cuci bersih. blender bumbu halus jgn lupa air sdikit cepat halus tuang wajan. tambah air. nyala kompor. masak didih masuk bumbu rempah. air asam garam. aduk. tambah lele. masak ubah warna masuk tomat cabe rawit yg dipotongpotong kaldu jamur. masak air susut bumbu resap dlm ikan cek. angkat saji
tumis ikan layur	ekor ikan layur, buah jeruk nipis, garam, pcs cabe rawit merah, pcs cabe merah, pcs cabe hijau, bawang merah, bawang putih, ruas jahe, cabe merah goreng, air, lembar daun salam, garam, kaldu bubuk	sih ikan layur. garam air peras jeruk nipis diam menit bilas. iris bahan tumis. sisih. goreng ikan layur matang. angkat sisih. tumis bawang merah bawang putih harum. masuk iris cabe. iris jahe daun salam aduk. tambah cabe goreng. air. garam. kaldu bubuk. masuk ikan layur aduk masak bumbu resap air susut. tumis ikan layur hidang
ikan kuah kuning	potong ikan tenggiri, buah jeruk nipis, lembar daun salam, lengkuas, geprek, buah cabe rawit merah utuh, sesuai selera, batang sereh, geprek, buah tomat, ikat kemangi, batang daun bawang, iris tipis, air, garam, gula pasir, kaldu jamur, bawang merah, bawang putih, kunyit, jahe, kemiri, buah cabe merah optional	ikan cuci bersih. kucur air jeruk nipis campur garam aduk diam menit cuci bersih. tumis bumbu halus sereh. lengkuas daun salam. harum. masuk ikan daun bawang. aduk. tuang air tunggu air didih masuk garam. gula. sedap. aduk masak ikan matang sempurna. tambah peras air jeruk nipis. cabe rawit. tomat. daun kemangi masak sebentar angkat
mangut tuna asap	ikan asap, bumbu halus, buah cabe merah, buah bawang merah, bawang putih, buah tomat, potong, ketumbar bubuk, lada bubuk, kunyit bubuk, bumbu aromatik, lembar daun salam, batang sereh, lembar daun jeruk, lengkuas, jahe geprek, bumbu, santan kental, air, cabe utuh, garam, gula kaldu	tumis bumbu halus bumbu aromatik harum tambah air masuk ikan asap. tambah tomat santan koreksi masuk cabe utuh. mangut ikan asap saji nasi hangat
pepes kembung	daun pisang, ekor ikan, , ikat daun kemangi, daun salam, bumbu halus, buah bawang merah, bawang putih, kunyit, jahe, kemiri, garam, kaldu bubuk, gula pasir	tumis bumbu halus matang halo amis lembar daun pisang letak ikan bumbu lupa daun salam daun kemangi. ikat ikan tusuk atas kukus menit. saji ikan lauk andal pakai sambal nasi hangat
makarel goreng simpel	makarel, sachet bumbu marinasi instan	sih ikan sayatsayat badan marinasi bumbu minimal menit malam. goreng ikan matang sisi. saji sambal suka
martabak mini abon tongkol	abon ikan ganti corned isi, telur, daun bawang, garam, kaldu bubuk, lembar kulit lumpia	masuk abon. iris iris daun bawang. tambah telur aduk sendok isi. lipat amplop lipat risol. panas api. goreng golden brown
pesmol ikan tenggiri	ikan tenggiri, lumur garam amp peras jeruk nipis, diam menit bilas goreng cokelat tiris, sisih, buah tomat, potong, cabai rawit merah utuh, cangkir air, bawang merah, bawang putih, kemiri, cabai merah keriting, kunyit bubuk, jahe bubuk, ketumbar bubuk, lengkuas bubuk, serai bubuk, daun salam bubuk, daun jeruk bubuk, sedap ajinomoto, garam, gula pasir, lada bubuk	siap bahan. tumis bumbu halus harum masuk bumbu sedap. cabai rawit potong tomat. air. masak air kental. masuk tenggiri goreng. aduk rata. cek angkat. saji nasi hangat enjoy
ikan tuna crispy saus ricarica	ikan tuna putih fillet, batang daun bawang, minyak wijen, kecap asin, lada bubuk, gula pasir, bawang putih bubuk bawang putih, bonggol bawang bombai, cabai merah keriting rawit, buah tomat saus tomat, saus sambal, saus tiram, kecap inggris, merica, air, telur, tepung maizena, tepung terigu, baking powder, garam	potong sesuai selera ikan tuna. cuci bersih siap bumbu marinasi marinasi sebentar menit. kocok lepas telur siap bahan tepung balur aduk campur ikan tuna telur aduk siap minyak panas api. balur ikan tepung pijat perlahan tepung rata krispi goreng emas. siap bumbu ricarica. leleh margarin tumis bawang putih. bawang bombay cabai harum masuk sisa bumbu. aduk tunggu kental. masuk daun bawang ikan tuna crispi aduk saji
sambal picit ikan kembung	ekor ikan kembung, buah terong, bakar, asam jawa, buah jeruk cui opt, cabe rawit, cabe rawit hijau cabe keriting hijau pakai cabe hijau, terasi gorengbakar pakai terasi puger, garam sedap, air, sayur rebus bayam kacang	sih ikan. taruh wajan. tuang air. garam. sedap asam jawa aduk rebus ikan matang. mangkuk piring taruh cabe. terasi. garam picit pencet cabe rebus mentah. tuang air rebus ikan saring. koreksi peras air jeruk limojeruk cuijeruk nipislimau kuit suka asam. bikin versi jeruk pakai jeruk. tata daging ikan rebus. terong bakar sayur saji. siram kuah ikan saji. foto pakai air jeruk cui
lele goreng krispy	lele isi, bungkus bumbu instan marinasi, lt minyak goreng, g tepung serbaguna	cuci bersih lele tabur bumbu marinasi instan diam sampe jam. goreng tepung serba yg diadonin goreng. campur bahan tepung aduk masuk lele goreng sampe kering matang. rebus bahan sambel blender tumis sampa wangi tambah garam gula kaldu bubuk cek. selesai saji
pesmol ikan nila	g nila goreng, biji bawang merah, bawang putih, biji kemiri, ruas jahe, ruas kunyit, lembar daun jeruk, garam, kaldu bubuk, gula pasir, cuka masak	siap bahan bumbu siap ikan goreng nyahaluskan bumbu tumis. tambah cabe bubuk masak sampe wangi tambah air cuka garam gula kaldu bubuk. masuk ikan. masak sampe kuah didih cek selesai
sambal ikan roa pedas mantap nikmat	cabai rawit merah, cabai rawit hijau, bawang merah, bawang putih, minyak goreng, garam, kaldu, ikan roa bubuk	chopper cabai. sisih. chopper bawang merah putih. sisih. sangrai ikan roa. chopperblender ikan roa sangrai. sisih. tumis bawang wangi. masuk cabai. garam kaldu. masak api. warna ubah bau langu hilang diadukaduk. masuk bubuk ikan roa. aduk koreksi dingin. simpan wadah tutup ide jual
pempek ada palembang ikan tenggiri mix ikan kakap	ikan giling kakap super, ikan giling tenggiri super, cuil gula pasir skip, putih telur, tepung sagu tani rose brand, minyak goreng, minyak goreng goreng, peres garam halus, minyak goreng goreng, air dingin sesuai tekstur ikan, bawang putih halus, lada bubuk, pc santan kara ukur besarsantan murni total masuk freezer sebentar dingin beku, bawang bombay, cincang halus pakai bawang sesuai, batang daun bawang, iris tipis, daun seledri, iris, cuka pempek, iris timun	aduk ikan. gula. air. bawang putih putih telur campur rata pakai mixer jugaspatula kayu kurleb menit. masuk garam tahap diadukaduk kental menit. masuk tepung tahap. tambah minyak goreng. masuk bahan isi. tambah santan. aduk rata. panas minyak goreng kemudiaan kecil api cetak adon tangan bentuk bulat cetak baso adon tenggelam minyak. besar api api. apung bolak adon simpan masak pempek matang. dingin. simpan freezer olah saji cuka pempek iris timun
ikan bawal goreng	gram ikan bawal hitam, sachet bumbu instan racik, , garam halus, minyak goreng, sambal tomat, mentimun	siap gram ikan bawal hitam cuci bersih. potong kerat sesuai selera. lumur ikan bumbu instan garam halus rata marinasi menit. goreng ikan minyak goreng panas matang warna kuning emas angkat tiris. ikan bawal goreng saji
tongkol jengkol balado	ikan tongkol, buah jeruk asam, cabe rawit, buah cabe merah, bawang putih, bawang merah, minyak, garam, sedap, gula pasir, bungkus bumbu ayamikan goreng, jengkol muda, helai daun jeruk	sih ikan tongkol. peras jeruk asam tambah bumbu ikanayam goreng. aduk marinasi menit. siap cabe bawang. rebus air didih masuk bumbu air. rebus menit mati kompor. kupas jengkol rendam air dingin mudah kupas kulit jengkol muda tua. menit. goreng ikan tongkol minyak panas api cenderung ikan matang. goreng jengkol sebentar. blender kasar bumbu rebus. tambah daun jeruk. garam. sedap gula masuk jengkol. matang masuk ikan tongkol goreng. saji
ikan tenggiri panggang madu	potong ikan tenggiri ukur, bersih, cuci bersih, peras jeruk lemonnipis, air peras jeruk lemon, madu, kecap manis, olive oil oles teflon, air putih, bumbu halus marinasi, bawang putih, bawang merah, gula aren, sisir, jahe bubuk, lada bubuk, garam, bahan tabur, wijen putih	siap bahanbahan marinasi. tambah air putih peras air jeruk lemon. aduk rendam ikan bahan marinasi menitangkat. pisah ikan bahan marinasinya. bahan marinasi nya kecap maduaduk rata. panas teflon. oles olive oil. taruh ikan tuang campur bahan marinasi. panggang dibolakbalik tuang rata bahan marinasinya sampe habis panggang ikan matang cokelat angkat. tuang piring saji. tabur wijen putihsiap nikmat
tuna steak garlic butter	daging ikan tuna, lada, olive oil, thyme kering, rossemarry kering, cubit garam, bawang putih, cincang, buah lemon, ambil air, butter, kaldu jamur, rossemarry segar opsional, kentang goreng, mix vegetables buncis, wortel amp jagung	siap bahan nya. marinasi potong ikan bumbu marinasi siap bawang putih cincang. lemon butter. panas wajan masukaan ikan tuna warna ubah jgn tekan yaa. tambah butter. ikan pinggir ya tumis bawang putih harum. masuk rossemarry air lemon tambah air kaldu jamur aduk. masak bumbu resap pisah ikan saus nya warna yg cantik ikan pan dihidangkanhappy cooking
gulai ikan emas endesss	ekor ikan emas, buah jeruk nipis, bungkus santan instan, batang serai, geprek, lembar daun salam, lembar daun jeruk, sobek sobek, keping asam gelugur, cabe merah buang biji, cabe rawit merah, bawang merah, bawang putih, ruas kunyit, ruas jahe, ruas lengkuas, garam, kaldu jamur, air, minyak goreng	sih kotor ikan. buang sisik ikan. cuci bersih. kucur jeruk nipis diam menit. bilas cuci bersih. pand. masuk bumbu cemplung bumbu halus. minyak goreng. tumis bumbu wangi matang. masuk ikan. air masuk santan. garam kaldu jamur aduk biar ikan matang. koreksi enak pas. angkat pindah piring saji selamat coba yaa. moga manfaat
ikan teri masak pare	gram ikan teri, cuci, goreng kering, buah pare, air rendam pare, buah tomat, potong kotak, buah cabai merah keriting, potong potong, batang bawang daun, potong potong, bawang merah, iris tipis, bawang putih, iris tipis, gula pasir, kaldu jamur koken, air	cuci pare. potong potong. lumur garam. air. diam menit bilas pare. tiris. tumis bawang merah bawang putih harum masuk bawang daun. cabai tomat. tumis layu masuk gula aduk sebentar. masuk pare. air kaldu jamur. masuk ikan teri. aduk tes angkat. saji
asem asem lele bungkus daun gas	buah lele ukur, buah tomat, bawang putih, bawang merah, buah cabe iris iris, buah cabe rawit utuh, garam, gula, sedap, bungkus santan, air, daun pisang, buah plastik putih, lidi	sih lele potong cuci bersih goreng lele kering iris bumbu bumbu. siap baskom tuang santan instan bumbu garam. gula. sedap air aduk kemodian koreksi potong lele goreng bungkus plastik. tambahakan iris bawang merah putih cabe. tomat biji cabe rawit kuah santan centong sayur ikat simpul plastik. ambil daun pisang bungkus bungkus lele daun pisang kukus menit matang angkat saji. pas gurih asin manis pedas yg suka pedas. . kl mo pedas nyeplus cabe
fuyunghai isi ikan tuna	tepung terigu, tepung sagu sypakai tepung tapioca, tepung k be bakwan, kaldu jamur, lada hitamlada putih, garam, telur sy telur, daun bawang, sayur kol, iris tipis, wortel, potong panjang, buah cabai hijau, iris tipis, buah tuna kaleng, buah cherry tomatoes, potong, saus tomat, bawang putih, geprek cincang, garam, kaldu jamur, lada hitamlada putih, tepung maizena larut dlm air	siap bahanbahannya. campur bahan tepung air. aduk masuk lada. garam. kaldu jamur tepung k be. masuk telur. aduk campur masuk wadah isi iris sayur tambah ikan tuna kaleng. aduk campur ya. panas minyak gorengpanggang matang. u saus tumis bawang putih cincang harum. masuk potong tomat. saus tomat air masak didih garam. lada. kaldu jamur larut tepung maizena mati kompor sisih. upenyajiannya siram gak ya alias ambil fuyunghai siram. pas makan tambah acar bikin
ikan kembung suwir jagung	bawang merah iris, bawang putih iris, buah cabai merah keriting iris, lembar daun jeruk, iris, potong gram ikan kembung goreng, buah jagung manis rebus, pipil, saos tiram, kecap manis, garam, merica, air, buah jeruk lemon, minyak goreng	pisah ikan tulang duri suwir suwir ikan. panas wajan. tuang minyak. tumis bawang wangi masuk cabai daun jeruk. aduk. masuk ikan jagung. aduk bubuh saos tiram kecap manis tambah garam merica aduk. tambah air. aduk air ering. resi jeruk lemon. aduk saji
tongkol suwir asam manis	ekor ikan tongkol kukus, buah bawang merah, cincang kasar, bawang putih, cincang halus, buah tomat, potong tipis, air, batang daun bawang, potong kasar, minyak goreng, tum, saos tomat, kecap manis, kecap asin, saos tiram, garam, gula pasir, merica bubuk, kaldu jamur	buang kepala duri ikan tongkol. suwir kasar ikan tongkol. panas minyak. tumis bawang merah bawang putih cincang harum tambah potong tomat. tumis layu. masuk tongkol suwir. aduk bumbu tambah air. masuk bahan saos. aduk bumbu bumbu sedap lupa koreksi. bumbu resap. tambah iris daun bawang aduk. saji hangat
ikan kembung bakar bumbu jimbaran	ikan kembung isi ekor, siang amp kerat sisi, cuka apel, mata asam jawa, minyak goreng, saos tiram, kecap manis, garam amp gula, bawang putih, bawang merah, ketumbar bubuk, kemiri, sangrai, ruas jari lengkuas, buah cabai merah sesuai ya	lumur ikan cuka apel. diam menit. tumis bumbu halus harum matang masuk kecap manis. saos tiram. asam jawa. garam gula aduk tuang air kering lupa tes ya mati api tunggu bumbu hangat. lumur ikan bumbu rata diam menit. bakarpanggang atas bara apiteflon matang panggang air fryer praktis suhu c menit. ikan lanjut panggang menit angkat saji sambal kecapsambal favorit
nasi tim ikan dor brokoli mpasi	beras cuci bersih, gram ikan dor fillet, gram kuntum brokoli cincang kasar, saus tiram, air, bawang putih cincang halus, bawang merah cincang halus, mentega	panas mentega tumis bawang merah bawang putih harum. masuk ikan dor giling masak ubah warna. masuk beras. tuang saus tiram tumis harum. tuang air. masak matang. tambah brokoli. masak matang. angkat. saji hangat
ikan kembung masak tauco	ekor ikan kembung, jeruk nipis, bks keciltauco, bawang merah, bawang putih, tomat, daun bawang, cabe rawit merah sesuai selera, cabe merah keriting, daun salam, sereh, geprek, gula, garam, kaldu jamur	sih ikan kembung. cuci bersih air alir. kucur jeruk nipis. diam menit. bilas bersih. goreng ikan matang. sisih. tumis bawang putih. bawang merah. cabe merah cabe rawit harum tambah daun salam sereh masuk tauco wadah mangkok kasi air panas. lumat. masuk tauco tumis tunggu didih. garamgula. kaldu jamur hati guna garam ya krn tauco yg asin sdh kuat. masuk ikan kembung yg goreng tumis tauco. biar ikan satu tauco masuk potong tomat daun bawang koreksi. saji
oseng gereh besek	kotak gereh besek ikan pindang, minyak goreng, bawang merah, bawang putih, cabai keriting merah, cabai keriting hijau, cabai rawit putih opsional, tomat hijau, helai daun jeruk, helai daun salam, sereh iris, iris lengkuas, garam, gula, sedap, kecap manis	goreng ikan matang kering. tumis bawang. cabai. tomat wangi tambah seasoning aromatik masak sebentar kecap kental. masuk ikan goreng campur rata. oseng gereh saji
balado ikan patin	ikan patin potong, ons cabe campur, biji tomat, bawang putih, biji bawang merah, garam, gula pasir, kaldu bubuk, minyak goreng, air	keluar ikan frezzer biar sampe suhu ruang goreng. rebus bumbu balado sampe mateng halus tumis sampe wangi. garam gula kaldu bubuk. masuk ikan patin goreng air cek saji
pesmol ikan	bawang putih, merah, tomat, biji kemiri belah, lada, ketumbar, buku jari kunyit, buku jari jahe, royco, gula putih, garam, pecin, daun salam, sereh geprek, cengek domba	ikan cuci bersih. marinasi pakai garam. marinasi. ikan goreng matang. bumbu bumbu sebut blender halus. panas minyak. tumis bumbu harum. masuk daun salam sereh geprek. bumbu matang. kasih air. kasih royco. gula putih. garam. pecin sesuai selera icip icip. masuk ikan goreng. tunggu air nya susut matang. hidang nasi panas tambah kerupuk
gulai ikan tongkol	ekor ikan tongkol segar potong, buah jeruk nipis, jempol lengkuas, batang sereh, lembar daun salam, bungkus santan, daun kemangi, garam gula kaldu jamur, air, bawang merah, bawang putih, buah cabe merah kriting, buah cabe rawit merah, ketumbar, kemiri matang, ruas jahe, telunjuk kunyit	cuci bersih ikan tongkol kucur jeniper diam menit cuci bersih goreng ikan tongkol matang angkat tiris. tumis bumbu halus harum matang masuk salam sereh lengkuas aduk masuk air. garam gula kaldu jamur masak air didih. air didih masuk ikan aduk perlahan masak bumbu serap masuk santan. masuk daun kemangi aduk perlahan masak sebentar jgn lupa icip. gulai ikan tongkol ala rumah hidang selamat coba happy cooking
ikan baronang goreng simple	gram ikan baronang, bumbu dasar putih, kunyit bubuk, ketumbar bubuk, kaldu bubuk, garam, lada bubuk, buah jeruk nipis, buah jeruk sambal, buah tomat goreng, buah cabe rawit goreng, terasi goreng, gula merah, garam	sih ikan. cuci jeruk nipis bilas. bumbu marinasi. aduk. biar menit kulkas. goreng minyak panas matang. halus tomat cabe goreng. gula garam terasi goreng tes cek sesuai selera jeruk sambal. aduk. saji ikan baronang goreng sambal terasi selamat coba
bekal kerja nasi ikan cue	ikan cue ukur, cabe rawit, cabe bawang merah ukur, bawang putih, gula, garam, royco	sih ikan cue buang duri cuci bersih iris bawang cabe panas minyak. masuk ikan cue goreng kering masuk cabe bawang masak sebentar gula garam. tambah royco tes bekal kerja suami
pepes ikan selar basah	ikan selar, bawang merah, bawang putih, buah cabai rawit, buah cabai merah kriting, ruas jari kunyit, kemiri, ruas jari jahe, garam, micin, minyak goreng, sereh, salam, daun kemangi	cuci bersih ikan lumur jeruk nipis diam menit bilas tiris halus bumbu halus blender tuang ikan masuk kemangi aduk rata. ambil ikan leta daun pisang lembar daun salam sereh geprek bungkus kunci ujung tusuk gigilidi laku selesai. siap alat bakar me genteng panas atas kompor api taruh pepes bolak matang. saji nasi hangat
nasi pecel komplit	lembar kol, buah wortel, lonjor kacang, tauge, gram kacang tanah goreng, buah cabai rawit merah, lembar daun jeruk buang tulang, bawang putih, kencur, keping gula merah, garam halus, air, gula pasir, mendoan, goreng, telur krispi	rebus kol. tauge. kacang. wortel satu. goreng cabai. kencur. bawang putih. daun jeruk layu blende kacang tanah. air. gula merah. asam jawa. garam halus. gula pasir. goreng tempe mendoan kuning emas angkat tiris. goreng kuning angkat tiris. telur krispi. tata nasi piring. sayur. mendoan. goreng. telur krispi siram sayur sambal pecel saji
nasi gorenggorengan bekas kuali sambal	sisa sambal kuali, mixed vegetable, porsi nasi putih dingin, telur rebusmata sapi	bekas sisa sambal kuali. siap sendok mixed vegetable nasi. panas bentar. masak kecuali masak telur mentah versi orek sambal asa. gak kecuali selamat makan
nasi pecel madiun	bayam, toge, kerupuk melarat, garam, bumbu pecel madiun	pitili bayam akar toge pitili tuh bahasa indonesia. dah dadak hilang diksi wkakaka. cuci bersih sayur bawa air alir. panas air blubub blubub. ambil bumbu pecel larut air didih biar gampang larut aduk kental pas. sisa air. pakai rebus sayur kasih garam biar gurih. saji kerupuk melarat suka sih gendar. males goreng wkakakakak habis si si sulung si bungsu nggak ahaha cedih
nasi pindang khas kudus	daging sengkel, air, santan instan, genggam daun melinjo, lembar daun salam, batang sereh, lengkuas, lembar daun jeruk, air asam jawa, keping gula merah, gula pasir, garam, kaldu bubuk, bawang merah, bawang putih, kemiri, lada, ketumbar, jinten, terasi, kluwek, telur pindang, kerupuk udang, sambel, bawang goreng, jeruk nipis	rebus daging daun salam. daun jeruk. sereh lengkuas siap bumbu halus. tumis bumbu harum tanak. masuk rebus daging. daging potong sesuai selera. masuk kuah rebus tambah gula kaldu santan masak didih. koreksi. siap bahan lengkap. simak resep semat saji susun nasi. potong daging. telur pindang. daun melinjo kerupuk siram kuah. saji selagi hangat. tambah peras jeruk nipis sesuai selera
liwet nasi sisa	nasi sisa, air masak bumbu, minyak tum, bawang merah, bawang putih, buah cabe merah biji sesuai selera, udang rebon goreng, batang serai, lengkoas, jahe, garam sesuai, kaldu bubuk	siap nasi sisa nasi sisa kemarin rice cooker nasi sisa paket ayam goreng yg simpan kulkas. tumis iris bawang merah bawang putih sampe layulalu masuk cabe merah iris. jahe geprek lengkoas geprek aduk cabe layu bumbu harum tambah daun salam serai geprek tambah air. tambah garam kaldu bubuk aduk lanjut masak air yg sisa tinggal mati api. tambah nasi rebon goreng. aduk cicip sesuai asin selera tahap nasi enak harum lanjut aduk nasi panas goreng. kukus lanjut rice cooker. panas nasi liwet rice cooker pindah panci rice cooker tekan on tunggu panas ssmpai nasi liiwetnya panas. jam. mudah tinggal. pindah wadah saji hidang lauk pauk yg sesuai
nasi goreng jawa uleg	telur, garam, kaldu bubuk, piring nasi putih, buah bawang merah, bawang putih, buah cabai rawit, buah cabai merah keriting, ketumbar, buah terasi kemas, garam, kaldu bubuk, minyak goreng, ayam goreng, suwir	telur dadar ceplok telur bumbu garam kaldu bubuk panas wajan. oles minyak tipis tipis dadar telur tipis gulung potong sisih. halus ketumbar garam halus rata. halus bawang merah. bawang putih. terasi. cabai rawit cabai merah keriting halus. panas minyak. tumis bumbu halus harum matang. masuk nasi putih aduk bumbu garam kaldu bubuk aduk. masuk ayam goreng suwir aduk koreksi. saji
nasi ulam betawi	liter beras pulen, lembar daun salam, batang sereh geprek, ruas lengkuas geprek, garam, air, buah cabe merah, bawang merah, bawang putih, ketumbar bubuk, ebi, kunyit bubuk, ruas jempol kencur, jintan, kelapa tua parut, minyak goreng, lembar daun salam, batang sereh, ruas lengkuas geprek, gula pasir, gula merah, garam, micin optional, telur baladoayam gorengtelur dadar, tempe orek, mentimun, toge pendek, bawang goreng, kerupuk, kemangi	beras cuci bersih tambah daun salam serai lengkuas garam air aduk masak masak nasi magic com takar air masak nasi. siap bumbu cuci bersih ebi rendam air panas sebentar halus. blender tambah air. panas minyak goreng. masuk bumbu halus tambah sereh daun salam lengkuas aduk tambah garam gula micin masak matang. masuk kelapa gula merah aduk campur. masak api kadar santan kurang lembab kering aduk matang rata gosong. cuci bersih mentimun potong dadu. cuci bersih toge pendek seduh air panas diam menit tiris saji nasi ulam lauk lengkap
nasi gandul khas pati jawa	gram daging sapi tetelan, santan cair, santan kental, kayu manis, kecap manis, gula merah gulmer sisir, garam, gula pasir tambah, ketumbar, sangrai, jinten, sangrai, kemiri, sangrai, bawang putih, bawang merah, ruas jari lengkuas, ruas jari jahe, ruas jari kencur, merica, gram cabe merah, rebus cabe merah, ruas jari pala, terasi bakar, buah kentang, kupas, sih, potong, goreng, bawang merah goreng, lada bubuk, gula, garam, telur, kocok lepas celup perkedel, papan tempe, bawang putih, ruas jari kunyit, ketumbar bubuk, garam, air	rebus daging tetelan sebentar hilang darah. buang air. rebus daging tetelan empuk. halus bumbu. tumis bumbu. kayu manis. tumis wangi. masuk daging. kaldu daging. santan encercair. gula merah. kecap. garam. gula. aduk. didih. masuk santan kental koreksi masak matang taneg. tabur bawang goreng. siap bahan perkedel kentang. halus kentang goreng. tambah bawang merah goreng. gula. lada bubuk. garam. aduk. bentuk bulat. celup telur. goreng matang. potong tempe lebar. kerat. halus bumbu tempe. air. aduk. celup tempe. goreng kering. saji. tata nasi daun pisang taruh daging kuah. tabur bawang merah goreng. kecap. perkedel. sambal tempe goreng saji
nasi liwet daun jeruk	liter beras, garam, minyak goreng, air, bawang putih, bawang merah, daun jeruk, bawang putih, bawang merah, daun jeruk, batang serai	siap bumbu halus potong bawang merah putih tumis harum. masuk blender daun jeruk air mudah blender. cuci bersih beras. masuk bumbu yg blender dalam beras bersih tambah bumbu yg iris masuk garam air. aduk. nyala listrik. masak nasi matang matang aduk pindah hangat nasi pindah tdk ya bun. bs langsung saji lauk suka. selamat nikmat
nasi uduk mudah part	cup beras, bawang putih, bawang merah, bungkus santan kara, garam, gula pasir, sedap, daun salam, serai, daun jeruk, lengkap, telur dadar, ayam goreng, teri kacang balado, timun, bawang goreng	cuci beras. tambah garam. gula sedap santan. cincang bawang merah bawang putih goreng cokelat awas gosong ya hehehe. masuk air sesuai masak ya gantung beras ya. serai. daun jeruk daun salam bawang goreng aduk masuk dalam magic com masak ya lupa aduk. matang aduk ya tutup tunggu kurleb menit benarbenar tanak. hidang bahan lengkap ya pakai ayam tepung goreng aja anakanak gak suka bawang goreng hehehe moga manfaat
nasi liwet	cup beras tara dg, air sesuai beras, santan instan, bawang merah, iris, bawang putih, iris, batang serai, buah cabe merah, lembar daun pandan, kaldu ayam bubuk	panas minyak. tumis bumbu iris bumbu aromatik kecuali daun pandan. harum. masuk beras cuci dalam rice cooker tambah bumbu tumis. air santan aduk. masak masak nasi. saji goreng pandan
nasi lengko	papan tempe, goreng, potong, buah, goreng potong, bks toge, siram air panas, buah timun mentah, porsi nasi, bks bumbu kacang instan, bua telur dadar, kecap bawang goreng	siap tempe. timun. potong sesuai selera tiris toge rendam. seduh bumbu kacang instan siap nasi putih. tambah telur dadar. kecap bawang goreng saji
nasi telor ceplok ayong pontianak	telur, bawang putih, geprek cincang me, buah cabe rawit, kecap manis me, kecap asinsoy sauce, merica bubuk, air me, minyak goreng me	panas minyak. goreng bawang putih cokelat harum. api angkat bawang putih goreng saring. tiris. minyak goreng telur. campur bawang putih goreng. kecap manis. kecap asin. merica bubuk. tambah air. aduk. minyak bekas goreng bawang putih. ceplok telur siram telur minyak panas. angkat. tiris telur tiga matang. masuk telur goreng. tuang kuah kecap. api. siram kuah kecap telur rata. saji telur kecap atas nasi
nasi liwet gudeg komplit	buah gorinangka muda, telur rebus, ltr santan kelapa parut, lembar daun salam, lembar daun jeruk, batang serai geprek, iris lengkuas geprek, gula jawa merah pekat, kantong teh, bawang merah, bawang putih, kemiri, ketumbar, garam, sedap, cecekbrabasan, kulit sapi, santan, buah cabai ketiring iris serong, buah bawang merah iris, lembar daun jeruk, lembar daun salam, batang serai geprek, iris lengkuas geprek, buah cabai keriting, buah cabai rawit, bawang merah, bawang putih, buah kemiri sangrai, cup beras, santanair sesuai mejicom quot, lembar daun salam, dada ayam, air, ruas kunyit, bawang merah, bawang putih, ketumbar, garam, sedap, santan, putih telur, air	siap bahan gudeg. campur bahan dalam wajan tambah kantong teh. gula jawa. garam sedap. masak menit. ambil kantong teh masak jam. jam masuk dalam mejicom tekan tombol cook biar posisi warm jam warna cokelat. sambal goreng cecek kulit sapi. wajan tumis bawang merah bawang putih masuk bumbu halus tambah cecek kulit sapi masuk santan seosening cek sisih foto lang lupa masuk bumbu halus tumis pakai teflon. nasi liwet. cuci beras masuk daun salam air santan sesuai mejicom masak masak nasi. areh santan masuk wadah panci masak bulirbulir aneh. angkat sisih. masuk dada ayam air. halus bumbu masuk dalam panci aduk masak air susut. angkat selagi panas langsung suwir bantu garpu. buang tulang sisih. platting piring. saji siram areh santan. alhamdulillah nikmat ma syaa allah
nasi goreng jadul	telur, piring penuh nasi utk orang, cabai rawit, cabai keriting merah, garam, sedap, gula skip sesuai selera, bawang putih	halus cabai bawang putih. panas minyak goreng. orak arik telur. tiris. tumis bumbu halus sisa minyak goreng bumbu wangi. masuk nasi. bumbu garam sedap gula skip. tes nikmat selagi hangat
nasi goreng sehat	papan tempe, telur, bawang putih, bawang merah, tangkai bawang daun, bawang bombay, kaldu jamur, saos tiram, garam, buah cabai	panas minyak masuk tempe bejek bejek kasar tiris. masuk bumbu bawang merah. bawang putih bawang bombay cabai. masuk telur orak arik. masuk tempe goreng. tambah bawang daun. masuk saos tiram kaldu jamur. nasi goreng sehat hidang
nasi uduk nasi liwet	batang sereh, lembar daun salam, bawang merah, bawang putih, jempol laos, garam, sedap pakai, beras putar tara, biji cabe merah	tumis bumbu harum. masuk air. campur bumbu nasi. rebus masak nasi tinggi air. habis air. nasi kukus tingkat matang
nasi tim ayam	paha ayam, potong dadu, bawang putih, cincang, bawang bombay, skip, kecap manis, saos tiram, garam, kaldu bubuk ayam, lada bubuk, air, tulang ayam resep asli pakai ceker, lembar daun salam tambah, garam, lada bubuk, bawang putih bubuk, telur rebus, nasi putih	rebus bahan kuah. menit sisih. tumis bawang putih harum masuk potong paha ayam. tumis sebentar ayam ubah warna. tambah bumbu tabur tumis. koreksi. sisih. siap wadah anti panas tata potong telur rebus dasar wadah tumis paha ayam nasi. tekan padat tuang kuah kaldu tulang ayam nasi rendam. kukus menit. nikmat nasi tim ayam selagi hangat. selamat coba
menu mpasi mudah tim nasi telur	bawang putih, bawang merah, centong nasi, telur	ulek bamer baput halus tambah minyak tumis sebentar. masuk air nasi aduk. didih telur kocok masuk panci aduk masuk garam kaldu jamur. tunggu aduk air resap tekstur bubur tinggal hidang lebih taruh kulkas angetin bentar mkn siang malam
lontong nasi aron	gelas belimbing beras, air, garam, , air kapur sirih, daun pisang	cuci bersih nasi tambah air. tambah air kapur sirih. garam aduk. air set. mati api tutup aron biar menit. masak didih didih kecil api masak air set. bejekbejek aron. bentuk memanjan letak atas daun pisang linting sesuai selera laku habis. rebus lontong presto menit peluit presto bunyi. tiris biar dinginsiap nikmat dingin pulen. catat. beras pera. tambah air. hasil lontong halus
nasi tutug oncom	piring munjung nasi putih, oncom, ikat kemangi, bawang merah, bawang putih, buah cabe rawit merah, buah cabe merah keriting, ruas kencur, garam, kaldu bubuk, gula pasir, minyak goreng tum, terasi optional	oncom bakar atas teflon minyak. . hancur oncom pakai ulekanchopper halus bergerindil. halus bumbu. terasi kencur. tumis harum benarbenar matang langu. masuk oncom yg uda hancur. garam. gula. sedap. aduk. masuk daun kemangi. aduk. daun layu. masuk nasi putih. aduk campur. tes. hidang nasi tutug oncom lauk tambah pakai sambel terasi goreng pedas yaa. selamat coba ya buibu lupa baca bismillah masak moga manfaat. barakallahufiikum
nasi merah isi daging kukus	beras merah, bawang putih, lembar daun salam, air, santan murni, gram daging sapi giling, bawang putih cincang, bawang bombay cincang, minyak daging malbi, buah tomat, lembar daun pandan	rendam beras merah jam masak bahan nasi beras merah air asat api. panas minyak malbi tumis iris tomat. bawang putih. bawang bombay harum masuk daging cincang masak matang. ambil lembar daun pandan cuci lap lipat ujung bentuk corong isi nasi merah. tumis daging. timpa nasi merah gulung sisa daun pandan ikut bentuk segitiga tutup nasi laku adon habis. panas kukus kukus menit angkat tunggu dingin saji si cinta yummy
nasi briyani ayam	potong ayam segar, nasi basmati, bks bumbu nasi briyani beurawe, bawang bombai iris, bawang putih geprek, iris, minyak, garam, air, mentega, buah tomat, bawang bombai, seruas kunyit, lengkap acar timun wortel	siap bahan cuci beras basmati rendam menit. blender bumbu halus. tumis bawang putih harum. masuk bawang bombai. tuang bumbu halus bumbu briyani instan masak didih. masuk ayam. air garam masak ayam lembut matang. angkat sisih ayam utk panggang atas pan lupa angkat. ribet misahkan ayam nasi nya masuk beras basmati. panas kukus kukus nasi menit. masak ayam atas pan mentega cokelat siap acar timun lengkap
nasi goreng kecap manis	porsi nasi pera pakai nasi beras cokelat, telur, gram ayam slice protein, bawang merah, bawang putih, gram terasi saset, sesuai selera cabai, kecap manis, kaldu jamur, lada bubuk, buah telur ceplok, iris tomat sesuai selera, iris timun sesuai selera, sesuai selera kerupuk, jumput bawang goreng	siap bahan. iris tipis bawang merah cabai. cincang bawang putih. sisih potongpotong daging ayam slice sesuai selera. sisih. panas minyak. tumis bawang cabai layu. lupa masuk terasi. hancur. aduk. masak harum. pinggir sisi wajan. ceplok telur orakarik. ruang wajan. masuk iris ayam. masak ubah warna transparan. masuk nasi pera dingin wajan. aduk. bumbu kecap manis. kaldu jamur. lada bubuk aduk campur. koreksi tambah garam masak hinga bumbu resap nasi goreng matang saji lengkap sesuai selera. iris tomat. telur ceplok matang. sisa paru goreng
resep bolabola nasi uduk	g nasi putih, telur puyuh, sakset bumbu nasi uduk, daun bawang	siap bahan tempat nasi putih piring. tambah bumbu nasi uduk. aduk. tambah iris daun bawang. aduk ambil nasi uduk tempat plastik. isi rebus telur puyuh. bulaykan. tambah bone cabe level. rata. saji terimakasih
nasi goreng kencur ala sunda	nasi dingin, buah bakso, iris, telur, batang sawi, iris ganti kol tauge, kunyit bubuk, garam, kaldu bubuk, kecap asin, bawang merah, bawang putih, jempol kencur, buah cabe merah keriting, buah cabe rawit, sachet terasi	ulek bahan bumbu. tumis bakso minyak panas. matang masuk bumbu ulek kunyit bubuk. tumis bumbu harum masuk telur. aduk. bumbu garam. kaldu bubuk kecap asin. tambah nasi dingin aduk campur. masuk sawi masak sayur matang tes sesuai selera angkat saji
nasi porang almond toping mangga	sachet beras porang, gram buah mangga, sliced kacang almond, air	siap bahanbahan. cuci beras. masuk rice cooker. tambah sliced kacang almond. tambah air. garam. masak matang. potong mangga. saji ambil nasi porang letak piring toping mangga makan simple. sehat gizi makan hangat sedap. selamat coba
pizza nasi	nasi, putih telur, lada bubuk, topping, buah sosis, buah crab stik, buah jamur kancing, pack keju cepat leleh, saus bolognese, oregano	campur nasi. putih telur. kaldu bubuk. lada blender halus. tuang atas teflon yg oles tipis minyak rata masak kuning. . oles saus bolognese. tata topping atas. tabur keju leleh paruttutup masak api keju leleh angkat. potongpotong saji
nasi goreng abon ayam	piring nasi kemarin, abon ayam, buah wortel, telur, bawang putih, biji rawit, biji cabe merah, st merica bubuk, garam bumbu kaldu, minyak	siap nasi abon ayam telur. iris wortel. duo bawang rawit cabe merah. goreng duo bawang wangi masuk wortel cabe. rawit. tambah abon ayam. telur aduk masuk nasi. merica bubuk. garam bumbu kaldu biar proses masak bumbu resap. nasi kering tes mati kompor hidang
nasi goreng sosis	piring nasi putih dingin, telur ayam, buah bawang putih, buah cabe merah, cabe rawit, saus pedas, kecap manis, garam, ujung royco, lembar sawi putih, buah sosis merk	halus bawang putih. cabe. serta garam sedap. tumis bumbu halus minyak goreng api. harum. masuk sosis kocok telur aduk telur orak arik. masuk nasi aduk. tambah saos kecap. . masuk sayur aduk api medapatkan nasi goreng khas. angkat nasi goreng saji
nasi kuning ayam crispy	gram nasi hangat, sachet g kobe bumbu aduk nasi kuning, gram pcs ayam potong me dada ayam slice, bungkus kobe tepung kentucky supercrispy, air, minyak goreng, telur dadar iris lengkap	cuci ayam bersih siap mangkuk. tuang kobe tepung kentucky supercrispy tambah air. aduk adon basah rendam ayam adon basah sisih. siap nasi hangat wadah tuang kobe bumbu aduk nasi kuning aduk warna rata cetak cetak nasi tata piring sisih. panas minyak goreng wajan ambil ayam adon basah goreng matang warna kuning cokelat angkat tiris. letak ayam lengkap nasi kuning tambah telur dadar iris saji selamat coba
nasi goreng sederhana enak	piring nasi dingin, telur, bawang putih, buah cabai rawit, margarinminyak, saus sambal, kecap manis, garam, pecin	panas wajan masukin margarin rata. ceplok telur osengoseng. sisih telur samping masuk margarin tumis bawang putih cincang cabai rawit potong. masuk nasi dingin oseng rata. nasi masuk garam pecin. tuang kecap saus sambal wajan wajan biar bakar osengoseng oseng asap enak. koreksi hidang
nasi goreng jawa pedas	piring nasi putih bumbung, telur, kocok lepas goreng orak arik, saos tomat, kecap manis, garam, merica bubuk, minyak wijen, pentol bakso sapi, batang sayur sawi, batang wortel, minyak tum, bumbu halus, bawang merah, bawang putih, pcs cabai rawit hijau sesuai selera, lengkap, potong telur dadar, kerupuk, bawang goreng skip, lalap skip	blender bahan bumbu halus tumis matang. rebus bakso wortel matang. sisih orak arik telursisihkan. bumbu halus matang. masuk telur. bakso wortel nasi aduk. masuk saos tomat. kecap manis. garam merica bubuk sawi aduk laku test. masuk minyak wijen. aduk. angkat. tata piring saji. tabur telur dadar yg potongpotong nikmat. takar pedas. silah sesuai selera masingmasing ya. selamat coba
cireng nasi isi abon ayam pedas	nasi sisa, air hangat, tepung tapioka, terigu, garam, air panas didih, bahan isi, abon ayam pedas, minyak goreng	rendam nasi air hangat dingin blender halus. tuang wadah. campur tepung garam. tuang air panas. aduk spatulasendok kayu. hangat ulen tangan bersih adon kalis dipulungdibentuk lembek bentuk tambah tepung tapioka siap adon. isi cetak ambil adon. gilas lebar tebal tipis. isi. tekantutup cetak adon bentuk. laku selesai panas minyak goreng cireng matang sisi. angkat. biar hangat saji
nasi goreng bilis	piring nasi putih, bilis nasi, telur mata sapi, batang seledri iris kasar, garam, kaldu jamur, bawang goreng tabur, buah bawang merah, bawang putih, batang cabe rawit, terasi	tumis bumbu halus harum matang tambah bilis. adukaduk bilis kuning. masuk nasi aduk tambah garam kaldu jamur. matang bumbu rata. tambah seledri aduk sebentar. nasi goreng bilis saji telur mata sapi tabur bawang goreng
nasi goreng daun kencur	piring nasi dingin, daun kencur, iris halus, kubis, iris halus, kaldu bubuk, garam, merica bubuk, buah cabai rawit, bawang merah, bawang putih, jumput terasi bakar	panas minyak. tumis bumbu halus harum. masuk daun kencur. tumis sebentar. masuk kubis. aduk. masuk nasi kaldu bubuk. garam merica aduk. masak api angkat. saji
nasi gurih	cup beras, serai, lembar daun salam, lembar daun jeruk, ruas laos, garam, kaldu bubuk, sachet santan instant, air	cuci beras. air sesuai takar beras. masuk bumbubumbu kecuali santan masak air surut. asat. masuk santan instant. aduk test diam menit. siap dandang. masuk beras aron kukus kukus menit. lengkap telur dadar iris. orek tempe. sambal. abon. kacang tanah goreng lalap. saji
nasi goreng sosis	piring nasi dingin, buah sosis sapi, bawang merah, bawang putih, cincang, batang daun bawang, buah cabe merah, kecap asin, saus tiram, minyak wijen, garam, merica bubuk, minyak goreng	iris bahan. tumis bawang merah bawang putih harum masuk sosis. cabe. daun bawang tumis sosis matang kulit. masuk nasi aduk tambah bumbu seasoning aduk tes. hidang kerupuk acar lalap sesuai selera
bubur ayam jamur sisa nasi	nasi sisa yg bagus, liter air kaldu, lembar daun salam, batang serai, ambil putih geprek, garam merica bubuk, buah bawang bombay, cincang, bawang putih, cincang, fillet ayam, potong kotak, buah jamur shimeji, rendam air panas irispakai jamur merang, saus tiram, kecap asin, kecap manis, garam halus, merica bubuk, gula pasir, air, batang daun bawang, iris halus, minyak wijen, minyak tum, iris daun bawang biji wijen sangrai	bubur blender nasi air kaldu panas atas api sisa air. salam lengkuas bubur jaram merica proses aduk ya koreksi sisih. tumis jamur harum cokelat sisih pinggir wajan tumis duo bawang harum masuk ayam. masak ubah warna. masuk air bumbu kecuali daun bawang minyak wijen masak resap masuk daun bawang wijen aduk koreksi. saji siap mangkuk saji tuang bubur tuang tumis ayam jamur atas tabur iris daun bawang biji wijen saji
cireng nasi bumbu rujak	nasi, tepung bumbu putih, mlair, daun bawang, bahan bumbu rujak, kacang tanah goreng pakai, gram gula merah, terasi, air hangat, bon cabe, air asam jawa	siap bahanbahan. aduk nasi air. tekantekan nasi halus campur kobe tepung bumbu putih daun bawang aduk campur. ambil adon pipih panas minyak wajan panas. goreng adon kuning emas angkat tiris. halus gula merah. air hangat tuang bon cabe campur air asam jawa aduk cireng nasi nikmat
apem nasi gula palem	nasi, gula palem, pakai gula merah, suka manis pakai, garam halus, air, baking powder, ragi instan, terigu pro sedangserbaguna, lembar daun pandan kukus, kelapa parut kukus yg garam	blender nasi. gula garam air ambil yg m. mangkuk masuk terigu. baking powder. ragi sisa air aduk masuk larut gula nasi. aduk. tutup plastik wrapserbet bersih. diam jam. siap cetak. alas daun pisang oles minyak pakai cetak diameter. jam panas kukus. lembar pandan air kukus. pasti tuang adon cetak kukus menit. matang keluar cetak nikmat makan hangat dingin. saji kelapa parut kukus
nasi goreng kunyit	piring nasi dingin, telur ayam, bawang merah, bawang putih, batang daun bawang, cabe merah keriting, kunyit bubuk, lada bubuk, garam kaldu ayam bubuk, minyak goreng, emping melinjo optional	panas wajan. minyak telur orak arik sisih. wajan. tambah minyak. tumis bawang merah bawang putih smp harum masuk cabe daun bawang iris cabe layu. tambah seasoning. masuk nasi aduk sebentar tambah telur orak arik dna aduk. koreksi pas matang tanak mati api nasi goreng saji hangat enak tambah lengkap kerupukemping acar mentah
telur gabus keju nasi	nasi, telor, kaldu bubuk, tapioka, minyak goreng, keju parut	rebus nasi sebentar tiris. campur nasi. telor kaldu keju. tambah tapioka. aduk pulung. bentuk pajang. rendam minyak dingin. goreng api cokelat
nasi goreng buah naga toping teri medan	piring nasi bagus nasi padang nasi rumah, gram teri medan, gram buah naga, bawang putih, bawang merah, merica bulat, cuci pakai saring, halus pakai merica bubuk	siap bahan nya. halus merica. iris duo bawang halus. serut buah naga pakai sendok halus. cuci teri medan. goreng api garing. tiris. kuali tumis duo bawang wangi. tambah merica halus. aduk. masuk nasi aduk. masuk buah naga. aduk nasi ubah warna. tambah garam. kaldu sesuai selera. koreksi. saji letak nasi goreng buah naga piring. toping teri medan. lengkap mentimun gizi selamat coba
nasi goreng lombok ijo	nasi putih masak kemarin, telur, dada ayam fillet alternatif, skip, garam, kaldu ayam, penyedapmoto, bawang putih, buah cabai kriting hijau, buah cabai hijau lalap, minyak orak aril telur ayam, margarin tum bumbu	siap bahan. sih daging ayam cincang kasar. ulek bumbu halus. siap wajan panas minyak kocok telur. orak arik. sisih masuk ayam tumis ubah warna campur telur sisih. leleh margarin masuk bumbu tumis harum campur ayam telur masuk nasi aduk rata. tambah bumbu lengkap aduk campur matang nasi goreng cabai hijau hidang
bekal sekolah nasi kuning aduk	nasi, bks kobe bumbu aduk nasi kuning, mie goreng, iris telur dadar, potong buah, susu uht favorit	siap nasi wadah. bumbu aduk nasi kuning aduk. cetak sesuai selera. taruh wadah makan. taruh mie goreng. tata telur. buah susu
nasi daun jeruk teri asin	porsi nasi, bawang putih, lembar daun jeruk, margarin, garam, merica bubuk, teri medan	siap nasi putih pakai nasi dingin. nasi hangat irisiris bawang putih daun jeruk. buang tulang daun iris daun jeruk tipistipis. panas wajan minyak tumis bawang putih matang masuk iris daun jeruk. aduk. masuk margarin masak didih tambah garam lada bubuk. aduk. kecil api pakai nasi dingin. nasi tuang goreng. diadukaduk campur nasi hangat. tuang nasi bumbu siram nasi diadukaduk. goreng teri medan matang cokelat tabur nasi daun jeruk enak bangetttt
nasi goreng kobe poll pedasss	piring nasi malam, bumbu kobe nasi goreng poll pedass, bawang putih halus, kecap manis, telur dadar cetak bulat, nori, kucai, daun kemangi	dadar telur bentuk bulat sisih. siap daun kucai. rumput laut daun kemangi. siap nasi putih malam kulkas. lebih garnish telur dadar nori potongpotong. halus bawang putih. tumis bawang putih harum. mati api tambah nasi putih bumbu nasi goreng kobe aduk. tambah kecap manis aduk. nyala api tambah potong nori rumput laut aduk. masak matang. angkat saji. isi sesuai selera. udang. ayam. baso. crab stik. ham teri nasi enak. kulkas telur
nasi mentai sederhana	mangkuk nasi, sosis, rumput laut suir, mayonise, saus tomat, saus pedas, minyak wijen, sedap	siap nasi putih potong potong sosis. aduk nasi minyak wijen sedap. tumis sosis matang. angkat mati api. campur mayonaise. saus tomat. saus pedas rumput laut. tabur nori rumput laut atas nasi. masuk sosis. saus campur mayo. tourch merah mayo nya bau harum. nasi mentai saji
gimbap kimbap nasi gulung korea	telur cubit lada bubuk, buah sosis, batang wortel, buah nugget, goreng, buah timun baby, lembar nori sushi, nasi pulen panas, minyak wijen, kecap asin	telur dadar. margarin goreng dadar angkat. iris sisih. tumis sosis. matang. angkat sisih wajan anti lengket. biar minyak goreng nugget. potong panjang. sisih. tumis wortel. ga pakai minyak. sebentar angkat. sisih. timun baby. buang biji sisih. nasi mangkuk. aduk nasi minyak wijen kecap asin rata. siap gulung siap nasi. bahan isi. sushi mat letak nori atas. tata nasi tutup nori. rata nasi ga tebal. tata telur dadar. sosis. nugget. timun. wortel. rapi. gulung nori. tahan isi rapi. laku ujung nori. padat air ujung gulung. nori tempel laku selesai. potong ujung gulung. iris ukur jari kimbap saji
nasi daun jeruk	mangkok nasi putih, daun jeruk buang batang, iris tipis, bawang putih cincang halus, garam, kaldu jamur, margarin	siap bahan utama. semprot minyak teflon. tumis bawang putih. tambah margarin. masuk daun jeruk. aduk. tambah seasoning. masuk nasi. campur. saji topping sesuai selera
nasi bakar ayam	nasi, bawang putih halus, bawang merah halus, kaldu ayam, margarine, ayam suwir, buah cabai merah keriting halus, bawang merah halus, bawang putih halus, lembar daun jeruk, daun kemangi, garam, gula, kaldu ayam, minyak goreng	nasi siap wajan. leleh margarine. masuk bawang merah. bawang putih kaldu. tumis harum. masuk nasi. aduk campur. sisih. isi panas minyak goreng. masuk cabai. bawang merah. bawang putih daun jeruk. tumis matang bumbu ubah warna pisah minyak. masuk garam. gula kaldu ayam koreksi. masuk ayam daun kemangi aduk. sisih. siap daun pisang. tata nasi isi daun pisang. bungkus semat panggang daun cokelat harum. saji
nasi kepal isi bakso	gram nasi putih, minyak wijen, kaldu bubuk, garam, lada bubuk, buah bakso ayam, telur, tepung panir, minyak goreng, gram saos pedas, gram mayonaise	siap nasi putih bumbu kaldu bubuk garam. lada minyak wijen remas perlahan. ambil kepal nasi akas tangan plastik isi bakso ayam bentuk bulat. balur kocok telur tepung panir goreng golden brown. angkat saji saus mayonaise selamat coba
nasi kuning	beras, ketan, santan, lembar daun pandan, lembar daun salam, lembar daun jeruk, lembar sereh memar, ruas jari lengkuas, memar, kunyit giling, garam, kaldu jamur, sedap gula, peras jeruk nipis	cuci beras. rendam kunyit jam. tiris air. kukus kurleb menit matang masuk daun pandan lembar. tunggu kukus nasi matang. santan tuang santan panci. kunyit bubuk aduk. tambah daun pandan. daun salam. daun jeruk. serai. lengkuas. garam. kaldu jamur. sedap gula asin nasi pas. angkat beras sdh kukus. siram santan aduk. tutup menit. kukus matang menit. angkat saji lengkap
lontong nasi aron	beras, daun pisang gepeng klutuk layu atas api kompor, lidi, air	siap bahan cuci beras bersih. masak beras aron menit api. angkat biar sebentar nasi aron bungkus panas. ambil lembar daun pisang. taruh aron atas gulung padat semat dg lidi ujung pcs. didih air dalam panci. masuk gulung lontong masak. jam lontong genang air ya. air susut air biar lontong genang. lontong matang angkat. tiris dingin. dingin lontong saji dg pecel. gudeg. bakso. opor. soto dll sesuai. lontong dingin pulen
nasi goreng daun jeruk	piring nasi putih sisa malam, telur ayam, teri medan, bumbu, baput, bamer, cabe merah kriting, daun jeruk, garam kaldu sedap, lengkap, emping, bawang goreng, telor ceplok	siap nasi nasi sisa baik nasi yg inap kulkas kondisi beku. utk tambah sy teri medan yg goreng kering sisih. iris bumbu khusus daun jeruk buang tulang gunting halus. orakarik telur. pinggir sisi wajan. tuang minyak. tumis bawang merah bawang putih harum. masuk daun jeruk cabe. tumis daun jeruk layu. masuk nasi ikan teri medan aduk tambah sedap garam aduk test. saji dgn topping sukan emping dna telor ceplok santap maasyaaallah tabarakallah
nasi goreng keju	buah telur, bawang merah, bawang putih, garam, kecap, merica bubuk, keju, parut, minyak, tum	pecah telur. goreng diadukaduk sisih. halus bawangtumis harum. tambah telur goreng aduk tambah nasi campur rata tambah merica. kecap garam campur tambah keju aduk koreksi saji
nasi goreng ayam	porsi nasi dingin, bawang merah, bawang putih, buah cabai hijau, bungkus racik nasi goreng, kecap manis, kaldu jamur, ayam suir, telur ayam	iris bawang cabai. suir ayam sisih. panas wajan. ceplok telur. masuk bawang cabai ayam suir aduk masak bawang layu. tambah nasi. pasti yg bergerindil yg bergerindil masuk bumbu racik. kaldu. kecap aduk kasih api masak kering. koreksi. saji
bubur nasi	nasi cup beras, lembar daun salam, air, garam, dada ayam fillet, air, lembar daun salam, batang serai, lembar daun jeruk, ruas lengkuas, garam, lada bubuk, batang daun bawang, bawang merah, bawang putih, kemiri, ketumbar bubuk, ruas kunyit, ruas jahe, bawang goreng, daun seledri, kecap manis, sambal, kerupuk	masuk nasi dalam panci. masuk air masuk daun salam. masak api diadukaduk. air tambah. masak kental bubur. air rasa. pas matang. tambah garam. aduk. maska kental tekstur bubur. tumis bumbu halus daun salam. daun jeruk. serai lengkuas. tumis bumbu matang rebus air didih. masuk daging ayam. bumbu tum. garam lada bubuk. rebus daging ayam matang. angkat daging ayam rempah. masuk potong daun bawang. masak didih. angkat goreng daging ayam suwirsuwir. siap piring saji. masuk bubur. kuah kuning. tata ayam suwir. kerupuk. seledri bawang goreng. kecap manis sambal makan tim bubur aduk manis pedas. kerupuk
nasi uduk bunga telang	beras, santan, lembar daun salam, batang serai memar, lmbr daun jeruk purut, genggam bunga telang segar, garam, gula	rebus gelas air masuk bunga telang biar warna biru. cuci bersih beras air bunga telang biar menit beras ubah warna biru tiris. kukus beras matang. masuk sisa sari bunga telang. tambah daun salam. serai. garam. daun jeruk rebus didih. masuk beras aduk santan set. kukus nasi menit matang. saji tabur bawang goreng sambal laki lengkap
nasi tempong	mangkuk nasi putih, buah cabai rawit, cabai merah keriting, tomat, sachet terasi kemas goreng, garam selera, gula pasir selera, jeruk sambal peras, ikat kangkung rebus, terong rebus, papan petai rebus, buah timun dipotongpotong, ekor ikan nila goreng, potong goreng, ekor ikan asin tamban goreng, ketumbar bubuk, kunyit bubuk, bawang putih bubuk, garam	sambal tempong cabai rawit. tambah garam. terasi goreng gula pasir ulek halus sambal selera tambah tomat ulek peras air jeruk sambal koreksi. marinasi ikan nila menit goreng matang. marinasi. goreng matang. rebus sayursayuran suka. saji siap nasi. lauk pauk sambal saji
nasi goreng jawa	porsi nasi putih pera nasi dingin sisa malam, lembar sayur caisimsawikol, irisiris, telur, gram protein pilih sesuai selera ayamdaging sapiati ampela ayam, potong dadu suwir, garam, jumput sedap, merica bubuk, kecap manis, kecap asin, bawang putih, bawang merah, kemiri, sachet terasi, cabai sesuai selera, acar timun amp wortel, kerupuk, telur, ceplok	panas wajan minyak goreng orakarik telur. masuk bumbu halus masak matang wangi bau langu. masuk protein pilih sayur aduk masak sayur layu kecil api. masuk nasi garam. sedap. kecap manis. merica bubuk. kecap asin aduk besar api aduk menit koreksi. saji lengkap
nasi uduk rice cooker lauk favorit	, cup beras pulen, santan kental kara jenis, batang serai, lembar daun salam, lembar daun pandan, simpul, air sesuai takar masak nasi, garam, semur jengkol pedas, telur, dadar, iris tipis, mie goreng, kerupuk, iris timun, tomat, seledri, bawang goreng, orek tempe kering kacang	cuci bersih beras. masuk bahan nasi uduk panci rice cooker aduk. tekan tombol cook tunggu matang. matang. aduk nasi buang dedaunannya. saji lengkap
donat nasi	air, buah kuning telur, ragi instant fermipan dll, gula pasir, jumput garam, minyak goreng, sesuai selera topping	blender nasi air lumat campur terigu. ragi. gula pasir kuning telur ulen kalis. tambah margarin garam ulen kalis adon lengket tambah tepung terigu bulat diam adon jam kembang. kempis adon. buah sesuai selera ukur bulat diam menit. pipih lubang tengah pakai cetak tangan. goreng donat minyak panas api cenderung. tiris. tunggu dingin. topping sesuai selera optional pakein cokelat ratu perak mede yg leleh nikmat garing luar. empuk
nasi kebuli kw magiccom	kilo beras, bungkus bubuk kari instant, air, minyak tum, salam, sereh, kepulaga, kayumanis, bawang merang, bawang putih, pala bubuk	siap beras cuci bersih. bumbu ulek kari bubuk masuk air secukupnyalalu masuk bumbu ulek kari bubuk matang masuk air rebus kedlm beras campur rata takar air bikin nasi pakai bumbu. masak matang. nasi hidang
mini kimbab nasi merah	nasi merah pulen, lembar nori ukur, telur, margarin, lada bubuk, garam, wortel kyuri timun jepang, bulat lengkap, goreng	tama telur dadar gulung isi kimbab dadar telur setip tunggu matang. sisih. potong korek api wortel timun jepang wortel tumis sebentar beri bumbu garam lada bubuk potong tipis telur gulung. ambil nori masuk nasi merah pulen. tata telur. wortel. timun atas gulung rapi. sisih. tambah goreng bulat camil full protein. resep cek link ya
nasi telur hongkong	piring nasi putih, buah sosis, potong panjang, bawang merah, iris tipis, buah cabe rawit, iris tipis, telur, kocok lepas, minyak goreng tum, air, garam, tambah sesuai selera, merica, kecap asin, kaldu ayam bubuk, saus tiram, maizena, margarin, batang daun bawang, iris tipis, chili oil sy skip	siap bahanbahan iris bawang merah. cabe rawit. sosis daun bawang. panas minyak. tumis bawang merah cabe rawit harum masuk sosis aduk sosis matang. masuk telur masak matang sesuai selera mati api. campur bahan saus. kecuali margarin aduk masak api kental tambah margarin aduk margarin cair mati api. saji tuang dadarorakarik telur nasi tambah daun bawang kucur saus saji alhamdulillah yummy
nasi goreng seafood crispy	piring nasi putih, udang tepung, cumi crispy, bawang putih, cincang, buah cabe rawit, iris, saus tomat, minyak wijen, kecap ikan, kecap asin, garam, lada bubuk, kaldu jamur, minyak goreng, daun bawang iris, bawang goreng toping	air fryergoreng udang cumi crispy. sisih. tumis bawang putih cabe rawit wangi minyak. masuk nasi. saus. kecap ikan. minyak wijen. kecap asin. garam. lada kaldu aduk. campur masuk daun bawang. cumi udang crispy aduk rata. angkat saji panas tabur bawang goreng
nasi ayam rice cooker	ekor ayam ayam kampung, ruas jahe, bawang putih, minyak, batang daun bawang, gram beras, air, saos tiram, minyak wijen, , garam, merica, tepung tapioka	potong ayam sesuai selera cuci bersih beras siap bahan. campur bumbu marinasi. lumur ayam diam menit. rajang halus bawang putih. goreng minyak api aduk kuning. mati api. masuk beras rice cooker. air. bawang putih goreng minyak. masuk ayam dimarinasi aduk beras nya langsung masak nyala rice cooker. matang. tabur daun bawang santap
nasi goreng kecombrang	piring nasi dingin nasi kulkas, bawang merah, iris halus, bawang putih, cincang kasar, kecombrang, iris tipis, cabai rawit merah, iris bulat, pack terasi, btr telur ayam, batang daun bawang, iris kasara, paha ayam fillet, potong, kecap asin, saus tiram, garam, sedap, gula, minyak goreng, bokcoy	tumis ayam minyak panas. garam. angkat sisih. tumis bawang merah. bawang putih cabe harum tambah kecombrang. aduk. masak harum matang. singkir bumbu pinggir wajan. masuk telur. masak telur matang wangi. tambah nasi dingin. aduk bumbu kecap asin. saos tiram. garam. sedap gula. koreksi. masuk sawi ayam tum daun bawang. aduk angkat saji
cireng nasi sisa	mangkuk nasi dingin, tepung tapioka, air hangat, bawang putih, buah cabe rawit merah, ketumbar, garam, kaldu bubuk, batang daun bawang iris halus	ulek bumbu halus sisih. masuk nasi wadah. tumbuk lembut halus masuk bumbu aduk. tambah tepung kanji. tuang air hangat gelas aduk tambah iris daun bawang aduk campur adon lembekambil adon goreng minyak panas goreng matang kuning luar kulit angkat tiris. alhamdulillah cireng nasi sisa nikmat selamat coba
nasi kebuli	gram beras basmati kemas, buah bawang bombai, buah cabe hijau, kari instan kemas, buah bunga lawang, buah kapulaga arab, batang kayu manis uk kelingking, buah cengkeh, air, margarin tum, gram daging sapi panggang, bawang goreng, kismis, bawang bombai	siap bahan. tumis bawang bombai layu. masuk bumbu instan. tambah air. masuk beras cuci. daging sapi panggang. kismis. cabe hijau. garam masak matang. saji iris bawang bombai tabur bawang goreng
nasi goreng seafood	piring nasi dingin suhu ruang, gram udang, gram cumi, telur kocok lepas, bakso ikan, kecap manis, saus tiram, kecap ikan, kecap asin, garam lada, batang daun bawang rajang, bawang merah, bawang putih	siap bahan. tumis bawang harum. sisih. orak arik telur dgn minyak. matang pinggir wajan tumis udang cumi cumi matang. masuk bumbu halus yg tum. tambah nasi. tambah saus tiram. kecap asin. kecap ikan garam besar api tambah kecap manis pinggir wajan karamel aduk. koreksi saji
nasi goreng jamur telur	minyak sayur, minyak wijen, bawang putih, cincang halus, cabe rawit merah, iris bulat, bawang bombay cincang halus, jamur shimeji, biji jagung manis, telur ayam, kocok, g nasi putih dingin, kecap asin, kaldu jamur, merica bubuk, garam, batang daun bawang iris kasar	panas minyak. tumis bawang putih bawang bombay layu harum. tambah jamur biji jagung manis. aduk layu sisih pinggir wajan. tuang telur kocok. aduk gumpal. aduk masuk cabe rawit. aduk. tambah nasi. bumbu kecap asin. kaldu bubuk. tambah merica garam besar api. adukaduk campur kering angkat tabur daun bawang saji hangat
nasi goreng	porsi nasi kuning, porsi nasi putih, buah wortel potong dadu, buah jagung manis sisir, telur dadar, buah cabe merah, buah cabe rawit, bawang putih, bawang merah, garam, kaldu jamur	siap nasi. campur aduk potong telur dadar. cacah haus bawang cabe tumis layu. masuk telur dadar. nasi sayur seasoning aduk koreksi hidang
nasi goreng kampung	centong nasi, telur, bawang merah, iris, bawang putih, iris, buah cabe rawit setan, iris, genggam ayam suwir rebus, daun bawang iris, kecap asin, kecap manis, garam, gula amp lada bubuk, minyak sayur tum, acar, iris tomat	siap bahan ceplok telur sisih. tumis bawang merah. putih cabe layu harum masuk suwir ayam. tumis sebentar. masuk nasi. kecap asin manis. lada. gula garam. aduk campur lupa tes ya masuk daun bawang. aduk mati api. tuang piring saji saji nasi goreng kampung lengkap
nasi kuning bumbu ayam goreng instan	beras putih, sachet bumbu ayam goreng instan, pake merk racik, garam optional, santan instan, batang serai, geprek, iris lengkuas, geprek, lembar daun salam, lembar daun jeruk, buang tulang daun, bubuk kunyit instan, air, telur dadar, bawang merahngoreng instan	cuci bersih beras putih. tiris. masuk dalam wadah rice cooker tambah bumbu ayam goreng instan. garam. serai. lengkuas. daun salam. daun jeruk. kunyit bubuk instan santan instan. tuang air banyak air sesuai jenis beras. . air ruas jari atas muka beras aduk tutup. tekan tombol cook masak nasi matang. saji menu favorit. pakai telur dadar suwir bawang merah goreng
nasi goreng kencur	centong nasi, telur, ruas jari kencur, bawang putih, bawang merah, garam, micin, sedap, lada, paha ayam opsional, ati ayam opsional	ulek kencur. baput. bamer suka pedas tambah cabai yaa. potongpotong topping sesuai selera. btw centong nasi kirakira gin. panas minyak wajan. tumis bumbu wangi. masuk telur topping. tumis sebentar. masuk nasi. garam. micin. sedap. aduk rata. koreksi. saji
nasi goreng thr	potong dendeng basah sisa lebaran, suwir, sambal dendeng basah sisa lebaran, minyak kelapa, piring penuh nasi putih, kecap manis, garam, , kaldu bubuk skip, batang daun bawang, bawang goreng, topping, telur pindang, bawang goreng, peyek rebon, kembang goyang, kentang mustofa, buah timun, daun sledri	siap bahan bahan butuh. tumis sambal. masuk daging suir. aduk campur tambah nasi putih. aduk satu. tambah kecap. garam. kaldu bubuk aduk. lupa koreksi tambah iris daun bawang. aduk. tabur bawang goreng. saji piring. lengkap topping sesuai selera. kentang mustofa. dll sisa lengkap ketupat saat raya. cocok kondimen nasi goreng thr nikmat walauppun masakan sisa
nasi goreng udang	piring nasi sisa malam, telur, ekor udang, sih, lembar sawi putih, batang bawang pre, margarin, lada bubuk, kaldu bubuk, bawang merah, bawang putih, buah cabai merah	siap bahan bumbu iris bawang merah. bawang putih. cabai merah. bawang pre potong udang iris sawi putih. panas margarin. tumis bawang merah. bawang putih. cabai merah wangi layu masuk udang. adukaduk. masuk telur. orakarik tambah sayur masak layu masuk nasi iris daun bawang aduk rata nasi gumpal bumbu lada bubuk kaldu bubuk aduk rata koreksi. angkat salin piring saji enjoyy
nasi daun jeruk simple	mangkuk nasi putih, lembar daun jeruk, bawang putih, margarin, kaldu ayam bubuk, pcs telur mata sapi, pcs sosis goreng, bawang goreng, sambal	siap nasi iris bahan. panas teflon. masuk margarin. masuk bawang putih cincang. tumis sebentar. masuk daun jeruk. aduk. masuk kaldu bubuk aduk sebentar mati api. pindah nasi mangkok campur bahan tum aduk. cetak nasi. saji topping sesuai selera
nasi kuning simpel	cup beras, sachet bumbu racik ayam goreng, sachet santan instan, serai geprek, daun salam, daun jeruk, air jeruk nipis, garam, air ukur utk masak nasi	cuci bersih beras. tiris. masuk panci rice cooker. tambah air masak nasi masuk bumbu racik dalam panci. tambah santan instan bumbu kering. . aduk. pencet tombol cook. sdh matang aduk nasi. tutup lg masak matang. . saji dg lauk favorit
nasi bayam	ikat bayam, ambil daun, cuci bersih rendam air garam menit bilas, garam, wijen putih sangrai, optional bubuk bawang putih, pakai merk desa, minyak goreng, gram nasi kirakira piring penuh	panas minyak goreng goreng bayam api kering gosong tiris tissue dapur minyak serap tissue. taruh baskom mini. bayam tiris tekantekan bayam sendok hancur potong kecilkecil. masuk baskom wijen. garam. bubuk bawang putih nasi aduk. cetak nasi anakanak suka saji sarap bekal selamat coba
nasi goreng terasi	piring nasi, ayam suwir, cabe rawit iris halus, bawang putih cincang halus, bawang merah iris halus, daun bawang iris halus, sambel hijau sisa sambal hijau, sachet terasi, gula, garam, sedap, saos tiram, telor rebus iris iris, genggam kerupuk bawang warna warni, telor dadar, cabe keriting merah iris garnish, tomat iris	siap bahan bahan. tumis duo bawang aduk harum masuk sambal hijau terasi. . aduk. masuk ayam suwir aduk masuk nasi aduk masukkkan iris cabe rawit. saos tiram. garam. gula sedap aduk. lupa koreksi masuk iris daun bawang aduk sebentar mati api. nasi goreng terasi nikmat. super yummy. enaaakkk banget siiih aroma khas bangetmungkin lamaaa banget ga makan nyium terasi kali yaaa. nom nom. selamat coba
nasi goreng mawut	gram nasi putih, keping mie kuning, gram daging ayam potong dadu, lembar pakcoy potong, telur ayam, buah cabe rawit halus, bawang putih geprek, saos tiram, kecap manis, saos sambal, daun bawang iris, garam, kaldu jamur, merica bubuk	rebus mie angkat tiris. tumis bawang putih daging ayam masuk telur orakarik. masuk nasi. mie. pakcoy aduk tambah saos tiram. kecap manis. garam. kaldu jamur. merica. cabe halus. saos sambal. daun bawang aduk campur rata koreksi sesuai selera saji
dadar nasi	piring nasi sisa me nasi porang, telur, batang daun bawang, iris tipis, wortel, parut opsional me ukur, bawang putih, halus, sendok teh garam, sendok teh merica bubuk, sendok teh kaldu bubuk opsional me kaldu ayam non msg, minyak goreng	siap bahan halus bawang putih. campur bahan mangkuk. campur nasi sisa. telur. daun bawang. wortel. bawang putih. garam. merica. kaldu bubuk aduk. panas wajan panas minyak wajan api kurang minyak. goreng dadar nasi tuang adon nasi wajan. rata telur dadar goreng sisi bawah warna cokelat. goreng sisi matang. tiris angkat tiris dadar nasi tisu dapur serap minyak lebih
nasi nori	porsi nasi, lembar nori gim rumput laut kering panggang, gram paha ayam fillet, buah wortel, buah timun, buah telur, bawang putih, minyak wijen, kecap asin, garam, lada bubuk, jahe	campur minyak wijen kecap asin nasi. aduk. ulek bawang. garam. jahe. lada marinasi daging ayam cuci bersih. iris wortel tipistipis. rebus air. kupas iris timun tipistipis. dadar buah telur. tambah garam iris matang. goreng ayam dimarinasi. potong kecilkecil. tata bahan piring nasi nori santap
nasi goreng kecap bakso sosis	bawang putih, buah bakso sapi, buah sosis sapi, telur ayam, buah cabai merah, porsi nasi putih, minyak goreng, kecap manis, garam koreksi asin, sedap	iris tipis bakso sosis geprek bawang putih. cincang halus iris cabai merah panas minyak goreng masuk bawang putih. bakso. sosis. tumis harum. tambah telur. cabai merah. garam. sedap orak arik rata. masuk nasi putih. tambah kecap manis aduk rata koreksi. nasi goreng kecap bakso sosis saji selamat coba
nasi bijibijian multi grain kongbap	cup beras putih, multi grain, cup air sesuai	cuci bersih beras putih. campur beras multigrain. tuang air tambah multigrain tambah cup air. aduk sebentar. tekan cook. matang. saji
nasi kepal nori telur	centong nasi panas, buah wortel, potong dadu rebus tiris, telur, dadar potong kecilkecil, minyak wijen, kecap asin, mayonaise, botol bubuk nori merk bon nori varian original gram	masuk nasi dalam wadah masuk minyak wijen. kecap asin. moyonaise. bubuk nori. wortel telur dadar aduk bahan campur kepalkepal bentuk bulatbulat
kerupuk nasi	bawang putih, ketumbar, cup beras, tepung tapioka, air, garam, air rebus, warna makan	cuci beras. masak rice cooker tanak ambil nasi. campur air halus. halus bawang putih ketumbar air jugak ulek halus wadah. blender nasi air halus campur nasi bumbu halus. . masuk tepung tapioka. ulen masuk tepung tapioka. garam. aduk ulen adon pulung gulir atas nampan yg tabur sisa tapioka. panas air. tuang minyak goreng masuk adon. masak apung angkat tiris biar dingin. dingin. warna adon simpan kulkas malam biar adon padat. mudah potong. malam. potong tipis adon jemur cuaca terik. goreng santap
nasi goreng pelangi ala dapoer budhe	porsi nasi, bawang putih cincang kasar, bawang merah cincang kasar, cabe merah cincang kasar, wortel serut pakai serut keju, batang daun bawang ukur, garam, terasi	siapkab bahanbahan. tumis bawang merah. bawang putih rawit merah wangi tambah garam terasi. aduk. masuk nasi. masak nasi matang lupa cek ya mom. nasi matang sesuai selera. masuk wortel daun bawang masak sayur matang mati kompor saji. matang. pindah piring saji. tabur bawang goreng saji hangathangat sarap pagi
mochi abon ayam mochi nasi	abon ayam mojo, resep mochi nasi sisa, maizena sangrai balut	adon nasi sisa sesuai tunjuk resep biar hangat kuku dingin. guma sarung tangan plastik ambil adon mochi nasi. pipih abon tutup. baik bentuk padat. guling maizena. pindah wadah saji hidang cemilan makan pokok dilengakapi hidang sayur yg sesuai
nasi bakar ayam suwir	telur asin matang, belah, daun pisang bungkus jemurkukuspanaskan kompor keras, g beras, santan meg kelapa parutair peras air, lembar daun pandan, batang serai, helai daun jeruk, helai daun salam, garam, buah dada ayam, batang serai, helai daun jeruk, garam, gula pasir, air, minyak tum goreng, bawang merah, bawang putih, buah kemiri, cabe merah, kunyit	cuci bersih beras masak santandaun jerukdaun salamseraidaun pandangaram didih campur santanberas rice cooker masak matang. rebus dada ayam matang suwir sisih goreng bahan bumbu ayam suwir layu angkat. tiris uleg halus. panas minyak tumis bumbu halusseraidaun jeruk wangi masuk ayam suwir masuk garammicingula pasir aduk tambah air koreksi tumis sebentar air serap kering sisih. siap bahan nasi bakar. letak telur cetak ayam suwir tekan masuk nasi uduk tekan. balik daun pisang. bungkus tutup lipat bawah lipat. lipat kanan kiri semat tusuk gigi gunting rapi sisa daun ulang bawah. bungkus rapi bakar sisi bakar sisi menit
nasi goreng mentega satset	centong nasi sisa malam, mentega, telur ayam, batang daun bawang, bawang putih bubuk, garam, gula pasir, merica bubuk, kaldu jamur	panas wajan. leleh butter mentega. masuk telur ayam. orak arik. masuk nasi putih sisa malam. adu campur. bumbu bumbu sedap. aduk koreksi masak bumbu resap. . masuk iris daun bawang. aduk saji selagi hangat
mochi nasi sisa isi kacang	nasi, airsususantan, tapioka, maizena, gula pasir, minyak sayur, garam halus, kacang sangrai, gula pasir, mentegamargarin air garam	isi mochi tumbukblender kasar kacang tanah sangrai campur gula pasir mentega aduk isi yg gumpal. mentegaair sesuai butuh. rendam nasi sebentar airsantansusu resep blender halus ulang blender x halus. campur whisk hasil blender tepung tapioka. tepung maizena. gula. minyak sayur garam campur yg bergerindil. panas api aduk aduk adon matang. kental. gumpal berat aduk mati api tunggu adon hangat kuku dingin. sarung tangan plastik mochi ukur mini ambil adon mochi sisa leper isi tutup rapat bulat adon mudah bentuk mudah rekat. guling maizena yg sangrai pindah wadah tekstur kenyal empuk anti keselek dilsimpan kulkas empuk
bubur nasi praktis	piring nasi, potong ayam sisa opor, daun bawang	siap bahan iris daun bawang pakai hijau. goreng ayam sisa kuah opor tunggu dingin suwir ayam. blender nasi air jgn halus bgt masuk kuah opor masak kuah susut. tambah garam kaldu bubuk aduk tes masuk daun bawang masak matang. matang saji dgn tambah bawang goreng. ayam suwir. kerupuk. kecap sambal
nasi goreng express	mangkok nasi sisa, telur, bawang putih, cincang, mixed vege resep lampir, minyak, garam kaldu jamur, lada bubuk	panas minyak orak arik telur sisih tambah minyak tumis bawang putih harum. masuk mixed vege beef aduk. tambah nasi oseng tambah garam. sedap. lada koreksi saji
nasi uduk praktis	beras, sachet nasi uduk kobe, ayam goreng, potong timun, terong ungu, goreng	masak nasi ukur porsi matang masak. nasi matang. ambil porsi nasi. masuk sachet nasi uduk kobe. aduk. siap nasi lengkap
nasi daun jeruk	porsi nasi panas, margarin, bawang putih, cincang, lembar daun jeruk, buang tulang tengah, iris tipis, kaldu bubuk ayam	panas margarin. tumis bawang putih harum masuk daun jeruk. garam. kaldu bubuk tumis daun jeruk harum awas gosong. siap nasi panas masuk tumis bawang putih daun jeruk. aduk benarbenar. saji. yummy
pie brownies	pcs crush pie, dcc, gram butter, gram tepung terigu, gram gula pasir, telur, gram cokelat bubuk, tsp garam, gram cream cheese, gram gula halus, kuning telur, vanila extract, tbsp fiber cream tbsp air hangat larut	siap kulit pie matang leleh butter cokelat. sisih kocok telur gula gula larut foto telur langsung resep ya. masuk leleh dcc butter hangat hangat kuku tuang dalam kocok telur. aduk. masuk tepung bubuk cokelat. aduk. masuk dalam piping bag mudah isi kulit pie cream cheese campur bahan cream cheese lembut spatula mixer cepat rendah semprot adon brownies cream cheese. panggang suhu derajat menit angkat saji
brownies ketan hitam keju karamel	karamel, air panas, gula pasir, vla keju, keju olescream cheese, telur, munjung maizena, vanilla ekstrak, brownies ketan hitam, gula pasir, tepung ketan hitam, tepung terigu, cokelat bubuk, baking powder, baking soda, telur, susu cair, minyak goreng, vanilla ekstrak	karamel panas gula pasir api leleh. aduk tambah air panas biar larut tuang loyang oles apa rata biar set. tuang loyang oles apa rata biar dingin set. vla keju campur bahan. mix lembut mixerblender whisker. tuang karamel saring kukus menit api cenderung matang. brownies ketan hitam aduk gula. vanilla ekstrak telur kocok gula larut whisk masuk bahan kering tepung ketan hitam. tepung terigu. cokelat bubuk. baking powder. baking soda ayak aduk. masuk minyak susu cair aduk adon benarbenar campur. tuang adon brownies lapis keju kukus menit matang. cake matang tunggu hangat keluar cake loyang saji nikmat langsung hangat dingin vla keju kokoh lumer mulut
cake tapebolu tape	g tape singkong, lumat, g tepubg terigu, g maizena, g susu bubuk, telur, g gula pasir, g margarin, g minyak, garam, sp, skm	mixer telur dg gula cair. masuk tepung. maizena. susu bubuk. kocok campur. . masuk sp mixer kental jejak. masuk skm. garam mixer bentar masuk tape yg lumatbke adon aduk pake mixer sbntar smpe campur. ambil margarin yg mixer smpai kembang. campur dg minyak. aduk. kemudain ambil adon masuk margarin n minyak yg mixer. . aduk. . nama tehnik pancik. . mudah campur minyak dg adon spya mudah. masuk adon sisa campur aduk campur. panggang dg api api api menit cek matang dg tusuk dg tusuk sate tempel keluar dri oven. silah coba. . 
pukis triple choc	gram tepung terigu serbaguna, telur, gram margarin, gram gula pasir, gram fibercreme, ragi instan, gram cooking chocolate, potong, gram cokelat bubuk, vanili bubuk, garam, air hangat, gram cooking cokelat leleh margarin, gram cokelat meses	campur margarin cooking chocolate. panas atas api aduk larut campur. sisih diam suhu ruang. larut fibercreme campur fibercreme air hangat. aduk campur. sisih. wadah. masuk gula pasir. garam. vanili telur. kocok whisk gula larut. masuk larut fibercreme adon. aduk campur. tambah ragi instan aduk campur. ayak. masuk tepung terigu cokelat bubuk adon telur. aduk campur. masuk margarin cooking chocolate cair. aduk campur istirahat adon kurleb menit. panas cetak. oles margarin. tuang adon cetak. tutup cetak masak matang. tabur cokelat meses atas. tutup cetak. masak matang. angkat pukis topping
bolu ketan hitam gluten free	tepung ketan hitam, telur, gula pasir, bks vanili bubuk, jumput garam, minyak, santan, baking powder	mixer telur gula pasir menit kembang jejak. ayak tepung ketan. baking powder. garam masuk adon telur kembang. tekhnik pancing campur minyak santan mangkuk pisah ambil sendok adon. campur mangkuk isi minyak santan aduk. campur adon tepung ketan. masuk loyang bulat kotak pakai loyang kotak ukur x. oles minyak baking paper. panggang oven api menit. angkat. tunggu dingin. potong saji
brownies hias ulang	telur ayam, dcc, margarin, minyak sayur, tepung terigu, cokelat bubuk, gula pasir blender, cokelat spread pake colatta, strawberry, belah, choco ball, cokelat putih tulis	tim dcc leleh tambah margarin minyak sayur tim leleh aduk. kocok telur busa tambah gula pasir kocok gula larut. masuk campur cokelat leleh aduk. ayak terigu cokelat bubuk masuk adon aduk. tuang loyang alas baking paper diam menit panas oven oven menit suhu c. dingin. hias brownies cokelat spread toping strawberry. choco ball tulis cokelat putih
cokelat kacang cookies	margarin, butter, btr kuning telur, gula halus ayak, sacet susu bubuk, sacet vanili, bakingpowder, tepung terigu, cokelat bubuk, kacang tanah sangrai, dcc, potong	kocok margarim. butter. vanili gula halus menitlalu masuk kuning telur. masuk susububuk. dcc. kacang tanah aduk ratamasukan terigundan baking powder aduk rataambil adon sendok teh leta loyang alas baking papper. panas oven. panggang cookies matang sesuai oven
indilindil cenil	gram tapioka, gram terigu, garam, gula pasir, air panas, warna makan hijau, merah, kelapa parut, garam	masuk bahan ulen air panas. adon warna. bentuk sesuai selera rebus apung. kukus kelapa parut garam. saji kelapa parut gula pasir
choco butter cookies	butter mentega, margarin rose brand, gula halus rose brand ayak nb niat bikin cookies gurih aja, gula rangin yah, kuning telur, keju cheddar parut, terigu pro rendah, maizena rose brand, susu bubuk, baking powder optional ganti baking soda, messes ceres, selai cokelat, selai nutella masuk dalam piping bag ganti glaze	siap bahan yg butuh aduk tepung terigu. tepung maizena rose brand. susu bubuk. baking powder campur sisih. wadah. campur butter. margarin rose brand. gula halus rose brand. kuning telur. keju parut aduk whisk campur. masuk campur tepung ayak adukaduk campur. tambah messes adon. ulen. sebentar ya. klo messes hancur. adon ubah cokelat. rata adon rolling pin cetak susun loyang semprot selai cokelat. selai cokelat. masuk keladalam oven yg panas. oven c menit matang matang. angkat keluar oven dingin dingin masuk alam toples kedap udara
mini pie brownies shiny crust	tepung terigu protein, margarin, gula halus, air dingin, telur, gula halus, dcc, margarin, minyak sayur, tepung terigu protein, cokelat bubuk, kopi bubuk ampas opsional, garam opsional, almond slice	campur bahan pai aduk satu bentuk. timbang adon cetak pie ukur d. tekan adon rapi rapika pinggir pie. brownies. kocok telur gula halus ratadan warna kuning pucat. tim cokelat dcc. minyak margarin leleh aduk tuang kocok telur tambah tepung cokelat bubuk. kopi. garam aduk. masuk adon brownies pie penuh tabur kacang almond opsional. panas oven menit panggang c menit angkat diam suhu ruang lepas cetak kemas plastik opp
kue sarang laba laba cokelat	tepung terigu, cokelat bubuk, tepung maizena, tepung beras, gula pasir suka manis tambah ya, telur, vanili bubuk, garam, susu uht full cream susu bubuk air, , minyak goreng margarin cair	siap bahan bahan masuk gula pasir wadah tambah tepung terigu. masuk cokelat bubuk masuk tepung maizena tepung beras. masuk vanili bubuk masuk susu cair masuk telur yg kocok pakai garpu. masuk garam aduk pake whiskmixer campur gula larut. masuk minyak goreng aduk masuk adon dalam plastik segitiga pakai plastik. ikat ujung lancip gunting sedikitkecil panas wajan teflon dgn api. panas coret bentuk sarang laba laba foto matang gulung. saji kue sarang laba laba cokelat
kue cokelat kacang	margarin, tepung terigu, kuning telur, kacang tanah sangrai tumbuk kasar, cokelat bubuk, gula halus, sachet vanili, tepung maizena	sangrai kacang tanah. buang kulit ari tumbuk wadah campur margarin. telur gula haluskovok dgn whisk campur. masuk cokelat bubuk ayak. masuk tepung maizena aduk. sdh campur masuk tepung terigu yg sdh d ayakaduk masuk kacang tanah yg sdh tumbuk. ulen dgn tangan d pulung siap loyangbentuk bulat adon berat d sajaletakan bulat kue d loyang tekan dgn garpu pipih. panggang matang. angkat angin kuebila sdh dingin d masuk k dlm toples
bolu chocolatos	bungkus chocolatos drinkbeng drink, air panas, telur, tepung terigu, jumput baking soda, jumput vanili, minyak goreng	larut serbuk minum cokelat air panas aduk. kocok telur gula pasir campur. masuk terigu. baking powder vanili aduk masuk larut cokelat. aduk tambah minyak goreng aduk campur. oles cetak pakai minyak tuang adon cetak kukus menit
brownies cokelat keju lumer	telur, bgks chocolatos, gula, baking powder, baking soda, vanila bubuk, cokelat batang, tepung terigu, minyak sayur, keju oles	siap bahan yg larut dg sedkt air panas bubuk chocolatos. kocok telur gula gula larut tambah tepung terigu. vanili bubuk. baking soda. baking powder. aduk campur. . tambahkn larut chocolatos. cokelat batang yg sdh leleh. minyak sayur campur. . masukkn wadah cetak yg pakai paruh kukus menit. tambahkn keju oles ditangahnya tutup dg sisa adon brownies kukus menit angkat dingin. saji hangat keju nya asa lumer
steamed brownies rollcake	telur, gula pasir, sp, tepung terigu protein, cokelat bubuk me bensdorp, dcc, susu cair, minyak goreng, pasta cokelat blackforest, garam	panas kukus tim dcc minyak goreng susu cair aduk sisih. campur bahan kering aduk sisih. mixer telur gula cepat kental jejak. masuk campur terigu cokelat bubuk mixer cepat rendah. masuk campur dcc. minyak susu aduk overmix. tuang loyang ukur x x oles minyak alas kertas baking hentakkan keluar udara perangkap kukus kurleb menit tes tusuk. adon tempel. angkat brownies balik kertas roti lap bersih buka kertas bakingnya gulung pelan bantu kertas roti hangat. buka gulung oles buttercream selai cokelat. gulung padat simpan kulkas minimal jam. reta. sy siram dcc cair hias keju parut alhamdulillah enakkk
pukis brownies	gram dark cooking chocolate, gram margarin resep asli pakai butter, telur ayam utuh, gram gula pasir, gram tepung terigu protein, gram tepung maizena, gram cokelat bubuk, susu uht cokelat, gram ragi instan, gula pasir, air hangat kuku	siap bahan. leleh margarin dark cooking chocolate dingin aduk bahan biang diam menit busa busa pakai ya. mixer cepat telur ayam gula pasir gula larut lembut. masuk ayak tepung terigu protein. tepung maizena. cokelat bubuk. mixer cepat rendah masuk susu uht cokelat. mixer. masuk bahan biang. mixer campur tutup serbet bersih diam jam. jam masuk leleh margarin dark cooking chocolate. aduk. panas cetak kue pukis. oles margarin tuang adon cetak tutup. masak matang angkat. panaspanas langsung oles pukis margarin
chocolate rice flour sponge cake cupcake tepung beras gluten free cupcake	bahan a, telur ayam utuh suhu ruang, gula halus bola deli, vanila bubuk sesuai, jumput garam, butter, dark chocolate compound, susu cair hangat, kopi instan larut dlm susu cair skip, tepung beras bola deli, maizena bola deli, cokelat bubuk bourduex tulip, baking powder, garam	siap bahanbahannya. potong cokelat mudah leleh tambah butter leleh dgn tehnik double boiler leleh. sisih. ayak campur bahan kering. sisih. bowl masuk gula halus telur. kocok ribbon stage kental jejak whisk angkat adon jatuh perlahan bentuk pita atas muka langsung tenggelam. masuk bahan c yg ayak. campur aduk campur masuk susu cair. aduk. masuk leleh butter dcc pasti panas aduk adon campur pasti lemak yg tinggal dasar bowl. mudah tuang adon cetak. gelas takar biasa keluar cupcake paper hindar cupcake kena tangan tuang adon isi cetak cupcake. cupcake decorating. bibir cupcake. panggang cupcake darcel api pakai oven gas menit sesuai oven angkat cupcake. dingin cooling rack
martabak lipat cokelat	tepung terigu, cokelat bubuk, gula pasir, telor, susu cair, vanili bubuk, garam, baking powder, soda kue, keju parut, mentega, utk oles skip	siap bahan parut keju. sisih. campur terigu. cokelat bubuk. vanili garam dlm wadah masuk jg telor. aduk tuang susu cair. aduk sampe campur adon. masuk soda kue baking powder. aduk adon kental ya. panas wajan teflon dgn api panas. tuang adon sendok sayur panggang sampe adon pori lubang. matang. angkat sisih laku sampe adon habis. ambil martabak yg sdh matang. oles dgn mentega isi keju parut me. lipat. lipat martabak tekan pinggir spy bentuk bagus. tekan pelan aja pake garpu. tata piring saji. martabak lipat cokelat makan sbg cemilan teman ngopingeteh
bolu cokelat glaze	telur, gram gula pasir, sp, vanili bubuk, gram tepung terigu, gram cokelat bubuk kualitas bagus me bendico xd, gram dcc, margarin, gram glaze vanila, gram glaze cokelat, choco chips cokelat, choco chips vanila	mixer gula. telur. vanili sp cepat rendah. tahap kocok kembang. masuk campur tepung cokelat bubuk ayak. mixer. tambah leleh cokelat margarin. tuang dalam loyang oles margarin. panggang menit api suhu matang hias glaze choco chips
oat cinnamon cookies with dark and white chocolate gluten free	margarin rose brand cair, gula aren bubuk, buah telur, vanilla essense, oatmeal quaker merahbiru halus, jimpit garam, baking powder, soda kuebaking soda, cinnamon powderl, dark chocolate cacah kasar, white chocolate cacah kasar	blender oat sisih. cair margarin rose brand. bowl campur bahan a mixeraduk wisk gula larut. masuk bp. bs. garam. cinnamon powder aduk. masuk tepung oat tahap aduk spatulla. masuk chocolate cacah aduk masuk frezer. panas oven suhu c api menit. alas loyang baking paper. ambil sendok bulat adon koyang pcs jarak adon cookies panggang menit rak. keluar oven dingin saji. nikmat cangkir tehkopisusu minum suka. alhamdulillah
semprit cokelat putih telur	margarine, gula halus, putih telur, terigu pro rendah, tepung maizena, susu bubuk, cokelat bubuk, garam, vanilla, mini choco chips	siap bahanbahannya. mixer gula margarine menit tambah putih telur vanilla. aduk dgn spatula. tambah cokelat bubuk. garam maizena. aduk dgn spatula. masuk terigu tahap saring aduk dgn spatula. ulen sebentar dgn tangan. adon gumpal campur. masuk adon dalam plastik segitiga spuit m. cetak adon atas loyang yg sdh semir margarine panas oven c menit. panggang oven c menit. dingin sebentar suhu ruang simpan toples kue tutup rapat. saji snack minum teh kopi
rainbow cake kukus	telur ayam, gula pasir, sp, tepung terigu protein, baking powder, margarin rose brand leleh, tetes warna makan merah, tetes warna makan kuning, tetes warna makan hijau, susu kental manis, keju	mixer cepat telur ayam. gula pasir. sp kembang kental jejak masuk ayak tepung terigu baking powder ayak masuk margarin rose brand leleh. aduk. adon warna tetes merah. kuning hijau panas kukus lapis tutup kukus serbet bersih. siap cetak oles margarin rose brand tepung terigu lapis kertas roti. tuang adon hijau kukus menit. buka kukus masuk adon kuning atas kukus menit tuang adon merah kukus menit angkat dingin. lepas kertas roti pelanpelan potong potong saji teman ngopi ngeteh
chocolate mochi cheesecake gluten free	cream cheese pakai keju spread merk procheese x, gula pasir pakai gula aren bubuk rangin pakai compound chocolatedcc, telur ayam suhu ruang, ukur, tepung maizena, cokelat bubuk, whipping cream cair wpc, cokelat batang cacah mudah cair, sachet kopi instant ampas nescafe, larut dg air panas, aduk campur, tepung ketan, gula pasir pakai gula singkong cair, cokelat bubuk, garam, susu cair plain pakai yg cokelat, kurang pakai gula, minyak sayur good quality, cokelat bubuk tabur	siap panci isi air didih preheat oven suhu delcel masuk potong cokelat mangkuk tahan panas. leleh dg tehnik double boiler tunggu hangat kuku masuk wadah isi wpc aduk campur. larut kopi dg air panas tuang campur dcc n wpc. aduk sisih. siap bahan pakai chooper campur adon moms pakai mixer whisker ya masuk keju spread telurgula halus. tuang adon cokelat leleh chopper. tekan tombol on utk rata moms campur dg manual y tuang loyang yg alas baking paper. panggang suhu delcel menit api. turun suhu delcel menit api sesuai oven masingmasing ya keluar oven. dingin cooling rack masuk kulkas spy set minimal jam an malam besok keluar loyang. potong sisih. mochi wajan masuk bahan mochi yg kering tepung maizena. tepung ketan. gula. garam. cokelat bubuk. campur. masuk susu cair minyak sayur masak dg api aduk tinggal spy gosong. panas angkat wajan. letak plastik bening yg tahan panas pakai sarung tangan panas ulen dg sendok kayu adon. bulat. pipih dg rolling pin. ambil slices kue cokelat cheesecake nya. taruh kulit mochi nya. bungkus tutup muka kue. rapi. yg rapi letak laku kue tutup kulit mochi tabur dg cokelat bubuk dg bantu saring teh yg halus masuk kulkas jam spy set potong kue nya legit banget
putu ayu santan	gram tepung terigu protein ayak, gram gula pasir rose brand warna hijau premium, telur ayam, garam, santan, sp, bp, jumput vanili susu la rome, warna makan, kelapa muda parut kukus daun pandan, minyak goreng rose brand oles	kukus kelapa parut tambah daun pandan menit sisih siap bahanbahan nya oles cetak minyak goreng rose brand tambah kelapa parut padat. wadah mixer telur. gula pasir. sp kembang tambah tepung terigu. garam. vanili susu ayak aduk. tuang santan perlahan aduk. tambah warna makan aduk. tuang adon penuh. kukus menit. lupa kukus serbet double uap panas tetes. saji selagi hangat tani minum teh. kopi santai keluarga
brownies cheese caramel	gula pasir, air panas, bahan keju, keju oles, telur, gula pasir, tepung maizena, susu cair uht, minyak mkn, telur, gula pasir, baking powder, soda kue, tepung terigu, cokelat bubuk, cokelat leleh dgn minyak	karamel. . panas gula teflon gula larut air panas. . aduk masuk loyang rata. campur bahan keju aduk bahan campur rata. tdk yg bergerindil. masuk dlm loyang yg caramel kukus slama menit. . memngukus lapis brownies. bahan brownies masuk bahan brownies aduk rata tuang atas lapis keju kukus menit matang. . 
soft cookies with apple	tepung terigu, telur ayam, buah apel, gula pasir rose brand, margarin rose brand, baking powder, susu cair tambah	siap bahan bahan butuh siap air matang yg garam jeruk nipis cuka kupas apel potong kotak. masuk dalam air garam tuju apel browning tunggu tiris. panas oven c kocok telur gula rose brand mangkuk tambah margarin rose brand cair. aduk. ayak tepung terigu bubuk kembang. masuk campur terigu sedikitdemi dimixer cepat rendah. rasa kental. tambah susu aduk adon bentuk gambar masuk apel adon. aduk. loyang lapis kertas roti sendok. ambil adon letak loyang. jarak adon. masuk oven menit disesuaikandengan oven masingmasing keluar oven taruh rak kawat benarbenar dingin. tabur gula bubuk letak piring saji saji orang orang cinta
fudge brownies	butter, dcc sy pakai tulip, telur, gula pasir, vanila cair, terigu pro, cokelat bubuk sy pakai vanhouten, garam, almond slice, choco chip	leleh dcc butter tim. campur bahan c. aduk ayak. kocok bahan b pucat kembang tambah vanila cair. campur bahan c aduk spatula. tuang kedlm loyang yg sudh oles margarin alas baking papper. rata toping almond choco chip suka hati. panggang kurleb menit. dingin keluar dri loyang potongsajikan
dadar gulung cokelat vla cokelat lumer	tepung terigu, tepung tapioka, garam, telur, cokelat bubuk, sachet vanili bubuk, susu cair plain, air, minyak goreng, gula pasir, sachet chocolatos cokelat, tepung tapioka, gula pasir, airsusu	campur bahan kulit. aduk bergerindil saring. panas pan teflon. oles minyak. tuang sendok sayur adoanan. rata pinggir kering. angkat. vla campur bahan. aduk api. masak kental. ambil lembar kulit darlung. isi vla. lipat amplop
black forest roll cake	kuning telur, btr telur utuh, gula castor, sp, tepung segitiga, susu bubuk, kental manis, pasta black forest, butter, cair, bahan tambah, butter cream, serut cokelat, chery	mixer gula. telur sp kental jejak. masuk bahan kering ayak. aduk tambah kental manis pasta black forest. aduk. masuk butter. adukrata. masuk adon loyang ukx rata hentakkan kali buang gas yg tinggal adon panggang menit suhu c sesuai oven. matang. keluar cake atas lap bersih lepas kertas roti gulung perlahan. dingin buka gulung oles butter cream gulung padat. set. buka gulung. oles muka cake butter cream. tambah cokelat parut hias chery
chewy brownies shiny crust	dark chocolate, grm cokelat bubuk, telur, grm mentega, minyak sayur, grm gula halus, grm tepung terigu, kacang mede	siap bahan bahan. leleh tim cokelat masuk mentega. minyak. aduk aduk teracampur. diam dingin. mixer. telur gula halus kental. masuk cokelat leleh aduk. tambah cokelat bubuk tepung terigu. aduk aduk sebentar. siap loyang yg sdh alas baking papper tuang adon dalam loyang. topping cokelat mede. panas oven. oven suhu c menit. keluar oven. dingin. potong sesuai selera. saji
choco lava cake	telur, gula pasir, tepung terigu protein rendah, cokelat bubuk, sachet skm, dcc, margarine	siap bahan. leleh margarine dcc kocok telur gula gula larut busa. tambah tepung terigu cokelat bubuk ayak aduk. masuk skm leleh dcc margarine. aduk. siap cetak talam bentuk apa cekung. oles tipis minyak goreng margarine tuang adon kukus api sj krn pake kukus kukus menit
martabak manis terang	tepung terigu protein, tepung maizena, air, telur, baking powder, air, soda kue baking soda, essens tiramisupandan optional, gula pasir, margarin oles, susu kental manis, cokelat meises, keju parut	campur tepung terigu. maizena. tepung. air mixer sebentar bahan campur. tambah telur baking powder mix istirahat adon minimal jam. panas teflon khusus martabak panas tuang adon martabak bentuk pinggir bentuk mangkuk. sarang lubang lubang. tabur gula pasir pecah gelembung udara nya tutup martabak masak api cenderung gosong. angkat martabak oles muka nya butter margarin topping parut keju meises susu kental manis topping sesuai selera kreasi. martabak manis rumah saji
brownies kukus cokelat jeruk	dark cooking chocolate, leleh, mentega, leleh, bks bubuk jeruk nutrisari, gula pasir, btr telur uk, terigu pro, cokelat bubuk, garam	siap bahan. campur dcc. mentega bubuk jeruk. aduk. mixer cepat telur. gula pasir kembang kental jejak. masuk idu. cokelat bubuk garam. ayak x tahap aduk perlahan teknik aduk spatula. tuang campur mentega cokelat x tahap. aduk. tuang adon loyang alas baking paper uk x. panas kukus. kukus brownies matang menit. angkat brownies. lepas loyang potong. saji
black cacao cakey brownies	terigu all purposeserba, gram black cocoa powder, valrhona dark cocoa powder, gram total brown sugar cane sugar, telur medium, gram unsalted butter, vanilla extract, baking powder, hershey kisses cookie and creme	melted butter cokelat compound double boiler metode microwave aduk. sisih. mixer telur gula larut. masuk cokelat melted adon gula aduk sama. campur bahan kering. masuk adon basah tahap aduk dgn spatula. aduk tuang loyang rata adonannnya berat padat topping bebas. bake derajat celcius menit test tusuk cek matang. potong saji coffee or tea biar loyang jam dingin keluar potong
soft chocolate chips cookies oven mixer	margarin cair, palm sugar, gula pasir, telur ayam, tepung terigu, maizena, baking soda, baking powder, vanili, dark compound chocolate, potongpotong, choco chips	campur margarin cair. palm sugar gula pasir campur. masuk telur. aduk. tambah tepung terigu. maizena. baking soda. baking powder vanili aduk campur tepung gumpal. masuk dark compound chocolatecoklat batang dipotongpotong adon tambah choco chips optional. bulatbulat adon sesuai ukur. tambah topping choco chips nya. masuk adon freezer minimal menit panggang. panggang adon freezer teflon api tutup teflon panggang adon kondisi beku defrost. masak cookies matang. soft chocolate chips cookies nikmat. selamat coba
browkis brownies cookies	mentega me buttermargarin, gula pasir, palm sugar, pasta vanilla, telur, tepung terigu pro, garam, baking powder, baking soda, chocochips, dcc, potong quot, dcc, mentega me buttermargarin, gula pasir, telur, tepung protein, cokelat bubuk, pasta vanilla	siap wadah. masuk mentega. gula pasir palm sugar mixer cepat menit masuk telur pasta vanilla. mixer. masuk tepung terigu. baking powder. baking soda garam. aduk spatula campur masuk chocochips potong dcc. aduk masuk dalam kulkas. brownies siap bahan leleh mentega dcc. sisih. siap wadah. masuk kocok telur gula pasir whisker gula larut. masuk leleh dcc pasta vanilla. aduk. masuk tepung terigu cokelat bubuk ayak. aduk spatula. tuang adon dalam loyang x yg oles margarin alas baking paper ambil adon cookies. letak atas brownies. topping atas. panggang oven menit suhu derajat matang keluar loyang. biar dingin dingin keluar loyang brownies cookies nikmat. yg kali pesan customer
brownies ultah panggang takar gelas	gelas tepung terigu pro, tepung maizena, gelas gula pasir, telur ayam, cokelat batang leleh, cokelat bubuk, susu cair pakai susu bubuk dancow campur air, minyak goreng, sp, baking powder, vanili bubuk, pasta cokelat, pasta kopi moka, tetes warna makan cokelat	leleh cokelat batang minyak goreng aduk dingin sebentar. wadah masuk telur. gula pasir sp mixer cepat kembang. masuk cokelat batang leleh. aduk. masuk tepung terigu. tepung maizena. baking powder. vanili bubuk cokelat bubuk sambik ayak mixer sebentar cepat rendah. campur susu bubuk dancow air. aduk tambah dalam adon mixer. pasta cokelat kopi moka tambah warna makan cokelat aduk. oles loyang mentega tuang adon dalam loyang pakai loyang tulban uk. panggang brownies oven panas panggang suhu c menit matang pakai oven tangkring. kue matang. keluar oven loyang dingin sebentar potong sesuai selera
bolu jadul simpel	telur, gula pasir, sp cake emulsifier, tepung protein merk segitiga biru, susu bubuk, pasta vanila, margarin, keju chedar	masuk bahan a mix mixer speed rendah tahap. stabil cepat mix kembang putih kental cek angkat kepala mixer cek jejak kental sudsh. masuk bahan b. terigu susu bubuk ayak mudah campur. masuk pasta vanila aduk pelan mixer biar mix tepung hambur. mix cepat rendah. leleh margarin sisih dingin. masuk margarin leleh. aduk spatula. pasti aduk siapa loyang oles margarin. masuk adon loyang tabur keju adon. siapa oven panas. panggang suhu api menit sesuai oven masingmasing matanf atas cokelat. matang angkat balik loyang. biar dingin potongpotong selamat coba
kue ape khas betawi	gram tepung beras rose brand, gram tepung terigu, telur ayam, gula pasir, baking powder, baking soda, garam, santan, warna makan, minyak goreng rose brand oles	siap bahanbahannya. campur bahan kecuali baking soda. aduk campur. saring adon. resting adon minimal menit jam. resting tambah baking soda aduk. panas wajan oles minyak goreng rose brand. tuang lingkar pinggir wajan. pinggir nya cokelat tutup wajan. saji selagi hangat
pukis cokelat	terigu, gula pasir rose brand, ragi instan, air hangat, g tepung terigu, g gula pasir rose brand, telur, susu cair, sachet skm cokelat, cokelat bubuk, g margarin cair rose brand, selai cokelat, meses cokelat	siap bahan biang. aduk diam berbiuh. leleh margarin. sisih. campur telur gula aduk. tambah terigu. cokelat bubuk susu cair. masuk skm bahan biang aduk. tambah margarin cair. aduk diam adon menit panas teflon. panas tuang adon pukis cetak. tutup biar menggembang matang pakai api cenderung. angkat pukis. oles muka selai cokelat tabur meses. sajiakan. enjoy
kue talam pandan	gram tepung beras rose brand, jus daun pandan suji, gram kelapa parut, gula pasir, garam, gram tepung beras rose brand, air, gram kelapa parut, garam, minyak goreng rose brand oles	siap daun pandan. daun suji cuci bersih tambah air. blender halus. saring air siap bahanbahannya. siap mangkuk. tuang parut kelapa tambah air. sisih santan nya tambah air daun pandan suji peras santan nya. panci masuk tepung beras rose brand didih santan daun suji tambah gula pasir garam aduk. masak gula larut didih. hangat. tuang air santan daun suji dalam tepung beras rose brand aduk. saring. kukus panas nya tuang adon dalam cetak kue talam oles minyak goreng rose brand. kukus menit. siap tepung beras rose brand wadah. masak santan garam hangat. tuang santan dalam wadah tepung beras rose brand aduk. tuang atas adon hijau. kukus menit. angkat keluar cetak
kue lumpur kentang	gram kentang kukus halus, gram tepung terigu protein, gula pasir rose brand warna hijau premium, telur, santan, gram margarin rose brand cair, garam, vanili susu la rome, bengbeng topping	cair margarin rose brand. tunggu uap panas hilang. sisih kocok gula pasir rose brand warna hijau premium telur gula larut. tambah kentang kukus. vanili susu garam aduk campur. saring adon. tambah tepung terigu. santan tahap aduk. tambah margarin rose brand cair aduk campur. panas cetak oles margarin rose brand. tuang adon dalam cetak. masak matang. matang topping bengbeng tengah nya. tutup cetak. matang angkat. arang masak aroma sedap masak arang. anak nya gak kue lumpur beli. lahap makan nya
brownies kukus lumer	telur, gula pasir sy, sp, tepung terigu, cokelat bubuk, margarin, dcc, susu cair, kental manis sy, cokelat bubuk, dcc, maezena, butter, sprinkle	brownies mixer telur. gula sp pucat kental. leleh margarin dcc metode double boiler sisih. masuk terigu cokelat bubuk adon telur ayak aduk masuk cokelat leleh. aduk yg endap homogen. panas kukus uap tuang adon loyang x yg baking paper kukus api menit angkat langsung keluar loyang. potongpotong masuk cup x. cokelat ganache masuk bahan wajan masak api didih. tuang cup saji
chocolate crinkles cookies	telur ukur, gula pasir, cokelat bubuk, tepung terigu, minyak goreng, baking powder wajib, garam, vanili bubuk, icing sugar gula pasir halus	mixer telur gula pasir gula larut. masuk cokelat bubuk. mixer masuk tepung terigu. baking powder. garam. vanili bubuk. mixer. masuk minyak goreng. aduk simpan adon freezer jam. jam. cetak adon buah sendok bentuk bulat. guling icing sugar susun loyang panas oven menit panggang suhu derajat celcius menit matang bawah kering matang. keluar oven. saji
choco pound cake	telur, margarin, gula pasir, tepung terigu pro, bubuk cokelat, chocochip, essen vanila, jumput garam	panas oven suhu derajat celsius tunggu oven panas adon mixer margarin creamy masuk gula pasir pakai gula halus aduk campur aja. masuk telur satu tepung terigu. bubuk cokelat. garam essence vanila mixer sebentar campur bahan. terigu choco chip. fungsi choco chip tenggelam adon tambah choco chip adon aduk tuang adon loyang oles margarin alas baking paper. oven panas masuk loyang oven panggang menit sesuai oven masingmasing tusuk tusuk gigi tes matang dingin potongpotong sesuai
bolu gulung	btr telur, sp, gula pasir, tepung terigu, margarin cair, butter cream pakai, keju parut	panas oven suhu mixer bahan kecuali margarin cair mixer kental jejak menit. masuk margarin cair. aduk. masuk loyang uk x yg sdh alas kertas roti. sisa adon pasta cokelat motif. panggang menit api turun suhu panggang api menit. matang. bolu lap bersih. lepas kertas roti gulung perlahan. tunggu suhu ruang note isi selai langsung isi tunggu dingin. dingin oles butter cream tambah keju parut gulung padat simpan lemari es set potong
brownies cheese	keju oles, susu kental manis, btr telur, gula, margarin, dark cooking chocolate, terigu, cokelat bubuk	campur keju oles skm. aduk. sisih. leleh margarin dcc. sisih. kocok telur gula pasir larut. masuk leleh cokelat margarin. aduk. masuk terigu cokelat bubuk. aduk. tuang adon brownies loyang yg alas kertas roti. tuang adon keju atas panggang menit suhu c oven sdh panas tes matang dgn tusuk gigi. santap
browkies brownies cookies	gram dcc, gram margarin, telur gram dgn kulit, gram gula pasir rosebrand, blender, gram tepung terigu, vanila, cubit garam, gram cokelat bubuk, chocochip, gram margarinmentega, gram gula rosebrand, blender, gram telur, cubit garam, vanila, gram tepung terigu, baking soda, gram chocochip	leleh dcc margarin tim angkat biar hangat. kocok telur. gula rosebrand. garam vanila gula larut. whisk. masuk tepung cokelat bubuk ayak aduk rata whisk tuang leleh dccnya aduk lahan. oles loyang carlo alas baking paper tuang adon rata loyang. hentakkan tabur almond sisih masuk loyang kulkas sebentar. set adon cookies tenggelam tuang. campur gula rosebrand margarin. aduk whisk lembut. masuk telur. garam vanila. aduk rata. tuang tepung baking soda ayak. aduk rata. tabur chocochip. aduk rata. tuang adon atas muka adon brownies. panas oven suhu c menit. api panggang adon menit sesuai oven masingmasing angkat biar suhu ruang potong sesuai selera
bolu ketan hitam viral	telur, gula pasir, sp, tepung ketan, baking powder, margarin, minyak sayur, santan instan merk santan kara, cream cheese merk spready, kental manis	campur bahan a mixer cepat adon kembang putih jejak. masuk bahan b aduk spatula campur. masuk bahan c adukaduk pasti campur. isi campur cream cheese skm. aduk tips banyak skm isi leleh kukus. siap kukus panaskann. tuang adon loyang. kukus adon. matang angkat sebentar pasu isi cream cheese tuang kue. timpa adon. masuk kukus tunggu benarbenar matang. tanda tusuk tusuk adon tempel selamat coba
kue lapis cokelat vanilla	santan, lembar daun pandan, vanilli, g gula pasir, garam, g tepung tapioka, tepung beras, g cokelat bubuk, cokelat pasta, warna putih skip	rebus santan gula pasir. vanilli. garam. daun pandan didih. dingin santan dingin ya. campur tepung dalam santan aduk campur saring. adon. satu tambah bubuk cokelat cokelat pasta aduk campur sisih panas kukus. siap loyang ukur xx oles minyak tipis. tuang adon warna cokelat. kukus menit. tuang adon putih layer cokelat timpa layer putih. laku adon habis layer kukus menit tanak. dingin keluar loyang potong sesuai selera. kue lapis cokelat nikmat
bika ambon gluten free	gram tepung tapioka rose brand, gram tepung beras rose brand, gram gula pasir, vanili susu la rome, garam, ragi instan, gula pasir, air hangat, santan rose brand, batang serai, lembar daun jeruk buang tulang daun, ruas kunyit parut, lembar daun pandan, telur ayam, margarin rose brand cair	siap bahanbahannya. masak santan. daun jeruk. daun pandan. serai geprek kunyit parut. saring. tunggu uap panas hilang biang. campur air hangat. gula pasir ragi aduk. wadah tuang tepung beras rose brand. tepung tapioka rose brand. gula pasir. vanili susu larome garam aduk tuang santan saring aduk. tambah kocok telur aduk leleh margarin rose brand. didih tunggu uap panas hilang. tuang margarin rose brand leleh aduk. resting adon menit. menit. panas teflon. lapis wajan gosong. tuang adon penuh masak matang. atas set kuas margarin rose brand balik sebentar posisi api mati. saji
bolu ketan lumer	telur, gula pasir, larome vanila cair, tepung ketan hitam, jumput garam, baking powder, minyak sayur, palmia butter margarin leleh, santan kara, bungkus keju oles, air suka skm silah ganti, tetes larome vanilla	campur bahan isi aduk masuk plastik segitiga. mikser bahan a kental jejak. masuk bahan b. aduk perlahan masuk bahan c aduk. panas kukus. tuang adon. kukus menit garis lingkar adon sesuai loyang ambil tengah sendok isi keju tuang sisa adon. kukus menit matang pakai loyang uk ya biar. jd pendek
brownies shiny crust	darck chocolate compound, margarine, minyak sayur, gula halus, telur, tepung terigu protein, cokelat bubuk, topping almond sesuai selera	campur bahan a. tim cair. sisih. campur bahan b. aduk gula larut. tambah bahan a yg sdh cair. aduk. masuk bahan c yg ayak aduk. siap loyang. alas dgn baking paper oles mentega tipis. tuang adon. tambah topping sesuai selera me akmond iris. panas oven dgn suhu c. masuk loyang yg isi adon. panggang kurleb menit ato matang bentuk crust
choco cheese chewy brownies	dark cooking chocolate, cokelat bubuk kualitas bagus, telur ukur, gula pasir halus, tepung protein rendah, susu bubuk, tepung maizena, choco chips amp keju parut	siap bahan. panas oven suhu c leleh butter. panaspanas masuk dark cooking chocolate. adukaduk leleh. sisih. kocok telur gula pasir putih kembang mixer cepat menit mati mixer masuk tepung terigu. tepung maizena. susu bubuk. cokelat bubuk ayak. aduk pakai spatula. tambah butter cokelat leleh. aduk. masuk loyang kotak x alas kertas roti tabur topping sukasuka. oven matang sesuai oven masingmasing. matang. tunggu suhu ruang potong
bolu ketan hitam keju	g bola deli gula halus, btr telur, cake emulsifier, vanilla cair, g bola deli tepung ketan, g tepung ketan hitam, cokelat bubuk, baking powder, santan, minyak goreng, g bola deli gula halus, g bola deli tepung ketan, g keju spread keju oles, btr telur, vanilla cair	campur bahan a kocok menental jejak. masuk bahan b aduk. masuk bahan c aduk. tuang adon cetak plastik poles margarin. kukus menit. campur bahan cheese aduk campur. masuk plastic segitiga. tuang atas bolu matang. tuang cetak timpa adon ketan penuh. kukus kue menit matang. matang. buka kue cetak saji
bolu kukus cokelat	gram cokelat bubuk, gram tepung terigu serbaguna, baking powder, vanili bubuk, telur, gula pasir, jumput garam, air hangat, sachet skm cokelat, minyak goreng, margarin oles loyang, chocochip	siap bahanbahan campur cokelat bubuk. tepung terigu. baking powder vanili saring. wadah. campur telur. gula garam kocok gula larut. masuk campur tepung aduk campur. larut skm air hangat. tuang dalam adon aduk campur. minyak goreng dalam adon aduk siap loyang oles margarin. tuang adon dalam loyang hentakhentakkan gelembung udara. tabur chocochip adon. kukus menit tes tusuk lidi sumpit. adon tempel matang pindah bolu saji
kastengel gluten free	g bola deli gula halus, g butter, btr telur, g bola deli tepung beras, g bola deli tepung ketan, bola deli tepung maizena, g keju cheddar parut, kuning telur, minyak goreng, kental manis putih, batang keju cheddar parut	kocok bahan a campur. masuk bahan b tahap aduk adon bentuk. gilas adon bentuk kotak. susun loyang poles margarin alas kertas roti. campur bahan poles. poles atas kue topping keju cheddar parut. oven kue menit suhu derajat api. matang. angkat kue dingin. simpan kastengel toples kedap udara
bolu susu kukus mes	telur, gula pasir, sp, mes cokelat, tepung terigu, baking powder, susu bubuk cokelat, susu uht, minyak goreng	mixer cepat. telur. gula sp putih jejak. turun cepat mixer rendah masuk tepung terigu. susu bubuk cokelat baking powder masuk susu minyak goreng. aduk. mati mixer. isi air kukus biar didih. bungkus tutup kukus serbet bersih. oles cetak minyak. masuk adon cetak. tambah tabur cokelat mes kukus menit api. mati api. angkat. bolu cokelat kukus mes saji
brownies ketan hitam choco chip	telur, gula pasir, susu uht, minyak sayur, tepung ketan hitam, tepung terigu pro rendah, cokelat bubuk, soda kue, baking powder	campur telur. gula pasir. susu uht. minyak sayur aduk campur. tambah tepung ketan hitam. tepung terigu. cokelat bubuk. soda kue baking powder. aduk adon campur. saji. tabur cetak choco chip tuang adon. kukus menit panas kukus bungkus tutup kukus serbet angkat matang
bolu susu cokelat kukus dcc	telur, gula pasir, sp, potong cokelat dcc, tepung terigu, baking powder, susu bubuk cokelat, susu uht, minyak goreng	mixer cepat. telur. gula sp putih jejak. turun cepat mixer rendah masuk tepung terigu. susu bubuk cokelat baking powder masuk susu minyak goreng. aduk. mati mixer. isi air kukus biar didih. bungkus tutup kukus serbet bersih. oles cetak minyak. masuk adon cetak. tambah potong dcc kukus menit api. mati api. angkat. bolu cokelat kukus dcc saji
bolu marmer cokelat lumer	telur, gula pasir, sp, mentega cair, pasta cokelat, selai cokelat, tepung terigu, susu bubuk, baking powder	kocok gula. telur sp speed kencang kembang kental jejak. turun speed pelan. masuk bahan tepung ayak. ambil sendok adon. tambah pasta cokelat. aduk. masuk adon loyang. masuk adon cokelat. tambah pasta cokelat tuang adon sisa loyang habis. panggang matang menit
kue soes spkitchen	air, gram gula pasir, gram margarin sy pakai blueband, gram tepung terigu protein segitiga biru, telur	panci masuk air gula margarin. masak didih. didih. masuk tepung terigu mati kompor aduk cepat tepung didih air margarin adon campur. campur. nyala kompor api aduk padat mati kompor pindah adon wadah dingin. adon dingin. masuk telur satu mixer campur masuk pipping bag. cetak panggang. bentuk wadahtalang panggang oven suhu derajat menit turun suhu panggang menit total panggang menit letak adon kulit soes rak oven. selesai. keluar oven pindah cooling rak biar dingin semprit isi soes pakai cream filling beli toko oren
bolu kukus ketan hitam	bahan a, telur ayam, gula pasir, sp, bahan b, gram tepung ketan hitam, bahan c, minyak goreng, santan, bahan d, keju oles, skm putih	panas kukus api oles cetak minyak aduk bahan d masuk piping bag. mixer bahan a kembang. kental jejak menit. masuk bahan b. aduk pelan spatulla. masuk bahan c. aduk perlahan lahan. kukus adon menit menit. masuk keju oles sisa adon kukus menit bolu hidang
moo moo roll cake	btr telur, gula pasir rose brand, tepung terigu pro rendah, sp, tepung maizena rose brand, susu bubuk, margarin rose brand cair, cokelat bubuk, whipping cream bubuk, air es	campur telur. gula pasir. tepung maizena. sp. susu bubuk mixer kental jejak. masuk margarin cair. aduk. ambil adon tambah cokelat bubuk. aduk. tuang acak loyang yg alas kertas baking oven menit. tuang adon putih atas nya. oven matang. kurleb menit suhu dercel sesuai oven. kocok whippcream air es kembang. lepas kertas roti oles whippcream. gulung lali simpan kulkas set. potong dingin
bolu jerman cokelat metode all in one	kuning telur, putih telur, gram mentega cair, gram gula pasir, gram tepung terigu, gram maizena, gram cokelat bubuk, sp, pasta cokelat	siap bahan campur telur gula garpu. sisih. ayak terigu. sp. cokelat bubuk. maizena campur telurgula aduk sebentar. mixer cepat menit. rendah menit. masuk mentega cair. aduk. tuang adon loyang oles mentega tabur terigu tipistipis. panggang suhu c menit tes tusuk oven panas. keluar loyang. saji
brownies burnt cheese cake ekonomis	dcc, margarin, gula pasir, telur, vanilla cair, tepung terigu, cokelat bubuk, keju oles, yoghurt original, gula pasir, vanilla cair, telur, maizena	leleh dcc margarin. sisih. masuk telur. gula vanilla wadah. aduk gula cair tuang campur dcc margarin. aduk. tambah tepung terigu cokelat bubuk saring. aduk campur. siap loyang ukur x. oles margarin baking paper tuang adon brownies. sisih. wadah pisah. masuk keju oles. yoghurt gula. aduk campur. tambah telur vanilla. aduk campur. saring adon bergerindil tuang adon brownies panggang oven panas. suhu derajat celciusselama menit matang burnt. sesuai oven. cek matang cheese cake. matang. dingin simpan chiller minimal jam potong hidang
bolu karamel kukus	bahan a, gula pasir, air panas, margarine, tepung terigu pro, tepung tapioka, baking soda, baking powder, bungkus vanili bubuk, bahan c, telur, sachet keci kental manis	bahan a masak gula api leleh. gula leleh masuk air panas aduk tambah margarine aduk leleh. angkat dingin. bahan c kocok telur garpu busa tambah kental manis bahan b dalam kocok telur ayak. aduk. masuk bahan a perlahan. aduk campur. oles loyang margarineminyak goreng tabur tepung terigu tipis. tuang adon loyang saring tdk adon yg gumpal. masuk dalam kukus yg panas api. tutup kukus lapis kain serbet. kukus menit masak. laku tes tusuk. angkat dingin. tunggu dingin potong
kue ku anggur	g bola deli tepung beras ketan, g ubi kukus, halus, g gula pasir, vanilla essence, air hangat, g kacang hijau kupas, g gula pasir, air, vanilla essence, daun pandan, g butter, warna ungu, warna hijau, daun pisang, minyak goreng	rendam kacang hijau kupas jam. kukus menit blender air halus. masak kacang hijau gula. air. pandan. vanilla essence butter aduk masak kental diam dingin. bulatbulatkan adon kacang hijau gram. laku habis. campur bahan kulit. ulen lengket. ambil adon. warna hijau. sisa adon warna ungu. ambil adon kulit gram. isi kacang hijau bulat adon. laku habis letak daun pisang poles minyak goreng susun buah anggur. bentuk daun adon hijau. letak atas kue ku anggur. kukus menit. buka tutup kukus menit. angkat saji kue ang ku
bolu cokelat panggang	telur, gula pasir, tepung terigu, cokelat bubuk tulip, maizena rose brand, sp, mentega, minyak goreng, sachet skm	siap timbang bahan. cair mentega minyak goreng. kocok telur gula pasir kembang. masuk bahan kering. mixer campur masuk sp. mixer kembang. masuk bahan. aduk spatula oles loyang margarin masuk adon oven matang. lupa tes tusuk bolu matang. saji
nagasari gulung	g bola deli tepung beras, g bola deli tepung tapioka, g gula pasir, santan, garam, pisang raja pisang pok, wijen hitam sangrai, warna merah, warna hijau	campur bahan nagasari kecuali bola deli tepung tapioka. aduk masak gumpal kalis. tambah bola deli tepung tapioka aduk. adon warna merah. bagi. warna hijau satu biar putih. masuk masingmasing adon plastik segitiga. siap lembar daun pisang. poles minyak goreng. gunting adon unjung tekan adon merah atas daun pisang panjang lapis. seling bawah tuang adon putih lapis tuang adon hijau lapis. pisang atas adon gulung. laku adon habis. kukus adon menit matang wijen hitam warna merah. saji
bolu keju panggang lembut	keju oles, susu uht, margarin, telur, gula pasir, sp, vanili, tepung terigu, maizena, susu bubuk, baking powder	panas air leleh keju susu uht. masuk margarin cair aduk campur sisih. mixer telur gula masuk sp. mixer putih jejak. masuk tepung terigu. susu bubuk. maizena. baking powder. vanili. masuk leleh keju dll aduk. tuang loyang oles margarin tabur tepung terigu. bawah alasain baking paper. masuk oven panas. oven suhu c dgn api menit sesuai dgn oven. tes tusuk matang
cheese cake gluten free	g bola deli gula halus, g bola deli tepung beras, g bola deli tepung ketan, g bola deli maizena, g susu bubuk, btr telur utuh, btr kuning telur, cake emulsifier, vanilla essens, g butter cair, g rich crme whipcream pakai, g cream cheese, simple syrup, keju cheddar parut, buah cherry	campur bahan sponge kecuali butter cair. mixer kembang. tuang butter cair aduk. siap buah loyang diameter. poles margarin dasar loyang kertas roti. tuang adon masingmasing loyang. rata oven suhu derajat menit. angkat dingin. mixer bahan filling campur. sisih. siap alas kue. sponge cake siram simple syrup atas filling cream cheese tabur cheddar. tutup sponge cake satu. tutup kue cream cheese muka. tabur cheddar parut hias buah cherry
chocolate coffee chiffon cake tepung gluten free	kuning telur, minyak sayur, susu cair, vanili bubuk, jumput garam, tepung mocaf, tepung maizena, cokelat bubuk, putih telur, air jeruk nipis, gula pasir, gula kelapa organik, pasta kopi kopi bubuksdt air panas, almond cincang optional	siap bahan timbang sesuai takar resep campur tepung mocaf. tepung maizena. cokelat bubuk. aduk panas oven suhu c api menit alas loyang baking paper loyang oles. campur kuning telur. minyak. susu. vanili. aduk whisk campur masuk campur tepung ayak. aduk sisih. mixer cepat putih telur air jeruk nipis busa masuk gula tahap adon kembang jambul ambil adon putih telur. masuk adon kuning telur. aduk lipat campur masuk adon kuning telur adon putih telur. tambah pasta kopi. aduk masuk almond pakai aduk sebentar tuang adon chiffon loyang. hentakhentakan. panggang menit. sesuai oven pakai. dingin suhu ruang chiffon cake keluar loyang dipotongpotong
fudgy brownies shiny crust	dark cooking chocolatedcc, butter, minyak, telor, gula, vanilla ekstrak, terigu pro, cokelat bubuk, garam, tabur mini choco chips	wadah. campur dcc. butter. minyak tim cokelat leleh. aduk campur sisih wadah. campur gula. telor. vanilla ekstrak kocok mikser cepat rendah menit gula larut. masuk campur dcc. kocok mikser cepat rendah detik masuk ayak tepung terigucoklat bubukgaram. masuk ayak tepung terigucoklat bubukgaram aduk spatula tuang loyang alas kertas roti. tabur mini choco chips panggang oven suhu c menit matang keluar brownies loyang. potongpotong sesuai selera brownies saji nikmat
bolu labu kuning gula aren gluten free sp baking powder baking soda	gram labu kuning berat kukus halus, gram tepung mocaf ganti tepung tiwul gaplek, sachet susu bubuk sy etta goat milk, telur, gram gula aren halus, air jeruk nipis ganti vanili, coconut oil bs ganti muk goreng kwalitas bagus	wadah masuk gula aren. telur. air jeruk nipis mixer cepat jejak. mati mixer. masuk tepung. susu bubuk aduk pelan spatula aduk pelan adon susut. masuk labu kukus aduk pelan. masuk minyak aduk pelan aduk endap minyak dasar wadah. panas oven. masuk adon loyang yg alas kertas roti. pakai loyang ukur loyang tulban diameter panggang suhu api menit matang kukus api matang terimakasih selamat coba
brownies keju karamel	gula pasir, air, keju oles, gula pasir, vanili cair, telur, tepung maizena, susu cair, minyak, bungkus brownis instan aq pake merk haan, telur, minyak	panas gula dgn api tunggu cair putar sampe gula larut. klo sdh larut kecil api tambah air aduk tuang loyang aq loyang dikit ya jd nnti pake yg dr. cheese masuk keju oles. gula. telur. vanili aduk tambah susu. maizena. minyak aduk saring. tuang karamel yg sdh set kukus kurleb menit dgn api cenderung. brownies masuk telur. brownies instan minyak aduk. tuang lapis keju. kukus kurleb menithingga matang
donat bintang tiramisu cokelat	tepung terigu protein, tepung maizena rose brand, margarin rose brand, btr telur, gula pasir rose brand, ragi instan me fermipan, air es, margarin rose brand, garam, minyak goreng rose brand, glaze tiramisu, glaze cokelat	siap bowl masuk tepung terigu. tepung maizena rose brand. susu bubuk. telur. gula pasir rose brand ragi aduk tuang airsusu cair tekstur pas ulen mixer kalis. adon kalis. masuk garam margarin rose brand ulen mixer elastis. cek window pane. adon bentang tipis. mudah sobek. tanda adon. potongpotong timbang adon sesuai selera rounding bulat adon padat mulus. selesai. tutup adon serbet bersih. diam menit. menit. ambil adon urut rounding tepung lengket goreng tekan buang gas adon. cetak bintang membentukknya rapi letak adon atas kertas roti. mudah goreng. laku habis. tutup adon serbet bersih. proofing menit kembang x lipat. adon. panas minyak rose brand wajan. goreng minyak panas. api minyak panas. masuk satu donat. goreng cokelat. sisi cokelat. . goreng cokelat. angkat tiris atas kertas minyak tisu dapur. dingin. seelah dingin. topping glaze tiramisu seluruh muka beei motif bulat bulat susun gar lidi ujung bintang tengah. . laku semua sisi motif bentuk bunga
cenil klanting	tapioka, tepung terigu protein rendah, garam, air panas, essens warna makan, gulmer, gula pasir, air, maizena air, daun pandan, kelapa parut, jumput garam, daun pandan	tabur kukus bahan tabur menit. kinca rebus gula merah. gula pasir air larut didih tuang larut maizena aduk kental. cenil campur bahan kering. tuang air panas ulen bentuk. adon. warna merah. hijau. kuning aduk. ambil adon. pilin panjang laku habis. didih air daun pandan ikat simpul masuk cenil. masak matangmengapung tiris. saji guling cenil kelapa parut. siram kuah kinca
bolu ketan hitam keju lumer	gram keju prochiz spready, kental manis, tepung ketan hitam, gula pasir opsional, sp, minyak goreng, santan bubuk, jumput vanili bubuk, telor	tuang gula pasir. telur sp mixer dgn cepat menit sampe putih kental jejak. masuk tepung ketan hitam. vanili bubuk. santan bubuk minyak goreng aduk dgn spatula. panas kukus. tutup panci bungkus serbet bersih oles cetak dgn minyak goreng. tuang adon cetak. kukus menit. adon keju lumer. tambah adon. hentak an udara nya. kukus menit
bolu pandan jadul chocochip	telur, sp, gula halus, ayak, tepung terigu, maizena, garam, margarin, leleh, pasta pandan, chocochip, tabur tepung	mixer telur gula sp kental jejak masuk ayak tepung terigu maizena garam mixer sebentar campur. masuk leleh margarin pakai metode pancing aduk adon spatula tambah pasta pandan aduk tambah choco chip aduk choco chip tepung tenggelam matang. siap loyang oles tipis margarin alas baking paper oven adon menit suhu derajat celcius sesuai oven masingmasing lupa panas oven menit dingin dipotongpotong
bolu cokelat kukus	tepung terigu protein, gula pasir, cokelat van houten, sachet skm cokelat, resep asli sachet skm putih, telur, sp, baking powder, vanila cair, minyak goreng, bahan carlo oles loyang, tepung terigu, minyak goreng, minyak goreng	wadah pisah tepung terigu. cokelat bubuk baking powder ayak sisih. wadah. masuk gula pasir. telur. sp vanila cair mixer berjenjak putih. tambah minyak goreng. susu. mixer cepat rendah rata. tuang loyang oles karlo. rata. panas panci kukus. masuk. kukus menit. api cenderung masak matang tampak. saji
raisin chocochip cookies	terigu segitiga biru, cokelat bubuk vanhouten, maizena, blue band cokies, butter, gula halus, palm sugar, btr kuning telur, sachet susu bubuk, baking powder, vanili, kismis, choco chip	mixer gula. margarin. telur. vanili. butter. campur aja. terigu yg campur dgn maizena. susu bubuk dn baking powder. masuk terigu cokelat bubuk yg ayak serta baking powder. masuk tahap. masuk choco chip dn kismis. aduk. cetak. ambil adon dgn sendok. jarak adon. panggang dlm oven yg panas matang. sesuaikn dgn oven ya. angkat dn angin masuk dlm toples. masukkn dlm toples
bika ambon khas medan	tepung kunci, tepung ketan, tepung sagutapioka, ragi instan, santan kental, air, lembar daun jeruk, lembar daun pandan, batang serai tambah dr sy, kunyit bubuk, garam, telur kurleb telur, gula pasir	masak bahan cair didih diam hangat. ayak bahan kering tuang bahan cair aduk yg bergerindil diam menit busa. menit. adon buih busa. mixer telur gula pasir kembang kental. full speed menit. masuk bahan campur santan tepung yg diam busa. aduk. keplok balon whisk menit. bentuk gluten. diam jam. menit jam. panas oven loyang kosongdioles minyak suhu c api. jam. metode panggang dlm oven loyang. tuang adon dalam loyang. adon tuang. panggang dlm oven dgn pintu buka ganjal sendok pic menit dgn api. rak menit. pindah loyang rak. turun suhu c panggang menit api pintu tutup. keluar oven. dingin potongpotong saji
putu ayu pandan wangi	btr telur, gula pasir me, tepung terigu, sp, santan cair me santan instan air, daun suji daun pandan, kelapa muda parut, cukup nya garam, cukup nya minyak goreng bagus	kukus kelapa parut menit tambah daun pandan. oles cetak kue putu minyak bagus tipis. blender daun pandan daun suji air halus. saring campur santan. mixer telur. gula sp putih kembang. turun speed mixer. masuk tepung terigu air daun santan. siap cetak masuk kelapa parut. tekan padat. cetak isi kelapa. masuk adon penuh cetak. siap kukus tutup lapis serbet tunggu uap. masuk cetak dandang api cenderung kukus menit. menit. buka kukus. mati api kompor angkat cetak capit angin tunggu hangat lepas dr cetak selamat makan
donat maizena black forest	terigu protein, bubuk cokelat, maizena, esens black forest, telor, gula, ragi, air es, margarin, garam	campur terigu. bubuk cokelat maizena. masuk gula. ragi esens black forest. masuk air ulen sebentar. tambah margarin garam. ulen kalis. bulat adon tutup kain. diam mnt. kembang bentuk lobangi nya. tutup diam mnt. goreng api
chiffon pandan loyang kertas	kuning telor, sdk makan gula pasir, sdk teh garam, santan isntan pakai bgkus merk sasakara, terigu, minyak sayur, tetes pasta pandan, tetes pasta cokelat, gula pasir pakai aja, ga suka manis, putih telor, sdk teh cream of tar tar ganti sdk makan air jeruk nipis, lotang kertas persegi ukur xxcm	wadah a masuk kuning telor. sdk mkn gulapasir. santan minyak sayur. garam aduk dsn campur masuk terigu. tambah tetes pasta pandan tetes pasta cokelat aduk sisih. wadah b. mixer menit putih telor cream of tartar. tambah gula pasir mixer sd soft pick wadah balik adon tumpah. . masuk adon wadah b putih telor wadah a aduk. tuang adon loyang kertas ovensaya pakai oven tangkring mnit api. angkat pasti dgn tes tusuk. matang tusuk sdh adon yg tempel. biar dingin. kue chiffon potong utk hidang
lumpur surga	telur, gula pasir, santan cair santan instan, air, tepung terigu, lembar pandan, air, santan cair santan kental, air, maizena, tepung beras, gula pasir, jumput garam	blender pandan air. saring ambil air sisih. campur telur. gula. aduk gula larut aduk kocok telur. pakai mixer. masuk tepung terigu. aduk. masuk santan air pandan aduk. saring adon hasil halus. masuk cetak. kukus menit. sisih. fla santan. campur bahan adon fla santan. saring adon fla santan bersih halus. masak api kental. sisih. tambah fla bahan kukus. tunggu dingin. hidang
martabak lumpia telur	lembar kulit lumpia, daun bawang, tauge, telur, sedap garam, minyak	kocok telur daun bawang tauge kol. sayur bayam. masuk garam sedap. aduk campur rata. tuang minyak pan. taruh lembar kulit lumpia. tuang telur sayur campur. baru nyala api. timpa lembar kulit lumpia. tekan tekan tempel. goreng matang
choc lava cake	terigu protein, telur, sp, cokelat bubuk, maizena, gula pasir, cokelat jenis selai, dcc yg sdh mix mentega, susu bubuk, susu cair, minyak sayur	saring tepung. cokelat bubuk. maizena. susu bubuk. mixer gula pasir. telur. sp. kental. mix tepung telur dg spatula dg mixer pake cepat rendah. minyak. susu cair. siap cetak. oles minyak ya. kukus menit. tips lapis tutup panci kukus dg kain. spy air tdk jatuh kue. masuk cetak. sisa adon masuk piping bag. mnt. masuk adon yg piping bag. putar. sisa lubang bagi. isi selai cokelat. tutup adon lg. kukus menit. diam biar set. pelan. kue dingin cair sisa selai dg minyak. siram kue. masuk kulkas spy cokelat set lbh cantik. . 
moringa brownies brownies daun kelor	, dark chocolate cooking, , white chocolate cooking, buttermargarine, minyak, cokelat bubuk, daun kelor bubuk, telur, gula, vanilla ekstrak, tepung terigu protein, garam, roasted pumpkin seeds chocolate chip, tabur	wadah. tim dcc. wcc. buttermargarine. minyak. cokelat bubuk daun kelor bubuk. aduk spatula cokelat leleh campur. sisih wadah beda. campur telur. gula vanilla ekstrak. aduk whisk gula larut menit masuk campur cokelat leleh. aduk whisk detik masuk ayak tepung terigu garam. aduk spatula. tuang adon loyang alas kertas roti. tabur pumpkin seeds chocolate chip panggang oven suhu c menit. keluar oven. dingin rak kawat potongpotong sesuai selera moringa brownies saji nikmat
cookies cokelat bpjs	telur, gula pasir, tepung terigu, cokelat bubuk, susu bubuk	masuk telur gula kocok telur campur gula masuk cokelat bubuk susu bubuk. aduk campur tambah tepung terigu aduk campur. masuk papingbag. siap loyang panggang cetak adon papingbag potong ujung cetak adoanan cantik pakai spuit. katna lupa tatuknjd skip. panggang labih menit lihat bawah tempel cokelat gelap matang angkat dingin simpan kering rapat. kue kering bpjs nikmat
cookies cokelat kacang	gram tepung terigu, gram tepung maizena, gram bubuk cokelat, baking powder, gram butter, gram margarine, gram gula pasir, vannili, telur, gram kacang tanah panggang, gram susu bubuk cokelat, gram dark chocolate cincang	campur bahan a. aduk ayak. mix butter. margarin gula halus pucat kembang. . tambah bahan a ayak aduk. masuk susu bubuk cokelat. dcc cincang. kacang tanah panggang aduk rataq. panas oven suhu c menit susun cookies loyang. panggang menit sesuai oven masingmasing
bolu jadul ndeso takar gelas	gelas belimbing tepung terigu, gelas belimbing gula, sp, susu full cream, telur, vanili, sacset susu dancow, margarin cair	mixer telur. gula. sp vinil kental jejak. masuk tepung terigu tahap tahap. masuk margarin cair aduk. siap loyang wonder pan yg sdh oles karlo. masuk adon. panas api kl pinggir sdh cokelat bolu jadul sdh matang. bolu jadul hidang. potong jg isi snack box cemilan santai. happy cooking
bika ambon	bungkus segitiga santan rose brand air, garam, lembar daun pandan, lembar daun jeruk, batang serai, kunyit bubuk, bahan tambah bika ambon original, g gula pasir rose brand, telur, sachet skm putih, g tapioka rose brand, g tepung terigu, ragi instan, g margarin rose brand leleh, bahan tambah, pasta pandan	siap bahan rebus bahan a didih rebus aduk santan pecah biar hangat. kocok lepas bahan b gula pasir larut tambah skm aduk sisih. siap bahan c tambah bahan a dalam aduk tambah bahan b campur a c aduk masuk margarin rose brand leleh aduk balon whisk benarbenar bergerindil saring. adon tambah pasta pandan aduk diam minimal jam diam jam. panas cetak oles tipis margarin tuang adon cetak penuh tunggu muka pori tutup masak matang angkat hidang
chocolate cupcake	cokelat bubuk, telur, gula pasir, minyak sayur, tepung terigu, chococip oreo	campur bahan menggerindil. masuk adon cup tambah topping sesuai selera. panas airfriyer menit masuk air friyer panggang menit suhu. saji
brownies panggang	dcc, margarine, minyak goreng, telur, gula pasir sy blender, tepung terigu protein, cokelat bubuk, chocochips, oreo, patah	tim bahan a larut. sisih. ayak campur bahan c. sisih. kocok bahan b gula larut. masuk bahan a. aduk masuk bahan c. aduk. tuang adon dalam loyang yg sdh oles margarine tipis alas baking paper toping chocochips patah oreo. panggang dlm oven yg sdh panas sblmnya menit dgn suhu c utk suhu panggang sila sesuai dgn oven. matang. angkat keluar loyang dingin. potong sesuai selera brownies nan manis legit saji
palm cheese cookies	margarin rose brand, gula halus, susu bubuk, kuning telur, tepung maizena rose brand, tepung terigu protein rendah, keju parut, palm sugar	siap bahan campur margarin rose brand. gula kuning telur aduk. saring masuk susu bubuk tepung maizena rose brand. aduk masuk saring tepung terigu keju parut aduk tangan campur. bulat guling atas palm sugar. tata nampan. panggang menit suhu c tungku. keluar dr oven dingin masuk stoples
fudgy brownies	dcc, butter, minyak, gula halus, telur, gram tepung kunci, bubuk kopi optional	campur minyak. butter cokelat. leleh double boiler. sisih pasti cokelat leleh sempurna. campur gula halus telur. aduk gula larut sempurna. campur bahan a bahan b masuk bahan c ayak. aduk homogen tekstur adon kental ya. tuang loyang. tabur topping suka hati. panggang pre heater oven c menit. keluar oven. dingin. potong sesuai selera
brownies kukus potong	btr telur pakai tlr, sp, gula pasir, susu cair cokelat sacet skmair, terigu, cokelat bubuk, baking powder, minyak, topping, dcc leleh masuk plastik segitiga gunting ujung	siap bahanmixer speed gula. telur. sp kental jejak. turun speed paling rendah. masuk terigu. cokelat bubuk. baking powder selang seling minyak susu cairmatikan mixer aduk ratatuang loyang xxvm alas bakingpaper hentakan kali kukus menit matangsetelah matang keluar kukus. balik cake biar suhu ruang potong potongberi topping saji
fudgy brownies	dark chocolate, mentega pakai margarin, telur, gula, tepung terigu, cocoa powder, jumput garam	leleh mentega. masuk dcc leleh. siap gula telur. aduk busa. masuk leleh dcc dgn mentega. tamabhkan tepung terigu. bubuk cokelat. garam aduk. masuk loyang x. panggang dgn suhu gantung oven masingmasing menit. angkat. saji
kue kamir pisang	buah pisang ambon, gula aren organik, telur, mentega cair, susu full cream, tepung segitiga, ragi instan, garam	lumat pisang ambon. sisih. kocok telur gula larut whisk. tambah ragi pisang ambon. aduk rata. masuk tepung susu ganti. aduk laku tepung susu habis. tambah mentega cair garam. aduk campur. tutup wadah isi adon kain bersih jam. adon kembang. siap panas cetak kue. pake cetak kue apem. pake cetak kue. cetak panas. oles mentega lengket. masuk adon cetak penuh. tutup cetak. masak api cenderung. kue matang sisi kue warna cokelat kue. masak sebentar atas warna cokelat. angkat kue dingin hidang. nb tambah toping. kue matang tekan toping lepas
steam banana chocochip cup cakes	gram pisang matang kulit, telur, gram gula, susu uht, gram minyak, gram terigu pro, baking powder, soda kue, kayumanis bubuk, garam, gram chocochip	hangat susu. masuk gula. kocok larut. sisih. timbang pisang kulit. halus garpu. satu bahan kering. ayak. sisih. kocok telur baskom. tambah pisang. kocok. masuk bahan kering ganti campur susugula. tambah vanila pastaminyak. cocok. tambah chocochip. sisa topping. aduk rata tuang cetak lap papper cup. toping sisa chocochip. panas kukus uap. masuk adon. kukus menit. taraaa wangi n so yummy
bolu pisang panggang free gluten free kembang	gram pisang aja yg mateng banget halus berat halus, gram gula pasir, telur, gram tepung mocaf me mocafine, sachet susu bubuk me etta goat milk, gram anchor unsalted butter leleh	siap wadah masuk bahan kering susu bubuk tepung aduk. wadah masuk telur gula mixer. cepat rendah tahap cepat menit. adon putih jejak. mati mixer masuk bahan kering aduk perlahan spatula. masuk pisang aduk over aduk aduk pakai spatula. biar adon tdk bantet. masuk butter leleh aduk perlahan siap loyang ukur diameter oles butter tabur tepung. tuang adon tabur atas topping sesuai selera me almond slice. panggang adon oven panas menit matang tes tusuk lidi. lengket lidi tanda kue matang angkat keluar loyang. bolu pisang moist gembul pakai kembang selamat coba
bolu pisang mixer	buah pisang matang hancurin pake garpu, telur, gula pasir, tepung terigu, minyak goreng, baking soda, susu bubuk, vanili esens	adukaduk telur gula pasir gula halus satu. tambah pisang hancur garpu adukaduk. tambah terigu. susu. baking soda adukaduk sampe benerbener satu. tambah minyak goreng. adukaduk. udah siapin kukus panas ya. . adon tuang loyang. kukus benarbenar matang menit. matang. angkat saji cangkir cokelat hangat
bolu pisang kukus	gram pisang matang, telur, gram gula pasir, gram tepung terigu protein, gram susu bubuk, pasta vanilabubuk vanili, baking soda, garam, minyak goreng	lumat pisang kocok telur gula pasir gula larut. larut masuk pasta vanilavanili bubuk pisang lumat aduk. tuang bahan kering tepung terigu. susu bubuk. garam baking soda ayak bergerindil. aduk pakai spatula. masuk minyak goreng aduk. tuang adon dalam loyang ukur diameter oles minyak goreng. kukus menit matang tes tusuk tusuk gigi adon tempel. tanda bolu matang. matang bolu pisang kukus hidang
pisang geprek karamel	pisang, gula, minyak goreng pisang	potong pisang mentah kukus sebentar. matang. matang geprek. selesai geprek goreng kering pisang. selesai goreng sisih. karamel masuk gula pasir dalam sisa minyak goreng masak karamel karamel masuk pisang. rata selesai selamat nikmat
pisang bakar cokelat keju	pisang pok matang, margarin, keju parut, skm, cokelat bubuk, meses cokelat, gula pasir	siap bahanbahan tabur cokelat campur mangkok aduk sisih. kupas pisang pok belah putus pisang bakar sisih. panas margarinmentega teflon api panggang pisang pok oles mentega rata sisi. pisang matang cokelat angkat letak piring saji. saji letak pisang bakar piring saji potongpotong pisang mudah makan tabur campur tabur cokelat skm. tabur keju parut. pisang bakar cokelat keju saji selamat coba
pisang pok kukus	sisir pisang pok kapas	pisah pisang bonggol. cuci bersih. kukus pisang panci kukus menit. matang. dingin suhu ruang saji
banana tea cake	gula pasir, sp, telur, tepung protein, tsp garam, tsp vanili bubuk, tsp baking powder, tsp baking soda, tsp bubuk kayu manis, butter cair, skm, pasta teh teh seduh air panas, buah pisang raja lumat, pisang iris, chocochip	siap pasta teh. mixer bahan a kental kembang. wadah campur bahan b aduk sisih. masuk bahan d. mixer sebentar campur. masuk bahan b campur tahap ayak. mixer sebentar masuk chocochip mixer sebentar campur. masuk bahan c. aduk spatulla teknik lipat. aduk endap minyak bawah. panas oven menit suhu c api. siap loyang oles margarin baking paper. tuang adon dalam loyang hentakan x oven menit. keluar oven topping oven menit. banana tea cake saji
bolkus pisang gluten free	bahan kering, tepung beras, tepung tapioka, tepung maizena, baking powder, baking soda, bubuk kayumanis, bahan basah, pisang matang, telur, minyak kelapa, madu, jumput garam	campur bahan kering ayak. halus pisang garpu. tambah telur. minyak kelapa. madu. garam. aduk campur. masuk bahan kering. aduk perlahan. over mix. masuk adon cetak oles minyak kukus menit matang. saji
brownies pisang kukus	telur, sp, vanili cair, gula pasir, bungkus bubuk minum cokelat, gram dcc, air panas, minyak goreng, margarin, gram tepung terigu, gram susu bubuk, baking powder, baking soda, gram pisang, berat kulit, chocochips, glaze strawberry wcc leleh	siap bahan c sisih. siap bahan b. sisih. kocok bahan a mixer putih kental. masuk larut bahan b mixer sebentar. masuk bahan c tahap. tepung terigu. susu bubuk. baking powder baking soda masuk mixer sebentar campur. masuk pisang halus mixer benarbenar campur tambah chocochips suka. siap loyang oles margarin tipistipis tuang adon loyang kukus menit api matang. angkat. tunggu uap panas hilang keluar loyang angin sebentar. cake dingin. toping glaze strawberry wcc leleh sesuai selera tabur chocochips atas nikmat
pisang goreng saus keju	buah pisang, tepung terigu, susu bubuk, susu cair, gula pasir, vanili bubuk, keju quickmelt, susu cair, maizena, larut air	larut gula air tambah tepung. susu bubuk vanili bubuk tuang susu cair aduk larut. siap pisang belah pisang putus. celup pisang adon basah. goreng kuning. saus keju siap keju. tuang susu. aduk campur. panas susu buih pinggir panci tuang larut maizena aduk kental. pisang goreng saus keju saji
godok godok pisang keju	gram pisang matang kulit bebas pakai pisang, kalo matang, gram tepung terigu protein, susu bubuk, gram keju, parut, gula pasir, soda kue, jumput garam	halus pisang. sengaja halus halus. tambah tepung terigu. susu bubuk. keju parut. soda kue. garam aduk diam adon menit lupa adon tutup kering. panas minyak goreng. ambil sendok adon. masuk minyak bantu sendok. goreng api matang cokelat
pisang plenet suju	buah pisang pipit, susu uht, gula pasir, keju parut, maizena, keju parut	pisang. . panas susu yg gula maizena. kental masuk keju aduk angkat. panas trglon mentega masuk pisang bakar cokelat pisang nya. plenyet pisang pkai sendong biar agk pipih. . tata piring. guyur fla toping keju parut santap yummyy
kue pisang kukus	buah pisang jantan pisang lilin pisang ambon matang, sendok makan kacang arab, telur, ujung sendok butter	masuk kacang arab dalam blender. tambah pisang buah. tambah telur. tambah butter. blender bahan halus. masuk cetak. kukus api menit. kue santap. lupa baca doa makan ya
banana cheesecake gluten free egless	lapis pisang, bahan a, pisang matang octa pakek pisang pok stok kulkas halus garpu blender, bahan b, gula palm, santan kental, minyak goreng, bahan c campur, tepung beras, tepung maizena, gram susu bubuk full cream, speakuk, jumput garam, baking soda, baking powder, vanili bubuk, lapis cream cheese, keju oles, gula halus, air matang, tepung beras	siap bahan. bowl. campur bahan b lapis pisang. aduk. masuk bahan a bahan c aduk. tuang cetak oles tipis minyak goreng. kukus menit. tunggu lapis pisang matang. kuta lapis cheese campur keju oles gula halus. kocok balon whisk. tambah air matang. aduk campur. masuk tepung beras aduk licin. tuang lapis pisang. rata tuang sisa adon lapis pisang. kukus menit api. angkat keluar cetak. dingin. potongpotong saji. enjoy happy baking mommy s
banana custard pudding	buah pisang raja, susu uht, telur, jumput garam, brown sugar	larut susu uht. telur. garam. brown sugar kocok rata. iris pisang letak alumunium foil tray kode rr tambah raisin. tuang larut susu. panggang menit suhu sesuai oven masingmasing. matang saji
es pisang ijo	pisang raja, tepung terigu, tepung beras, gula pasir, garam, margarin, santan, tetes pasta pandan, tepung beras, santan, garam, daun pandan, sirup frambos, es batu, keju parut, sesuai selera skm	kukus pisang menit. sisih. campur bahan kulit kecuali margarin. aduk saring. tuang teflon. panas api. aduk kental kalis mati api. tambah margarin. aduk campur adon sesuai pisang. pipih adon taruh pisang kupas dalam gulung rekat ujungujungnyalakukan adon habis. kukus menit biar dingin. bubur sumsum campur adon. aduk panas api. aduk adon kental meletupletup mati api. saji es pisang ijo bubur sumsum tambah es batu siram sirup frambos skm toping keju uhm yummy jual kemas thinwall bening
pisang bakar teflon	sisir pisang pok, margarin, kental manis putih, keju cheddar parut	panas teflon. margarin. masuk pisang yg kupas. bolak sisi matang rata cokelat. tata piring. kental manis parut keju. saji hangat
nagasari pisang hijau	buah pisang lilin pok, sesuai selera, tepung terigu, tepung tapioka rose brand, gula pasir rose brand, , bungkus santan rose brand air, garam, vanili, warna pandan, minyak rose brand	siap bahan. potong pisang. campur tepung terigu. tepung tapioka rose brand. gula pasir rose brand. garam. campur santan rose vanilli. aduk menggerindil. pasta pandan. aduk. panas kukus air didih uap oles tipistipis cetak minyak goreng rose brand tata pisang cetak. tuang adon pisang letak potong pisang tuang adon kukus menit matang lupa tutup kukus lapis serbet bersih. matang. angkat diam suhu ruang uap panas hilang. keluar nagasari cetak saji
keripik pisang	sisir pisang sobopepet, gula pasir, liter minyak goreng	kupas kulit pisang. iris tipis. rebus gula air. sisih. panas minyak. goreng pisang kering masuk air gula tunggu pisang emas angkat tiris. saji
pisang goreng mocaf keju wijen	buah pisang pok tua, tepung mocaf lokal, tepung maizena, air minum, margarin rose brand, gula pasir, keju cheddar parut, sachet susu bubuk instant putih, wijen putih, minyak goreng rose brand, keju parut, cokelat mises	siap bahanbahannya. parut keju cheddar. cuci biji wijen saring. tiris. kupas potongpotong pisang pok panjang campur wadah air. tepung mocaf. gula pasir. tepung maizena. susu bubuk. margarin. aduk tambah pisang. keju parut. wijen aduk. panas wajan tuang minyak goreng. goreng adon atas minyak rendam panas api. goreng matang kali angkat tiris saji topping keju parut cokelat mises
pisang goreng crispy keju mesissceres enak	pisang lilin pisang pilih belah, tepung terigu, tepung beras, gula, susu bubuk optional, baking powder, garam, air putih, keju, mes, skm	campur bahan. lupa kasih baking powder. masuk air putih. aduk campur konsistensi cair. kental. panas minyak. goreng adon habis insya allah sisa tepung basah nya. potong pisang nya. susun piring cantik. skm parut keju tabur mes yummmm selamat nikmat
bolu pisang ala mamak gabut	buah pisang yg matang, telur, gula pasir, tepung terigu, margarin cair pake minyak ya pilih aja salah, vanili, baking soda	halus pisang halus pake garpu ya kalo halus gpp gantung selera halus. sisih pisang. wadah. masuk telur gula aduk gula larut. larut. masuk pisang halus aduk. tuang terigu ayak ya aduk. masuk garam. vanili baking soda aduk tambah minyakmargarin cair. panas kukus tunggu panas. oles cetak minyak. tuang adon cetak. panas. masuk adon kukus menit. menit. tusuk basahtidak kering. mati kompor tuang bolu piring bolu pisang saji
pukis pisang keju susu	terigu, gula pasir, ragi, air hangat, terigu, gula pasir, santan bks kara air hangat, buah pisang raja serai, telur, saset susu dancaw, vanila bubuk, garam, margarin, cair, messes cokelat keju parut	siap alat bahan. biang campur aduk bahan biang diam menit buih kembang. halus pisang. tambah santan dancaw. aduk. kocok telur gula gula larut tambah garam. aduk. masuk adon pisang adon telur. aduk. tambah biang adonanaduk. masuk bahan kering tepung vanili ayak aduk. tambah margarine cair. aduk. diam adon menit adon kembang adon cetak. panas cetak pukis api cetak teflon oles minyak
banana cheese cake	gula pasir, telur, sp, tepung terigu protein, tsp baking powder, tsp baking soda, tsp garam halus, tsp vanili bubuk, tsp cinnamon powder, buah pisang raja, balok keju cheedar parut, butter margarin leleh, skm, pisang raja iris	siap bahan b campur aduk sisih. mixer bahan a kembang kental speed. masuk bahan d mixer sebentar campur. masuk bahan b campur tahap ayak. mixer sebentar campur speed rendah. masuk bahan d aduk spatulla lipat pasti endap bantat hasil. panas oven suhu c api rak menit. oles loyang margarin timpa baking paper tuang adon hentakkan x. baking menit. keluar kasih topping baking menitsampai matang sesuai oven masingmasing matang keluar oven. hidang
brownis pisang mete cokelat	g tepung pisang, g tepung terigu, gula pasir, telur, sp, g cokelat blok, vanili, garam halus, g cokelat cip, g kacang mete cincang, mentega leleh	tim cokelat blok dg mentega lumer tambah minyak goreng sisih. mikser gula telur sp dg cepat kembang tambah tepung terigu. tepung pisang. garam n vanili aduk. tambah cokelat leleh aduk. tambah kacang mete tabur cokelat chip. panggang oven sesuai dg oven. uji matang brownis tdk tempel d lidi brownis sdh nikmat
bolu pisang	gram pisang ambon masak, telur, gram gula pasir, sp, vanilli esense, jumput garam, gram tepung terigu protein, gram susu bubuk, gram maizena, soda kue, gram keju chedar parut, minyak goreng	lumat pisang oles loyang margarin tabur tepung. campur bahan bsah mixer dg speed pucat. kental jejak. masuk pisang mix dg speed rendah. campur masuk keju. bahan kering tahap. sy aduk spatula aduk. panas oven menit dg suhu. masuk minyak. aduk dg spatula. tuang loyang sya loyang d x. adon msh sisa hentak pelan tdk udara yg perangkap. panggang kurleb menit api suhu sesuai oven menit pindah rak lalu tes tusuk klu sdh tdk adon yg tempel cake angkat. agk dingin. lepas dr cetak potong sesuai selera bolu pisang nikmat kluarga cinta
steam banana chocochip	gram pisang matang kulit, telur, gram gula pasir rose brand, susu uht, gram minyak goreng rose brand, gram terigu pro, baking powder, soda kue, kayumanis bubuk skip, garam, gram chocochip	hangat susu. masuk gula pasir rose brand. kocok larut. sisih. halus pisang garpu. satu bahan kering. ayak. sisih. kocok telur baskom tambah pisang. kocok tuang minyak goreng rose brand. kocok. masuk bahan kering ganti campur susu gula pasir rose brand. aduk. tuang cetak lap papper cup. toping chocochip. panas kukus uap. masuk adon. kukus menit. matang. saji
bolu pisang keju simpel mikser	pisang ambon berat kulit, pilih yg matang, telur, minyak goreng, susu kental manis, air, keju parut, terigu, susu bubuk, gula tambah suka manis, garam, baking powder, baking soda, kayu manis bubuk	ayak terigu. susu bubuk. baking powder. baking soda. kayu manis bubuk campur gula garam. aduk. wadah pisah. lumat pisang garpu campur bahan basah aduk. panas oven siap loyang ukur. alas kertas roti oles margarin minyak goreng. campur bahan kering bahan basah aduk sebentar tuang loyang tabur keju parut. oven suhu c menit api. tambah menit api sesuikan oven masingmasing kukus menit masuk kukus kukus panas. potongpotong. hidang. selamat coba
pancake pisang gluten free	buah pisang ambon kematengan, telur, rolled oat, chia seed, susu uht	halus rolled oat chopper sebentar. halus. tambah chia seed oat. masuk pisang. telur susu uht chopper. halus bahan campur. panas teflon tuang adon panggang api muka cokelat matang sisi. saji hidang piring toping sesuai selera selamat coba
pisang goreng crispy	margarin cair, gula pasir, garam, tepung beras, tepung terigu, air, vanili perisa vanila, pisang potong belah jd	siap bahan campur perlahan. masuk pisang. panas minyak wajan. goreng dg api cokelat. saji
puding pisang kukus	buah pisang tanduk, iris bulat, gram tepung beras, sendok teh garam, gram gula aren, susu cair, telur, lembar daun pandan, potong	wadah masuk tepung beras. garam susu cair aduk masuk telur gula aren aduk masuk iris pisang. aduk tuang cetak sisa iris pisang tata atas potong daun pandan lupa kukus kukus yg didih matang menit pakai api. enak nikmat hangat dingin
bolu pisang kurma kukus	buah pisang matang, telur, tepung gandum terigu pro, gula aren, buah kurma, susu uht, baking soda, margarin, minyak goreng, vanili	siap bahan bahan. leleh margarine tekhnik double boiler. sisih. blender kurma susu. sisih. halus pisang. masuk telur gula aren. kocok menit gula larut masuk pisang aduk. tambah tepung gandum tepung terigu. baking soda. vanili bubuk masuk ayak bergerindil aduk. tambah minyak margarin aduk. oles loyang carlo masuk adon rata hentakan rongga udara. siap kukus tutup panci alas serbet uap jatuh adon tunggu golak air nya. kukus adon menit test tusuk sate tempel matang sempurna. potong sesuai selera
pancake pisang keju gluten free mpasi	buah pisang cavendish matang banget, telur ayam, blok keju belcube, susu kedelai, tepung beras rose brand, tepung ketan rose brand	kupas pisang. masuk mangkok. lumat sendok. masuk keju. susu kedelai. telur aduk tambah tepung beras tepung ketan rose brand aduk. panas wajan anti lengket tuang centong adon toping sukasuka almond masak api masak matang angkat saji si selagi hangat moga suka
bolabola pisang isi cokelat salju	pisang pok matang, tepung terigu, tepung maizena rose brand, susu bubuk, garam, gula pasir rose brand, minyak goreng rose brand utk oles, meises utk isi, gula halus rose brand utk topping	siap bahanbahan. hancur pisang. tmbh tepung terigu tepung maizena. masuk gula pasir rose brand. garam. aduk. sisih. pnaskan teflon. oles tipis dgn minyak rose brand. isi loyang dgn adon. meisses. tutup dgn adon. masak loyang dgn api cenderung. gosong. matang. angkat bedak dgn gula halus rose brand. saji
roti isi pisang cokelat	tepung terigu protein, ragi instan, telur ayam, lembut roti, gula pasir, susu bubuk, susu cair, garam, margarin, buah pisang pok, selai cokelat	campur tepung terigu. gula. ragi instan. lembut roti. telur susu bubuk tuang susu cair ulen adon bentuk kalis. masuk margarin garam. ulen adon kalis elastis tutup adon plastik wrap istirahat menit. panas teflon tambah margarin. panggang pisang atas dibolakbalik cokelat. angkat tiris. kempis adon selesai istirahat. masingmasing adon timbang. bulat. ambil buah adon. gilas tambah pisang selai cokelat tutup sisi kiri kanan gulung atas potongpotong motif. tata atas loyang oles margarin. diam menit oles atas susu cair tabur meises. panggang dalam oven panas matang matang selagi panas oles mentega
pisang pandan pok pok	buah pisang raja ukur jumbo, tepung pisang goreng, tepung beras, baking powder, tetes pasta pandan, susu cair uht, air, gula halus, tabur, jumput garam, minyak goreng	kupas pisang. belah potong segitiga. campur tepung pisang goreng. tepung beras. baking powder. garam. susu cair air. aduk campur bergerindil adon kentalcair masuk pasta pandan. aduk campur rata. masuk pisang. aduk pelan. panas minyak goreng siap api ambil pisang sumpit. goreng matang. oh ya. pisang lengket dg yg bunda sabar nglepasin yajika matang tiris letak piring saji yg alas tisu tabur gula halus hmmm enakkkkk
gabin isi pisang keju	buah biskuit gabin, buah pisang pok, keju cheddar, susu kental manis, margarin	halus pisang. tambah susu kental manis. keju cheddar. aduk. leleh margarin. masuk adon pisang. masak kental. ambil biskuit tambah adon pisang. tutup gabin. goreng gabin cokelat saji
pisang goreng keju mozarella	buah pisang pok matang potong pcs, buah pisang tanduk matang potong pcs, lembar kulit lumpia springroll, bungkus keju mozarella, minyak sayur goreng	kupas potong pisang iris keju mozarella pcs siap kulit lumpia. bungkus pcs pisang keju kulit lumpia. simpan piring. goreng matang. saji sarap snack minum teh kopi
roti panggang pisang keju	lembar roti tawar, buah pisang matang, keju cheddar parut, margarin, skm	potong roti potong pisang sesuai selera. oles roti margarin. susun dalam roti pisang. keju skm. tutup panggang atas teflon cokelat. angkat. saji
banana schotel	telur, gula pasir, terigu, garam, vanila bubuk, margarin, leleh, keju parut, susu cair full cream, buah pisang raja potong tipis, keju parut, almond slice, choco chip	kocok telur gula masuk margarin leleh keju parut. aduk masuk susu cair. aduk. tata pisang loyang oles margarin tuang adon susu tabur keju parut. almond slice choco chip panggang matang. saji simpan kulkas. makan dingin enak
brudel pisang keju	tepung terigu pro, susu bubuk full cream, ragi instan, susu cair hangat, gula pasir, pisang matang pisang ijo, peras air lemon kue moist, keju cheddar parut tambah, margarin, cair minyak goreng, telur, soda kue, gula pasir, vanili, garam, pisang, keju cheddar parut	campur bahan a ayak. sisih. campur bahan b. biar menit buih. lumat bahan c garpu. sisih. mixer bahan f speed rendah. campur. masuk bahan a b c ganti dalam adon f mixer rendah. . masuk bahan d e ganti. spatula campur. siap loyang. oles margarin terigu. rata. tuang adon dalam loyang. tutup kain bersih. diam menit. menit. panas oven. pakai suhu menit adon kembang. adon panggang tunggu. menit. toping sesuai selera. panggang menit. suhu api sesuai oven masingmasing yaa test tusuk. matang. keluar kue oven loyang. anginanginkan. brudel pisang keju nikmat. enakkk jaga lembut kue. kue dingin. simpan wadah kedap udara simpan kulkas. kue moist selamat coba
bolen mini pisang keju cokelat	g korsvet, g tepung terigu, g tepung beras, susu bubuk fullcream, baking powder, garam, kuning telur, kocok lepas, air es, buah pisang raja, potong belah, g keju, potong panjang ekstra topping, kuning telur, kocok lepas	letak korsvet lembar plastik. gilas tipis simpan kulkas. ayak bahan a masuk kuning telur. aduk tuang air es ulen adon bentuk. stop beri air es bulat adon. tutup istirahat jam. jam. tipis adon ambil lembar korsvet. letak lipat sisi adon tutup korsvet gilas lebar bentuk persegi. lipat amplop. gilas lebar adon lipat sisi tengah. gilas setebal lipat tekuk adon diroll. bungkus adon plastik simpan kulkas menit. ambil adon. potong gilas lebar potong isi satu sisi kiri kanan kulit tengah tutup isi. rapat gilas tipis ujung lipat tengah. panas oven menit tata bolen loyang alas baking paper oles permukaanya kuning telur tabur keju parut panggang oven suhu c menit sesuaikaan oven. menit. kulit bolen kering. keluar oven punya kulit tipis. kulit retak isi bocor
cekodok pisang aroma kayumanis	pisang pok matang, tepung terigu, gula pasir, baking powder, kayumanis bubuk, susu bubuk	kupas pisang halus. masuk tepung. susu. gula. baking powder kayumanis dalam mangkuk. aduk tambah pisang aduk campur. panas minyak. goreng pisang matang cokelat angkat tiris. saji
pisang goreng pandan wijen	tepung terigu, tepung beras rose brand, endap pandan pakai pasta pandan, air, garam, baking powder, wijen putih, buah pisang pok, minyak goreng rose brand goreng	siap bahan. masuk terigu mangkuk. tambah tepung beras. tambah garam. tambah air pasta pandan aduk campur. tambah baking powder. aduk tambah wijen. aduk rata. potong pisang koin belah aja. masuk adon tepung. goreng minyak panas. api. matang rata. kering. angkat tiris. saji piring
pisang pok kukus	sisir pisang pok, air	cuci bersih pisang pok yg iris pangkal. siap kukus. isi air biar air didih. kukus didih. susun pisang kukus matang
banana bread creamcheese	pisang cavendis matang kulit, telur size, gula palm, vailla paste, terigu pro, baking powder, soda kue, jumput garam, minyak kelapa, dcc serut, keju oles	halus pisang garpu. sisih. ayak tepung terigu. baking powder. baking soda. sishkan. siap baskom masuk telur. gula palem. garam. vanilla paste kocok whisk gula larut. seta larut. masuk pisang. aduk. campur masuk campur terigu. aduk. tambah minyak aduk. tuang loyang xcm lapis baking paper keju oles tengah adon tumpuk adon topping cokelat serut atas masuk oven yg panas menit suhu oven listrik menit cek oven. oven tangkring api cenderung menit
nugget pisang frozen	nugget, buah pisang pok, garam, vanili bubuk, btr telur, gula pasir sesuai dng manis pisang, tepung terigu, celup, btr telur, garam, tepung terigu, tepung panir kasar, topping, kental manis amp meses	nugget halus pisang blenderchopper. tambah bahan. tuang loyang kukus menit. dingin potong. bahan celup. tambah air. aduk celup nugget celup guling tepung panir simpan dlm freezer sebentar utk stok freezer goreng golden brown. kental manis atas tabur meses kemas dlm mika
pancake pisang teflon rumah telur	buah pisang, gula, madu kental manis, tepung terigu, chococip mises	campur bahan kalis rasa adon kental tambah air. panas teflon masak cokelat. makan hidang
cheesy banana egg puff	lembar puff pastry instant, buah pisang pakai pisang raja, telur, skm, susu cair, vanilla cair, bungkus keju spread, susu cair, skm, keju parut, iris pisang	cream cheese. aduk bahan mixer whisk campur. panas pisang atas teflon potong potong letak kulit puff pastry atas cetak bentuk mangkok tahan panas. isi pisang potong aduk susu cair. skm. pasta vanila. kocok lepas siram atas pisang cream cheese atas keju parut. tambah potong pisang tata atas loyang oven suhu kurleb dercel api sedanhgg matang kembang. keluar darinloyang saji
pisang susu	telur, susu uht, gula pasir ditambahin kalo manis, pisang iris, tetes vanili cair opsional, , keju parutchoco chipwijenkismis tambah apa sesuai selera	iris pisang. tata loyang tabur bahan tambah keju. dll sesuai selera. pisah. kocok lepas telur gula tambah susu cair. aduk. tuang adon susu telur loyang iris pisang. panggang suhu menit
godok pisang susu keju	buah pisang raja matang, gram tepung terigu sy pke gram tepung beras, gram susu bubuk, gram gula pasir sy skip, baking powder, keju cheddar parut, minyak goreng	kupas halus pisang. campur tepung beras gula pasir pakai. aduk. masuk susu bubuk keju parut. aduk adon goreng. panas minyak goreng adon sendok makan cokelat. angkat saji toping keju parut
pisang penyet keju	buah pisang lilin sy, margarin rose brand, keju parut, skm	kupas pisang. penyet. panas margarin rose brand teflon taruh pisang penyet atas teflon api pisang sdh cokelat. tata pisang matang piring saji topping skm parut keju. saji
talam pisang kenari	buah pisang mix pok raja, tepung protein, tapioka, margarine, susu bubuk, vanila pasta, santan instan, air, air, tepung pro, gula pasir, santan instan, susu bubuk, vanila pasta, garam, sckpnya kenari, lembar daun pandan	oles loyang margarine. sisih. wadah. halus pisang mug. tambah bahan pisang sisa tepung masuk tahap aduk sisih. campur bahan lapis tepung panas dandang. masuk daun pandan air kukus kukus uap. tuang adon loyang kukus menit tuang lapis tepung kukus menit lupa topping kenari. angkat dingin. tunggu dingin potong hancur
banana crspiy vla keju susu	buah pisang ranten, adon basah, air, tepung terigu, garam, adon kering, tepung panir, vla keju susu, bungkus susu bubuk dancow, keju cedar parut, lembar keju sleis, gula pasir, garam, skm, maizena larut, air, minyak goreng	abis pisang belah jd sia adon basah. masuk pisang adon basah tepung panir. selesai goreng minyak panas matang. masuk bahan vla keju susu tambah air aduk perlahan gula keju larut. tambah larut maizena aduk. masak kental. ambil wadah tata vla tambah pisang krispinya. tuang vla keju susu topping keju parut nd seres cokelat. banana crspiy cheese saji
limpanglimpung pisang keju	buah pisang pok, potong dadu, blok keju cheddar, munjung tepung terigu, gula pasir, garam, air, minyak goreng	potongpotong keju bentuk dadu. masuk pisang. keju. garam. gula mangkuk. masuk tepung terigu tambah air sambik aduk konsistensi adon kental cenderung encer. panas minyak goreng masuk adon laku pan penuh goreng cokelat. goreng matang rata kuning emas tiris laku habis. saji hangathangat
bolen pisang dgn korsvet	tepung protein, gula pasir, susu bubuk, air, kuning telur, margarine, garam, korsvet, sckpnya pisang raja matang, sckpnya meises sele cokelat, kuning telur utk oles, sckpnya meises utk topping, sckpnya keju parut utk topping	panggang pisang margarine sisih. wadah. masuk tepung. kuning telur. gula. susu. garam air aduk masuk margarine. ulen lengket tangan tutup sisih. pipih korsvet ukur sisi x plastik bungkus simpan kulkas menit sisih ambil adon tepung. giling lebar. ambil korsvet letak atas. . tutup bentuk amplop. pasti korsvet ertutup rapat. pipih perlahan bentuk panjang ukur x lipat simpan chiller menit ambil adon pipih laku langkah kali. dirolling panjang layer. ambil adon tutup adon sisa rolling isi potong pisang meises lipat bentuk amplop. pasti yg bocor. tata loyang yg alas baking paper oles margarine oles kuning telur topping. panggang suhu derajat menit sesuai oven. matang. angkat dingin. kulit crunchy lembut. tunggu suhu ruang simpan wadah kedap udara
pisang goreng merah wijen	tepung terigu, tepung beras, tepung maizena tambah, tetes warna merah, air sesuai, garam, gula, vanile, baking powder, wijen putih amp hitam, sisir pisang raja, minyak goreng	masuk terigu mangkuk. tambah tepung beras. tepung maizena. baking powder. gula. vanile. garam aduk tambah air aduk. tambah pasta merah. aduk campur tambah wijen. aduk. belah pisang. masuk adon tepung. goreng minyak panas. api matang rata. kering. angkat tiris. saji piring. mantaap
banana pineapple smoothies	susu vanilla, buah pisang ambon uk, nanas, sachet madu	siap bahan kupas potong potong pisang nanas. masuk potong pisang nanas. madu. susu cair vanilla blender blender halus. tuang smoothies gelas. saji
banana oat cake gluten free	pisang matang kupas cavendishambon, oatmeal blender halus, jumput garam, jumput vanili, soda kue, telur, gula semut sesuai selera, margarin cair	halus pisang. sisih. halus oat. tambah vanili. garam. baking soda. aduk. kocok telur gula larut. tambah pisang halus margarine. masuk adon kering tahap. aduk campur. masuk cetak panggang sesuai suhu oven masingmasing pakai airfryer pakai cetak lumayan suhu c menitmenit. hubung pakai airfryer lamaaa. kukus cepat proses. menit jadiii
kue pisang wijen	buah pisang uli matang, tepung ketan putih, gula aren bubukgula pasir manis sesuai selera, vanili bubuk, garam, air minum oles, minyak goreng	kukus buah ukur. sy buah halus campur bahan. aduk. ulen kalis satu. ambil adon. bulat. lubang tengah jari bentuk donatbentuk bulat laku selesai siap air minum wijen. oles kue pisang air celup air balur wijen ditekantekan wijen tempel laku selesai. diam menit langsung goreng minyak hangat api. goreng cokelat matang rata. angkat. tiris saji
pancake pisang	pisang pok berat kulit, susu cair fullcream, gula pasir, vanili bubuk, garam, baking powder, telur, tepung terigu serbaguna, margarine, cair	chopper campur bahan kecuali tepung terugu margarine cair chopper halus. tuang bowl masuk tepung terigu margarine cair. aduk spatula. diam menit. panas teflon. pasti benarbenar panas ya moms. tuang centong sayur adon. masak api. biar muka ering. . masak matang laku adon habis. angkat dingin. saji sarap teman cangkir kopiteh hangat dar teman duduk santai nonton film favorit. enjoy happy baking
bolabola pisang ubi isi keju	buah pisang kukus, buah ubi kukus, palm sugar, tepung terigu sesuai, maizena, cubit garam, keju potong dadu isi, minyak goreng	kupas pisang kukus yg sdh dingin tempat wadah. kupas ubi kukus. halus tambah palm sugar. garam aduk tambah tepung terigu. tepung maizena. aduk. . ambil. pulung. bulat pipih keju bulat laku adon habis. panas minyak. goreng cokelat angkat tiris. saji perkedel kentang manis
pisang goreng kriuk pakai tepung beras	buah pisang tanduk resep pisang raja, tepung beras, tepung tapioca, tepung maizena, baking powder, jumput vanila, gula, garam, air, telur skip, minyak goreng	siap wadah masuk tepung beras. maizena. tepung tapioka rose brand. vanila. baking powder. gula. garam. tuang air aduk. potong pisang sesuai selera. goreng pisang lumur tepung masak matang. angkat tiris salin piring saji. saji
pisang goreng	pisang pok, ketip, ato raja suka aj, tepung beras, garam, air, minyak goreng	potong pisang ato panjang. tuang tepung beras. air. garam mangkok aduk. encer ato kental. lapis pisang adon tepung. panas minyak. goreng pisang lapis tepung matang. selamat coba
bolu pisang gluten free	buah pisang matang, madu, gelas minyak goreng, gelas oat blender halus, tepung maizena, tepung beras, gula pasir, telur, sp, baking soda, keju, kismis	halus pisang tambah madu diam menit campur oat. tepung meizena. tepung beras baking soda ayak. mikser telur. gula. sp kembang masuk campur tepung ganti pisang aduk masuk minyak goreng. masuk loyang oles margarin. toping sesuai selera panggang menit saji kopi pahit. . . yummy
feijoa banana loaf	buah pisang cavendish ukur kupas halus garpu, cup feijoa kupas chopper kasar, cup feijoa kupas potong dadu, cup plain flour, cup gula pasir, gram butter suhu ruang, telur, baking powder, baking soda, vanilla essence, garam, cup susu full cream, cup air	mikser butter gula telur menit masuk pisang halus feijoa air susu cair baking powder baking soda vanilla essence garam. aduk masuk tepung terigu aduk ngaduknya siap loyang alas baking paper tuang adon panggang menit suhu c
healthy banana brownies with oat and dark choco	buah pisang ambon matang, gandumoat, baking powder, jumput garam, bubuk cokelat, telur, cokelat batang optional, ganti choco chipkacang almond dll	hancur pisang garpu. tambah gandum. baking powder. garam. bubuk cokelat telur aduk. tabur cokelat batang serut choco chip kacang almond. kukus api menit. angkat saji
banana cake oat	pisang matang, halus pakai garpu, rolled oat halus blender, telur, butter, leleh, jumput garam, baking soda, dark chocolate, potong, kayumanis bubuk, kismis, kenari slices, chocochip	campur bahan. baking dg suhu menit
pisang koin frambozen keju	buah pisang uli, keju parut, minyak goreng, bahan adon, tepung terigu, tepung beras, tambah, tepung maizena tambah, gula pasir sy pakai palm sugar, margarin sy skip, tetes vanila, garam, tetes warna frambozen tambah, air sesuai adon, minyak goreng, topping parut keju palm sugar	siap bahan potong bulat pisang uli sisih. campur bahan adon aduk. tambah tetes warna frambozen aduk. masuk pisang dalam adon lumur. panas minyak. goreng pisang sisi matang cokelat angkat tiris. tabur keju parut palm sugar saji santaap
bolu pisang takar sendok anti gagal	buah pisang ambonbebas, telur, gula pasir, tepung terigu serbaguna, bks susu bubuk, baking soda, vanilli, garam, minyak goreng	halus pisang ambon garpu. campur telur gula aduk gula larut. masuk tepung terigu. susu. baking soda. garam vanilli aduk campur. masuk minyak aduk minyak endap. kukus menit
pisang goreng gula aren	sisir pisang pok, bungkus tepung serbaguna pisang goreng, tepung beras rosebrand, air, secukulnya tabur gula palem	siap pisang pok belah. campur tepung serbaguna pisang giteng tambah tepung beras rosebrand untum hasil renyah. celup pisang dalam adon tepung aduk perlahan limut goreng warna kuning. angkat tiris tabur gula palem atas
pisang keju enak	trigu segitiga, tepung beras, tepung maizena, gula pasir, garam, baking powder, vanili bubuk pasta vanila, margarin leleh, air, pisang matang, gula palm, keju parut, skm	belah pisang sesuai selera. campur bahan aduk halus. masuk pisang k dlm adon. goreng minyak panas matang. topping sesuai selera
kroket pisang keju isi cokelat	buah pisang pok sisir, keju, bungkus susu bubuk dancow, tepung terigu, tepung maizena, gula pasir, tepung terigu, tepung roti panir, jumput garam, selai cokelat cokelat batang collata	panas panci kukus pisang matang. lumat pisang siap bahan yg. masuk tepung terigu. maizena. keju. gula susu bubuk. . ulenihingga campur. campur. bentuk adon sesuai selera isi cokelat tutup. balur adon yg bentuk bahan celup tepung panir. laku nya balur. panas minyak lalau goreng kroket golden brown. kroket santap. frozen besok yahh buun
bolu pisang keju lumer	pisang matang, btr telur, gula pasir, st garam, terigu protein, st baking soda, minyak goreng, keju lumer, keju oles, sm susu kental manis	halus pisang. sisih. kocok telur gula pasir dgn whisk. sp gula larut. tambah pisang yg halus. aduk. masuk terigu yg campur dgn garam baking soda. aduk. masuk minyak goreng. aduk. panas kukus. tutup kukus bungkus serbet siap loyang yg oles tipis minyak goreng. tuang adon. kukus sp matang. lapis keju lumer aduk keju oles susu kental manis. masuk dalam piping bag. sth bolu matang. angkat adon keju rata. tuang adon. kukus sp matang. sth dingin keluar loyang
bolu pisang	telur, gula pasir, sp, terigu, pisang halus, bs, bp, vanila butter, susu cair, minyak	mix gula telur kembang masuk sp mix putih jejak. turun keceatan mixer. masuk ganti trigu. pisang. minyak susu. aduk spatula. panggang tulban. suhu derajat
bongko durian pisang enak	munjung durian kupas, buah pisang, potong pilih pisang yg harum spt pisang raja, pisang barangan, pouch santan instant gt tara, munjung tepung beras rose brand gt jk tipe padat bs tambah, tp mnurut ajar eyang sy bongko tipe jajan pasar yg lumer bungkus, padat spt nagasari, munjung tepung ketan rose brand gt ganti terigu gt krn gurih beda, gula pasir, garam, air daun pandan blender dr saring jk warna hijau banyakin ya pandan gt blender daun pandan amp wangi bongko kuat jg nikmat, air aqua	siap bahanbahan. campur air aqua. larut pandan. garam gula panci rebus. masuk tepung beras putih tepung beras ketan aduk pasti tingkat gurihasin manis nya sdh sesuai selera. tambah durian kupas aduk. rebus dng api kental padat hmmmm wangi. bungkus adon bongko dng daun pisang tata spt poto asli jajan bongko sy msh jawa. bungkus luar lapis plastik lumer adon beber dr lipat daun pisang krn bongko adlh tipe jajan lumer. padat. tata bongko yg sdh bungkus daun pisang kukus kukus matang angkat jk daun sdh layu bongko tanak. saji uenaaaakkkk pake buuaangetttttt. tekstur lembut padat ya bongko khas jawa krn padat. nagasari hihi gurih banget masya allah
banana chocolate muffin	buah pisang matang, buah telur ukur, unsalted butter, leleh, gula pasir, gula merah, tsp vanilla extract, tepung terigu, tsp baking soda, tsp baking powder, sour creamyogurt, jumput garam, choco chips	panas oven c fan oven. campur bahan basah. campur bahan kering. campur bahan basah kering overmix. masuk cetak muffin. panggang menit suhu c turun suhu c panggang menit
pisang goreng	buah pisang pok ukur, potong biji, terigu, tepung beras, maizena, gula, jumput garam, vanili, air bersih, wijen hitam, minyak goreng goreng	campur bahan kecuali pisang aduk. cair. kental ya adon. masuk pisang adon goreng
bolu pisang cokelat	telur, gram gula pasir, gram pisang matang, berat kulit, gram tepung terigu, gram cokelat bubuk, soda kue, baking powder, gram susu bubuk, air hangat, tetes pasta cokelat, minyak goreng, glaze strawberry chocochips	kocok bahan a gula larut busa. masuk bahan b tahap pisang. campur tepung ayak aduk. masuk bahan c tahap. aduk tambah chocochips suka aduk spatula campur. siap loyang oles minyak goreng tipis tuang adon kukus menit kukus panas tes tusuk matang. angkat. keluar loyang dingin toping sesuai selera
pisang koin keju gula palem	buah pisang sy pake pisang pok yg lembek, keju parut, gula palem, minyak goreng, tepung terigu, tepung beras, gula pasir sy skip, garam, margarin, baking powder, air	kupas pisang iris bulat campur bahan adon. aduk. kental sesuai. masuk iris pisang adon tepung aduk goreng cokelat. matang angkat tiris. susun pisang goreng piring saji. keju parut tabur gula palem. saji cangkir kopi teh
keripik pisang kriuk	sisir pisang raja nangkakepok mentah kulit hijau, jumput kapur sirih, air, garam, minyak goreng	sarung tangan kuoas pisang pisau. rendam pisang larut air kapur sirih menit. serut pisang alat khusus pisau. siap minyak wajan panas. masuk pisang bolak baliksaat matang masuk larut garam pisang asinjika original. keripik pisang manis buat larut gula pisah
bolu pisang keju lumer	gram pisang matang pakai pisang ambon hijau, halus, telur, gram gula pasir, garam, gram terigu protein, baking soda, minyak sayur, gram keju oles, skm	campur telur. gula. garam aduk whisker buih. tambah pisang halus. aduk. masuk tepung terigu baking soda aduk campur tambah minyak sayur. aduk. tuang adon cetak loyang. kukus kukus panas lupa bungkus tutup kukus kain bersih air tetes kukus menit. tunggu. keju lumer campur keju oles skm. aduk masuk adon keju piping bag. menit. semprot adon keju bolu. tutup atas sisa adon bolu pisang kukus menit. lepas bolu yg matang loyangcetakan bolu pisang keju lumer saji
bolu pisang cokelat	tepung terigu protein, cokelat bubuk, baking soda, baking powder, jumput garam, butter pakai margarine, gula halus, telur, pisang matang bebas pake pisang jenis takar sesuai selera ya, vanilla essence	lumat pisang garpu. sisih siap bahan. sisih. mixer butter gula pasir pucat kembang. tambah telur masuk tahap telur mixer campur tekstur kembang tambah vanili essense. masuk pisang. mixer campur. masuk bahan kering tahap ayak. mixer campur mati. aduk adon tepung campur. tuang loyang. tabur toping suka loyang sblumnya oles metega lapis baking paper hentakan udara adon. panggang oven suhu c menit. panas dlu ya oven. tadaaaa eeh bolu. pindah bersih santap
tempe oat banana pancake	papan tempe gran, gram oat rolled blender halus, buah pisang, telur, susu cair, jumput garam	siap bahanbahan. blender oat rolled halus. potongpotong tempe campur bahan blender halus. adon kental susu. oleh konsistensi adon. panas oles minyak tuang sendok sayur adon pancake masak lubang lubang matang masak matang. pancake saji topping madu. butter. buahbuahan segar. skm collat. keju dll sesuai selera
pisang goreng wijen	buah pisang tanduk, , terigu, , tepung beras, rose brand, maizena, rose brand, baking powder, gula pasir, rose brand, vanilli bubuk, margarin cair, air, wijen putih, minyak, goreng	siap bahan bahan butuh cair margarin. potong pisang sesuai selera. campur aneka tepung. gula pasir. vanilli tambah air tahap aduk rata bergerindil tambah margarin cair. aduk rata celup pisang potong. tabur wijen goreng minyak panas. sisi matang cokelat sisi matang. angkat tiris. pisang goreng wijen. saji cangkir kopiteh hangat. nikmat
kue lumpur pisang	pisang matang, tepung terigu segitiga, gula, susu santan me susu, telur, garam, vanila essence, margarin, warna kuning, topping kismis	campur bahan. chopper blender bahn halus warna makan campur. panas cetak. oles minyak. tuang adon tutup masak matang. topping raisin atas. tutup. tunggu matang keluar kue spatula saji
pisang gapit ala mbak arina putri	buah pisang pok, pisang cavendish, butter, gula merah, santan, lembar pandan, skip, vanili bubuk, air, maizena, larut, garam	siap bahanbahannya. kupas pisang cavendish pipih talenan pisang pok pipih. pisang cavendish. bagus ya coba. pisang nya pipih. benyek lembek panggang coba kali. tekan hatihati hasil bagus. bakar diteflon oles margarin. masak matang bolakbalik. angkat. sisihkaniris gula merah masuk bahan kecuali maizena dalam panci. masak larut masuk larut maizena. aduk. mati api. saji pisang saus
es pisang ijo	sisir pisang ijo, tepung terigu, tepung beras, gram santan kental, lembar daun pandan, gram gula pasir, sendok margarin, bungkus sagu mutiara, botol syrup pisang ambon	kukus pisang menit adon contoh. set d kukus menit matang. . masuk tepung beras. santan. jus daun pandan. susu. garam liter air aduk rata masak api adun set. hidang tambahin toping sagu mutiara susu kental manis syrup pisang ambon es batu
pisang gapit	buah pisang pok matang, air, santan instan, garam, gula semut, larut maizena maizena air, lembar daun pandan	kupas kulit pisang pipih pisang talenan. panggang pisang margarin angkat warna cokelat. wadah panas larut kuah kinca aduk didih santan pecah. letak pisang panggang piring tuang kuah kinca
pisang cokelat piscok	buah pisang nangka, bungkus kulit lumpia isi, bungkus skm cokelat, terigu, minyak goreng	potong panjang pisang. siap adon terigu siap wadang masuk terigu masuk air garam aduk rata. siap jg kulit lumpia. siap kulit lumpia mepotong jd kulit lumpia masuk pisang susu skm tutup rapat ujung lumpia lem adon terigu. siap wajan panas minyak goreng pisang cokelat kuning cokelat ulang habis. pisang cokelat nikmat
dadar gulung pisang cokelat	buah pisang raja iris, mentega, keju parut, meses dcc serut, tepung pro, cokelat bubuk, tepung tapioka, gula pasir, garam, telur, susu cair, minyak goreng	cair mentega teflon. panggang pisang bolak matang. siap bahan isi. campur bahan kulit aduk saring bergerindil. panas teflon. oles minyak kuas silikon tuang adon kulit putarratakan teflon tunggu matang taruh piring. langsung tata isi pisang. keju. cokelat gulung laku dadar adon kulit laku habis
pisang gogodo	buah pisang masak rajakepok, tepung serba, tepung beras opsional, air, gula pasir tambah pisang manis, jumput garam, sckpnya minyak goreng, topping, sckpnya gula donat opsional	kupas potong pisang kotak sisih wadah campur tepung. gula. garam air aduk yg bergerindil masuk pisang yg potong. goreng minyak panas bolak matang kuning cokelat. angkat tiris. saji. tabur gula donat tipis
puding pisang	pisang barangan, gula pasir, garam, sachet bubuk, tepung maizena, asa vanilla, warna makan, santan	siap bahan. potong pisang. masuk panci tambah gula. tepung maizena. garam. tambah susu aduk campur masak didih. dingin sebentar. uap hilang masuk cetakanbiarkan beku. saji
banana cake tepung	bj pisang matang gantung ukur, telur ayam, tetes stevia, rolled oats diblenderdihaluskan, soda kue, cocoa powder, dark chococips cokelat batang cincang kasar, vanili bubuk	halus pisang. campur bahan pakai sendok. kukus menit
pisang geprek keju	biji pisang pok mateng lembek, susu kental manis, gula palm tabur, margarin filma, bungkus keju craft parut	kupas pisang digeprek siap talenan. plastik. pisau lebar mudah proses geprek nya. leleh margarin teflon tnggu aroma margarin. panggang pisang warna cokelat. mateng siap atas piring tarik. kasih skm. tabur gula palm nya. topping parut keju sesuai selera
nagasari pisang raja	buah pisang raja ukukuran, gram tepung beras rose brand, gram tepung tapioka sy pakai sagu tani, mil santan bungkus kara air, garam, vanili bubuk, gram gula pasir	siapkam bahan. kupas pisang potong sesuai selera. siap panci. masuk bahan kecuali pisang isi. masuk santan hangat yg rebus. aduk tercour. nyala kompot masak tepung yg campur sajtan hangat aduk campur pasti bahan bergerindil masak kental. kalis kesat angkat. bungkus daun pisang semat pisang isi. kukus matang api. matang angkat. dingin sahi
pisang goreng corn flakes minyak	buah pisang uli mengkal, gula cair ganti dg madukental manis, gram corn flakes, gram keju cheddar parut, gram meises, gram kental manis	halus corn flakes. sisih. kupas pisang. belah putus oles gula cair balur muka remah corn flakes. panas air fryer menit suhu c masak pisang menit. saji pisang parut keju. meises kental manis
pisang goreng praktis	sisir pisang pok kuning, tua, sachet tepung pisang goreng instant, air, minyak goreng	siap bahan bahan butuh. tuang tepung pisang goreng instant wadah. tambah air tahap. aduk adon halus. kupas belah pisang. bag matang sempurna celup adoman goreng minyak panas. sisi warna emas sisi matang angkat tiris belah pisang matang sempurna garing luar lembut. pindah piring saji. pisang goreng praktis tepung instant. nikmat. kriuknya. lembut harum manis sempurna. praktis banget
apple cider vinegar cuka sari apel cuka apel	buah apel aja, munjung gula pasir gulpas, air minum, toples kaca fermentasi, kain katun karet tutup, saring plastik jaring rangka halus jaring besi ya, corong plastik nuang cuka botol biar gak tumpah, irus plastik besi ya ngambil cuka, mangkok kaca wadah cuka udah saring, toples kaca wadah ampas apel, spatula silikon tekan nekan ampas apel, botol kaca mulut ibu botol kaca bekas sirup wadah cuka sari apel	cuci apel air alir x eco enzyme ee. rendam apel tutup botol ee menit. bilas potong apel buang biji masuk potong apel toples kaca liter. tambah gula pasir. tambah air minum toples sisa toples udara. aduk spatula silikon. lap mulut toples leher toples lap bersih biar gak serangga hinggap telur. tutup toples kain katun. ikat karet label tanggal buat simpan suhu ruang. . buka. aduk cuka tutup ibu aduk cuka kadang kadang ibu sibuk jual lupa lap mulut leher toples lap bersih ya tutup. . panen horeee. siap alat alat saring ambil air cuka irus. saring tekan tekan ampas apel sangkut saring biar air. simpan ampas toples kaca ampas apel pupuk tanam tuang air cuka hasil saring mangkok botol kaca bantu corong tutup rapat simpan suhu ruang. taraaa cuka sari apel yeayyy. minum tuang plastik cuka sari apel gelas air minum. aduk kalo ibu minum pagi makan malam tidur ibu lupa langsung tidur. selamat coba ya moga sehat
sandwich putih telur	lembar roti whole wheat bread, sachet sambal tomat, minyak goreng omelet, putih telur, potong ayam bakar sisa malam, skip, wortel ukur, potong kotak, merica bubuk, garam, kaldu bubuk	siap bahanbahan. omeletnya kocok putih telur merica. garam kaldu bubuk kocok campur masuk iris wortel suwir ayam aduk. panas pan tuang bahan omelet masak sisi kering. ambil lembar roti letak omeletnya tambah saus sambal tutup lembar roti potong segitiga sesuai selera. saji
ayam chili padi khas malaysia	ayam me dada amp paha, bawang putih, halus, garam, maizena, ketumbar bubuk, air lemon, cabai keriting merah, cabai keriting hijau, cabai hijau, cabai rawit setan, bawang merah, lembar daun jeruk, bawang putih, asam jawa biji, saus tiram, garam, gula pasir, minyak goreng	potong cuci ayam bersih tiris. campur bahan a. marinasi jam kulkas. goreng ayam api cenderung ayam cokelat matang angkat tiris. chop kasar daun jeruk. bawang merah. bawang putih. cabai keriting merah. cabai keriting hijau. cabai hijau. cabai rawit setan halus. tumis bumbu yg dichop asam jawa wangi. masuk gula. garam. saus tiram aduk. koreksi. asin. tambah garam sesuai selera. masuk ayam. aduk. mati api. angkat saji lupa kulit sisa asam jawanya buang selamat coba
pepes jamur	gram jamur tiram, suwirsuwir, buah putih, lumat, telur, buah tomat merah, potongpotong, genggam daun kemangi, buah cabai rawit merah utuh sesuai selera, lembar daun jeruk, batang serai, memar, daun pisang bungkus, bawang merah, bawang putih, kemiri, ruas kunyit, buah cabai merah keriting sesuai selera, garam, gula, merica	suwir jamur cuci jamur halus bahan bumbu halus tumis bumbu halus harum masuk daun jeruk serai. tumis masuk jamur tiram. masak layu tes. campur tumis bumbu jamur lumat. tambah telur. tomat. kemangi. cabai rawit utuh aduk. ambil daun pisang. letak adon. bungkus rapi. semat lidi kukus pepes menit matang. saji nasi hangat
tumis ayam jamur shimeji	jamur shimeji, ayam fillet, bawang merah, bawang putih, buah cabe merah, buah cabe hijau, saus tiram, kecap asin jepang, lada bubuk, kaldu bubuk, air, vco	tumis ayam vco ubah warna. masuk iris bawang cabe. tumis harum. masuk seasoning air. masak ayam matang. tambah jamur shimeji masak sebentar jamur lembut
jamur telor kukus	jamur merang, ekor udang kupas, telor ayam, batang daun bawang, bawang putih, garam, sedap, merica	siap bahan jamur iris tipis bawang daun bawang merah putih iris. tumis bawang putih masuk udang masuk jamur layu masuk daun bawang bumbu garam merica sedap angkat dingin siap telur kocok lepas air. masuk tumis jamur telor kukus menit api angkat nikmat
sosis solo gluten free	ons tepung mocaf, tepung maizena, garam, telur, air, minyak goreng, ayam filet dada, santan kental air, kemiri sangrai, bawang merah, bawang putih, merica bubuk, garam, daun salam, sereh geprek, ruas jahe geprek, daun jeruk, kaldu ayam, gula	ayam rebus chopper halus. halus bawang merah. bawang putih. kemiri sangrai. tumis bumbu halus. tambah daun salam. daun jeruk. sereh jahe geprek tambah seasoning garam. gula. kaldu bubuk. masuk ayam chopper tulis bumbu tambah santan larut air masak air susut koreksi. campur tepung mocaf. tepung maizena. garam tambah telur aduk tambah air aduk gumpal air habis tambah minyak goreng aduk. saring adon kulit sosis halus. panas pan. cetak kulit sosis takar sendok sayur selesai adon. isi ayam kulit sosis gulung simpan tupperware simpan kulkas stok cemilan. goreng minyak panas api
bolu diet oatmeal	bungkus oatmeal g, bungkus santan kara, telur suhu ruang, sendok makan gula, sendok makan terigu, sendok makan air, sendok makan baking powder	kocok telur gula kembang. masuk santan. air. oatmeal. terigu. baking powder. kocok cepat. panas kukus. masuk adon kocok loyang oles mentega. masak menit. tes matang tusuk lidi. angkat awas panas. dingin. keluar loyang bolu nikmat
bolu pisang oat kukus diet gula tepung mixser	buah pisang ambon, telur, oat kuaker merah belender tepung, vanili, soda kue, garam himalaya, pake garam dapur, madu asli pake amerika tj	kocok pisang garpu. sishkan. pilih pisang yg benarbenar matangranum. tambah manis bolu bahan a. pisah. kocok telur. madu. vanili. garam busa. sishkan telur suhu ruang ya. yg kulkas. bahan b. masuk tepung oat. soda kue bahan b aduk masuk bahan a. siap loyang masuk adon dalam pake wadah plastik tinwall yg mangkok. lengket. . siap api. kukus kurleb menit. . dingin potong
kefir susu kefir	susu kambing susu sapi murni, gram kefir grain, cangkir kaca wadah fermentasi, kain katun karet tutup, spatula silikon ngaduk, mangkok kaca wadah kefir udah saring, spatula silikon ngambil kefir grain, plastik saring nyaring kefir, botol kaca mulut wadah kefir, corong plastik tuang kefir botol biar tumpah	masuk kefir grain cangkir kaca. tambah susu sapi murni aduk spatula silikon. lap mulut cangkir lap bersih tutup ikat karet simpan suhu ruang. jam. buka. aduk tutup lupa lap ya cangkir biar gak dideketi coro kecoak. jam. aduk. saring kefir grainnya masuk cangkir tambahin susu sapi murni lap. tutup iket karet simpan kamar besok panen gitu. simpan kefir kulkas
pizza oatmeal kentang teflon menu diet	rolled oat, air panas, kentang rebuskukus, lumat, telur kocok lepas, garam lada bubuk, wortel, buncis sayur, sosis rebus ganti daging ayamlainnya, daun bawang, bawang bombay, lembar keju quick melt, tomat merah halus, sachet saos sambal pedas, garam lada bubuk, margarin panggang	rendam rolled oat air panas air panas serap rolled oat empuk. saos campur bahan saos. sisih. rolled oat empuk. campur bahan adon aduk. panas teflon. oles margarin masuk adon pizza. rata panggang sisi cokelat. oles bahan saos. tabur topping tutup teflon. panggang api sisi bawah cokelat. angkat saji
ayam goreng basah khas sunda	ekor ayam kampung pakai ayam potong potong potong, bawang merah, bawang putih, kemiri sangrai, ruas kunyit sangrai, ruas lengkuas, ruas jahe, batang sereh geprek, lembar daun salam, ketumbar bubuk, air kelapa buah kelapa, garam, sedap asatu rose brand, lada putih bubuk, lengkap, sambal bawang, lalap	halus bumbu. masuk wajan ungkep air kelapa api cenderung masuk bumbu aromatik. garam lada putih bubuk. mengungkep lupa tutup. hasil empuk tambah sedap asatu rose brand. ungkep air susut. tiris ayam. goreng sebentar. kering mati api saji lalap sambal
dor cabe garam versi diet	gram ikan dor filet, oatmeal halus blender, buah telur, buah cabe merah keriting, buah cabe rawit merah, tangkai daun bawang, minyak kelapa ganti minyak zaitun minyak sawit, gula pakai gula tropicana slim, garam, bawang putih	potong dadu ikan dor balur garam. kocok telur masuk ikan telur. balur ikan oatmeal halus sisih. panas minyak goreng ikan balur oatmeal angkat matang sisih. tumis bawang putih geprek halus. masuk cabe iris tumis. masuk daun bawang. garam gula. masuk ikan dor goreng aduk rata. hidang nasi enak
overnight oat susu kurma diet	instan oat overnight oat, susu kurma, greek yogurt, madu, buah buah segar, kurma ga pake ya	siap wadah tutup masuk oat. tambah susu kurma. yogurt. madu aduk instan oat. biar menit rolled oat. biar minimal jam malam. saji topping suka. enaak banget. alhamdulillah overnight oat susu uht. langsung kesini
shrimp roll	telur, kuning telur, garam, kaldu jamur, grm terigu serbaguna, maizena, minyak goreng rose brand, air, grm paha ayam fillet pakai dada, grm udang, putih telur, bawang putih cincang halus, tepung tapioka cap tani gunung, tepung maizena, garam, gula pasir rose brand, kaldu jamur, minyak wijen, saus tiram, merica bubuk, grm terigu serbaguna, maizena, garam, air, tepung panir, minyak goreng rose brand goreng	bikin kulit siap bahan wadah masuk terigu. maizena. garam kaldu jamur masuk telur minyak goreng rose brand whisk. masuk air tahap whisk bergerindil saring adon pakai. panas pan kompor oles tipis minyak goreng rose brand panas tuang adon pakai centong sayur goyang pan adon masak api matang tanda matang balik adon lepas laku habis sisih. bikin isi siap bahan tumis bawang putih pan harum kuning sisih mangkok chopper masuk ayam fillet. udang masuk bawang putih tumis. putih telur. garam. tepung tapioka cap tani gunung tepung maizena. masuk gula pasir rose brand. kaldu jamur. merica. saos tiram minyak wijen chopper halus. siap saus celup tinggal campur bahan whisk bergerindil shrimp roll tata. ambil lembar kulit isi adon lipat pinggir kulit rupa amplop gulung rapat ujung bahan celup. laku habis gulung ya panas kukus. kukus kukus uap panas kukus api menit matang keluar kukus biar dingin. dingin potong serong adon guling adon celup guling tepung panir. laku bahan habis tata shrimp roll wadah tutup simpan freezer tahan. makan panas minyak goreng rose brand wajan goreng shrimp roll api golden brown. matang tiris. shrimp roll saji jadi bekal sekolah
cap cay goreng chinese	dada ayam fillet, buah wortel, kembang kol, pakcoy, sawi putih, batang daun pre, bawang putih, buah bawang bombay, kecap asin, kecap ikan, saos tiram, merica, gula pasir, garam, royco ayam, micin, minyak wijen, minyak goreng, air panas, larut tepung maizena	potong ayam sesuai selera. marinasi kecap asin. saos tiram. merica diam menit. tunggu ayam dimarinasi. siap bahan sayur. cuci bersih potong sayur sesuai selera pisah jenis. geprek cincang bawang putih iris bawang bombay. panas minyak. masuk bawang putih. tumis api harum masuk bawang bombay. tumis sebentar masuk ayam dimarinasi. tambah kecap ikan. tumis ayam ubah warna masuk wortel. tumis layu. masuk kembang kol. tumis. masuk air panas sesuai selera. pakai. seasoning kecuali minyak wijen koreksi. pas masuk pakcoy. sawi putih potong daun pre masak api. siap air larut tepung maizena. sayur matang sesuai selera pas. masuk air larut maizena aduk gumpal. tambah minyak wijen. aduk sebentar. mati api
sate taichan jakarta	dada ayam, tusuk sate, margarin oles teflon, bawang putih, halus, air jeruk limau, garam, kaldu ayam bubuk, lada bubuk, buah cabe merah keriting, buah cabe rawit merah, bawang merah, bawang putih, air, gula garam sedap, air peras jeruk limau	sih dada ayam. potong dadu campur bumbu marinasi. diam menit. basahicuci tusuk sate tusuk tusuk potong ayam. laku ayam habis. sih cabe bawang. blender air halus. panas minyak tumis sambal halus. tambah gula garam sedap. tambah peras jeruk limau lupa koreksi. panggang sate teflon oles margarin. bolak sisi cokelat matang. saji sate taichan sambal jeruk limau. nikmat
martabak manis diet oatmeal	oatmeal halus tepung, susu diabetasol, maizena, baking powder, baking soda, perisa pandan, air, selai kacang skippy chunky, meses ceres	campur bahan adon sendok. campur ambil cetak teplon martabak oles margarin panas masuk adon dalam teplon. tutup teplon kaca atur api. rasa alas kue keras angkat. topping sesuai selera. kalori buah martabak manis kal
ayam krispy diet saus asam manis	ons dada ayam fillet iris tipis, oat halus, putih telur, kaldu jamur, merica bubuk	potong ayam iris tipis. ayam potong masuk kocok putih telur kaldu jamur. campur putih telur leta ayam tepung oat bumbu merica bubuk. adon kering masuk ayam teplon anti lengket api. lupa bolak ya. ayam matang saus indofood bangkok
chicken kolagen hotpot diet	ons dada ayam, buah tofu udang, buah pakcoy, buah jamur kuping, jahe, daun bawang, buah wortel, bubuk kuwa chicken collagen hotpot, kaldu jamur	rebus dada ayam matang. ayam matang. siap gelas masuk bubuk kuwa chicken collagen hotpot dalam gelas air kita aduk sampei bubuk campur. tuanglarutan kuwa dalam panci. masukn bahan tunggu didih. wadah saji hangat
terang cokelat kacang diet	oatmeal halus, susu deabetasol, sachet gula deabetasol, maizena, baking soda, baking powder, asa cokelat, air, selai kacang skippy chunky	masuk bahan aduk rata kecuali selai kacang. siap teplon margarin teplon adon gampang lengket. margarin cair sisih margarin tempat. tuang adon teplon tunggu adon muncul lobang lobang. rasa alas cokelat kokoh sebentar angkat. terbul matang topping sesuai selera
shirataki kare jepang diet	shirataki, curry block merek golden curry kotak, bawang putih, batang daun bawang, slice beef, telur rebus	iris bawang putih potong daun bawang tumis minyak harum. masuk slice beef tum tambah air masuk kaldu blok tips kaldu blok iris iris cepat larut. masuk tauge koreksi tambah garam plating tambah telur rebus
es jeruk limau rendah kalori	buah jeruk limau, sachet man kalori pakai tropicana slim stevia, air hangat, es batu	tuang man kalori gelas. tuang air hangat. aduk. peras jeruk limau. masuk jeruk peras. es batu sesuai selera nikmat
ayam saus hotplate menu diet	genggam dada ayam, potong dadu, kotak, potong dadu, paprika merah dikit aja, iris panjang, bawang bombay dikit aja, iris panjang, daun bawang, iris tipis opsional, saus tomat pedas, saus tiram, kecap manis, kecap asin pake merk tropicana, peras lemon opsional, jumput merica bubuk, tepung maizena opsional, kental, air matang	campur bahan saus hotplate. panas minyak wijenolive oil wajan. masuk ayam masak matang tambah. aduk campur matang ayam tahu warna emas sesuai selera aja ya. masuk paprika merah bawang bombay kongsrang kangsreng udah bau harum. masuk campur saus hotplate wajan. kongsrang kangsreng kental tunggu kuah resap resap lupa koreksi. ya udah. tabur daun bawang opsional aduk. udah. sila hidang oke makan yg liat cantik bikin mood makan nambah. santap saran pakai nasi. aja
setup nanas selasih	air bersih, buah nanas gram, telunjuk kayumanis, cengkih, sendok sayur steviasecukupnya ganti gula pasir, biji selasih	siap bahan. kupas nanas. cuci bersih. potongpotong. rebus air didih. masuk kayu manis cengkih. rebus aroma. lau masuk stevia ganti gula. aduk campur. koreksi tingkat manis sesuai selera. masuk iris nanas. aduk. didih. masuk biji selasih mati api. nikmat hangat dingin tetep enak. dingin. suhu ruang. simpan kulkas jam nikmat segar
black garlic bawang hitam	bawang tunggal, aluminium foil lembar bungkus bawang, jar majic kukus, lap bersih kelap bawang	lap bawang putih satu lap bersih. udah lap. bungkus bawang aluminium foil. masuk majic jar colok magic jar majic jar hangat nasi pakai majic com. colok. tekan tombol warm ya cook. . posisi bawang bungkus aluminium foilnya tangan kanan pegang sendok tangan kiri hatihati ya takut panas posisi. jadi posisi. . panen horeee. biar dingin simpan toples plastik makan pagi makan malam tidur
siomay gubis anti gagal diet	telur ayam, lembar kulit sawi putih, buah sosis ayam, buah, buah wortel, saos tiram, kecap asin, kaldu jamur prnyebab	siap bahan kukus sawi putih cuci bersih cuman menit aja. potong bahan sesuai jelas no wortel potong tdk suka coba potong pakai serut. siap bumbu kecap asin. kecap saos tiram. sedap masuk bahan dalam wadah campur aduk jd. angkat tiris gubis kukus masuk adon dalam kulit lupia hhancurkan bahan. ambil kulit gubis matang kelas ambil pucuk selera gulung bentuk kubis risol lumpia. bentuk masuk adon dalam kukus tunggu lumayan
ayam woku kemangi pedas menu diet no minyak no gula nosantan	potong ayam kampung, buah jeruk lemon, ikat kemangi, bawang merah, bawang putih, cabe merah, cabe merah keriting, cabe rawit merah, ruas jahe, ruas kunyit, buah kemiri, lembar daun salam, lembar daun jeruk, batang sereh digeprek, ruas lengkuas digeprek, ikat kemangi, buah tomat iris, garam, gula diet, kaldu jamur optional	potong ayam lumur air peras jeruk lemon sisih menit. didih air. rebus ayam menit sisih. halus bawang merah. bawang putih. cabe. kemiri. jahe. kunyit kunyit kemiri disanggrai tambah air halus. tumis bumbu halus minyak masuk daun salam. daun jeruk. sereh lengkuas digeprek air kurang tambah air. pasti bumbu benarbenar matang tambah garam. dula diet. kaldu jamur optional. masuk ayam bumbu tum masak menit. masak menit. masuk kemangi. masak menit. masuk tomat. masak sebentar. koreksi. saji
kimchi fermentasi sayur korea selatan	sawi putih, garam, air hangat larut garam, air dingin dingin air hangat, teko plastik, liter wadah air garam, sutil kayu aduk air garam, toples plastik liter tiris sawi, garam, rumput laut kering, jamur shiitake, sendok makan tepung ketan, air, saring nyaring kaldu, spatula silikon aduk tepung ketan biar kental, gelas takar plastik ngukur kaldu, bawang bombay, pir hijau, bawang putih baput, blender halus bumbu ibu pakai dry mill, mangkok kaca wadah saus, sendok makan garam ibu pakai garam warna pink garam himalaya, gula pasir gulpas, kecap ikan teri asli korea, madu, gochugaru cabe bubuk asli korea, genggam bawang prei potong potong, lobak putih potong potong korek api, sarung tangan plastik lindung tangan biar gak panas pas aduk saus, toples kaca liter nya wadah kimchi	potong sawi. cuci sawi air alir daun bersih ya tau ulat tinggal situ tiris. air garam larut garam air hangat panas panas ya air telunjuk coba masuk air hangat gak panas larut. tambah air. celup sawi satu air garam tempat toples air tiris buang ya air celup sawi. ambil sawi balur satu batang sawi putih tebal garam mulai batang ya selesai masuk toples. tutup aja gak kencang dar biar gak masuk debu aja tunggu jam pokok batang coba patah. lentur gak patah. bilas sawi satu daun air alir kali kali bilas pakai air minum tiris jam. masak kaldu air. jamur. rumput laut rebus api menit ambil air kaldu saring tambah tepung ketan. aduk larut air kaldu rebus api aja kental mati api. blender bumbu halus tuang mangkok. tambah kecap ikan teri. gula pasir. garam. madu. gochugaru. kaldu. bawang prei. lobak icip tes aduk lupa pakai sarung tangan. ambil sawi balur daun saus daun masuk toples. simpan suhu ruang simpan kulkas icip asam toplesnya gelembung tanda fermentasi hasil. makan pakai nasi telur ayam ceplok. selamat makan
lumpia thailand	lembar paper rice, lembar daun selada, buah baby wortel, buah tomat merah, lembar kol ungu, buah telur ayam rebus, lembar chicken pepperoni homemade, sambal thailand saus suka	siap bahan. cuci bersih rendam air matang yg garam menit buang air potong wortel korek apil. sisih. kol ungu daun selada potong kering tissue dapur. sayur dipotobg siap telur potong sesuai selera. siap chicken pepperoni home made panas sebentar microwave jg wajan minyak siap air piring. celup paper rice dalam air basah. angkat isi. lipat lipat risol gulung laku habis. saji saus suka
dimsum ayam udang sayur endesss	gram dada ayam fillet, gram udang, gram labu siam, batang wortel, telur ayam, gram tepung sagu tani, bungkus kulit dimsum pakai, buah cokelat, bawang putih, merica bubuk, gula pasir, saus tiram, minyak wijen, kaldu jamur, minyak goreng oles kulit dimsum	siap kulit lumur minyak goreng. chopper halus labu siam. chopper halus wortel. chopper halus dada fillet serta kulit. hasil. siang kepala kulit udang. chopper halus gram. sisa gram chopper ya. wadah masuk hasil chopper dada. labu bawang putih chopper halus. chopper kasar udang sisa gram tekstur. masuk telur bumbu bumbu aduk masuk tepung sagu tani. aduk ambil kulit dimsum. yg kena minyak adon. bentuk bentuk. yg bentuk momong bayi ambil praktis. laku selesai atas topping wortel kukus menit air didih. sisa adon. isi kukus kloter. matang angkat saji saus enak bgt jujur juicy pakai paha fillet. diet sengaja pakai dada. selamat coba
healthy food platter	buah jagung potong rebus, buah ubi cilembu potong bulat rebus, buah singkong potong rebus, potong pepaya, garam, air bersih	siap bahan buat healthy food platter siang bahanbahan. cuci bersih tiris. panas air panci tambah garam. tunggu didih. masuk jagung. ubi rambat singkong panci masak matang. angkat tiris. plating bahan healthy food platter piring sesuai masingmasing healthy food platter nikmat sepenuh hati
korean toast bread menu diet	lembar roti gandum tawar, telur, kubis iris tipis, wortel, tomat iris tipis, lembar keju slice, sachet saos sambaltomat sesuai selera, daun bawang, garam lada bubuk, kertas wrap kertas roti bungkus	panggang roti teflon. sisih margarin ya. campur telur. garam lada bubuk kocok lepas masuk wortel daun bawang dadar teflon minyak matang bentuk persegi sisisisinya ukur roti. siap lembar roti. taruh iris kubis. tomat. dadar. saos. tumpuk keju. tomat. kubis roti bebas sesuai kreasi masingmasing. bungkus roti kertas wrap bungkus rapat isolasi sisi biar nggak ambyar potong trus potong bungkus tengahtengah santap
sop kaki kambing	kaki kambing, daging kambing, liter air, susu cair, santan instan, bawang putih, kemiri, ruas jahe, pala, lada, garam, kaldu bubuk, gula pasir, lembar daun jeruk, lembar daun salam, bunga lawang, cengkeh, kapulaga, jinten, kayu manis, kentang rebus, daun bawang seledri, sambal, jeruk nipis, emping, bawang goreng	rebus kaki kambing daging kambing pisah buang air rebus rebus empuk. siap bumbu halus bumbu aromatik. tumis bumbu halus bumbu aromatik harum tanak. masuk rebus daging. masuk kaki kambingyang rebus pisah rebus bumbu resap. masuk santan susu cair. garam. gula kaldu masak matang. saji tata kentang mangkuk saji tambah daging kaki kambing. siram kuah kaldu saji tabur bawang goreng. daun bawang. seledri emping tambah sambal jeruk nipis sesuai selera
salad sayur cocok diet	buah wortel potong tipis, jagung pipil, buah kentang, selada, kol ungu skip, sosis kenzler original ganti telur rebus, dressing salad pakai maestro thousand island, saus cabai option	cuci bersih sayur. jagung pipil kentang. rebus. selada. kol ungu. wortel cuci. rendam sebentar air garam hilang kotor. iris tipis. potong sosis sesuai selera pakai telur. rebus telur ayam matang. plating sayur piring cantik siram salad dressing. selamat mencobaaa
telur kukus topping ayam saus tiram menu diet	putih lumat garpu, telur ayam kocok lepas, garam lada bubuk, daun bawang iris tipis, fillet dada ayam potong dadu, kecap manis, saos tiram, kecap asin, cabai merah buang biji iris tipis, garam lada bubuk, bawang putih cincang, bawang merah cincang, tomat iris, air	telur campur bahan masuk wadah tahan panas kukus menit tes tusuk. kalo tempel matang angkat sisih. topping siap wajan. masuk air rebus ayam didih air. masuk bawang putih. merah. cabai ayam masak ayam ubah warna masuk tomat. tunggu air susut habis ya air masuk kecap manis. kecap asin. saos tiram. garam lada tes masak sebentar angkat. saji tuang topping ayam saus tiram kukus. nikmat
gimpab sushi kcal menu diet	lembar nori, nasi putih pakai nasi putih, ganti beras merah ya, otakotak fish cake pakai otak, ganti fish cake, telur, bayam daun bayam liar pakai bayam liar texturenya crunchy amp ngga lembek ganti bayam, wortel, minyak wijen, minyak kelapa tumis amp dadar telur, garam, wijen, kaldu sedap	rebus bayam air didih. sebentar aja menit. angkat. rendam air es tiris. tambah garam. minyak wijen biji wijen aduk. sisih. potong korek wortel. rebus air didih proses bayam. tambah garam. minyak wijen biji wijen aduk. sisih. potong korek otakotak otakotaknya beku. rebus sebentar biar gampang dipotongpotong. panas wajan anti lengket. oles minyak pakai botol spray minyak tumis otakotak matang. garam. minyak wijen sisih. kocok telur. tambah garam kaldu. panas wajan anti lengket. oles minyak pakai botol spray minyak goreng dadar telur matang. angkat. potong korek telur sisih. siap nasi mangkuk. tambah minyak wijen. tambah garam aduk. sisih. siap nori sushi matt tata nasi nori. full ya. sisa nori kunci gulung gimbap. tata telur. bayam. wortel. otakotak atas nasi. gulung gimbap. tekan. isi gimbap ngga beranta. potong gimbap. saji
terong balado diet friendly	cabe merah, cabe rawit opsional, suka pedas, bawang merah, terong ungu, gula, garam, sedap totole, minyak banget	blender cabe rawit. cabe merah bawang merah menggugnakan chopper minyak. air. potong terong gampang bersihin kukus cuci bersih terong dgn air garam. diam menit. kukus terong menit api. bumbu balado blender tum banget minyak pake minyak teflon nggak lengket. tambah garam gula sedap bumbu balado koreksi. kalo rasa. bolak tambahin air bumbu balado susut sampe tekstur bumbu balado pas. suir suir terong kukus masuk terong disuir dalam bumbu balado adukaduk satu voila less guilt terong balado
kukus diet	buah bawang putih, buah bawang merah, cabe, cabe, balok, serut sayur wortel, jamur kuping cincang, brokoli hijau cincang, lada bubuk, kaldu jamur	blender bumbu halus. bumbu halus masuk potong dadu blender halus masuk lada bubuk. kaldu jamur test masuk plastik segitiga. ambil cetak kue bebas bentuk. tuang dalam cetak. topping sayur layer. kukus matang. matang dingin sebentar. saji kukus sayur asem segar
seblak diet jamin kenyang	buah telur, buah otakotak ikan, slice putih potong dadu, lembar sawi putih potong, buah pakcoy potong, jamur kuping, kaldu jamur, minyak tum, kencur kelingking, buah bawang merah, buah bawang putih, cabe, cabe	minyak teplon tunggu panas. masuk bumbu halus tumis minyak nya. ceplok telur bumbu orak arik masuk otak otak. air. masuk sayur sayur teplon kaldu jamur tes nya. angkat saji hangat. jamin mantul
kaya toast pandan isi butter ala singapore breakfast set sarap	buah kuning telur, gula pasir, santan kental pakai instan segitiga, air, tepung maizena, pasta pandan ganti pakai daun pandan, lembar roti tawar, mentega, telur, air didih, air es, lada hitam bubuk, garam, tea bag, air panas, kental manis sesuai selera, gula sesuai selera	siap bahan selai kaya. campur bahan kecuali kuning telur aduk. kocok lepas kuning telur busa. didih adon nomer aduk santan pecah gelembung ambil masuk telur. aduk cepat masuk wajan. aduk kental dikit porsi plus minus menit kental dingin suhu ruang. rebus air didih siap air es masuk telur air didih. pasang timer menit detik selesai angkat telur masuk air es. pecah telur tambah lada hitam garam. panggang roti mentega toaster garing. oles selai kaya letak iris butter atas tutup roti belah. saji teh susu teh susu standar bikin teh tambah kental manis gula aduk selamat nikmat bye diet wkakakaka
tumis pakcoy diet	buah pakcoy, telur, slice potong dadu, bawang putih iris tipis, bawang merah iris tipis, minyak, kaldu jamur, saus tiram	panas teplon minyak. masuk bawang putih bawang merah tumis bau nya wangi. pecah telur dalam teplon. tunggu mateng orak arik lupa kaldu jamur dikit ya biar telur asa. tambah dalam teplon. tunggu cokelat. saus tiram asa. tambah air dalam teplon tunggu kurang air masuk pakcoy tumis tambah saus tiram aduk hinga campur. saji nasi. nggak sayur aja gin enak. selamat coba
oat cake in jar kue diet enak	tepung oat pakai quaker oat merah halus, buah pisang, baking powder, susu cair cokelat pakai low fat diet ya, kismis, keping biskuit dark chocolate tambah isi topping opsional, gelas jar tutup pakai wadah ya	halus oatmeal tekstur tepung masuk gelaswadah. hancurkanhaluskan pisang masuk gelas jarwadah. tambah baking powder. campur kismis. dark chocolate. biskuit kaya. tuang susu cair tambah rasa. aduk bahan tambah topping sesuai selera. siap oven suhu c panggang adon menit kukus oven. tadaaaa. deh kue oat brownies ngisi perut pagi selamat coba
overnight oat in jar diet	oatmeal pakai quaker oatmeal instan merah, susu cair cokelat diet baik pakai susu low fat, kacang almond panggang skip ganti jenis kacang suka pakai sunflower pumpkin seed, sesuai selera aja ya, kismis skip, chia seeds, gelas jar tutup	tuang oat gelas takar tambah. sesuai selera aja ya. masuk kacang almond oh iya. hancur kacang halus. biar gampang makan. masuk chia seed kismis. tuang susu cokelat bahan rendam. aduk bahan tambah topping biskuit cokelat atas. tutup gelas jarnya. simpan kulkas malam besok pagi udah nikmat
menu diet diabetes melitus	bawang merah, bawang putih, buah cabe keriting, buah cabe rawit, jahe, kunyit, kemiri, buah cabe rawit, lembar daun salam, batang sereh, buah tomat hijau, garam, ikat kemangi, bawang putih, ruas cabe rawit, buah tomat hijau, kecap asin, kecap manis, ikat kangkung, air, kacang hijau, santan instan, gula pasir	cuci bersih ikan kotor peras jeruk nipis. halus bahan bumbu halus cobek. siap lembar daun pisang letak ekor ikan daun pisang. lumur bumbu halus ikan muka nya letak bahan tambah ikan atas bungkus daun semat lidi kukus pepes ikan menit an matang. tumis kangkung tumis bawang putih. cabe rawit. tomat hijau bau harum tambah kecap asin. kecap manis. air masuk kangkung. masak sebentar menit angkat tiris. bubur kacang hijau rebus kacang hijau lunak. tambah santan gula pasir masak aduk bubur kacang hijau tekstur lunak matang. takar porsi diet dm nasi merah pepes ikan mas tumis kangkung bubur kacang hijau rendah gula
egg folded tortilla kcal menu diet	buah kulit tortilla, telur banyak kurang, wortel, potong, slice keju optional, garam, merica bubuk, kaldu bubuk, minyak, saus sambal, oregano kering	potong kecilkecil wortel. sisih. kocok telur. tambakhan garam. kaldu bubuk. merica wortel. panas wajan. oles minyak. masak telur. matang aja ya. telur balik. tambah tortilla atas. tunggu sebentar. telur. masak matang ya. lupa balik. telur. pasti posisi tortilla bawah ya. tambah keju slice atas telur. lipat telur biar keju leleh. angkat. kasih saus. tabur oregano. enjoy
nasi jagung diet simple pakai magic com	cangkir beras, buah jagung manis, pipil, bawang putih, minyak utk tum, garam, kaldu ayam, air tanak nasi	iris tipis bawang putih. goreng kering angkat tiris. siap wadah rice cooker masuk beras yg cuci. jagung manis pipil. bawang putih goreng. garam. kaldu ayam bubuk tambah air masak nasi aduk. masak rice cooker tunggu matang. matang buka rice cooker aduk nasi jagung nikmat
cofee banana muffin low calorie	banana matang hancur, oat utuh blender kasar, telur, sachet coffee instan low calorie, butter cair, baking powder, baking soda, vanili	pisang hancur campur telur. mentega cair tepung oat. bp bs. vanili campur. adon mentega pisang campur. atas tabur dark choco keju kraft panggang menit suhu
bolu diet oats banana	oats, baking soda, himsalt, madu, butter leleh, telur ukur, vanili, buah pisang, chocochip	panas oven suhu c menit panggang masuk bahan kecuali chocochip. blender halus lembut. masuk choco chip aduk perlahan. tuang loyang x oles margarin alas kertas roti toping sesuai selera. masuk oven panggang suhu c menit tes tusuk tempel matang. saji
salad bumbu kacang	buah wortel, buah labu siam, ikat bayam, buah timun, bumbu kacang instan, air panas, buah jeruk kalamansi blh skip	kupas potong wortel labu siam sesuai selera. rebus wortel. labu siam bayam empuk. tiris. larut bumbu kacang instan air panas kental tambah peras jeruk kalamansi biar seger. skip kalo gak. tata sayur piring. salad sayur cocol bumbu kacang
martabak kulit lumpia edisi diet	putih, telor ukbesar, batang daun bawang, kulit lumpia, garam, lada, sedap	hancur. hancur masuk daun bawang yg iris. telor. bumbu garam sedap lada aduk rata. siap kulit lumpia. sendok adon taro atas kulit lumpia lipat laku adon habis. dpt biji susun martabak dlam airfryer. panas menit martabak ala diet utk saji
capcay sederhana menu diet	gram baby corn, gram wortel, gram pokcoy, telur ayam, buah bawang bombay, bawang putih, buah cabai rawit, saos tiram, sedap, minyak goreng	cincang kasar bawang putih. bawang bombay. cabai rawit sisih iris tipis wortel baby corn. panas minyak. bikin orak telur. sisih sisi wajan. masuk bawang putih. bawang bombay. cabai rawit tumis bumbu harum. aduk. masuk wortel baby corn. aduk tambah air. tambah saos tiram sedap. koreksi. masykan pokcoy. masak air susut habis saji
kering tempe kentang garing eat clean version	blok tempe harga ribu, kentang, bawang merah, buah bawang putih, buah cabai keriting suka pedas, tambah cabai rawit, garam, gula, kecap manis, margarin, bumbu tempe, buah bawang putih, garam, air	iris tempe bentuk persegi tipistipis. halus buah bawang putih tambah garam air campur diam menit. sembari tunggu. sih kentang. kupas sisih kulit chips kulit kentang resep diupload resep. iris tipis kentang ukur tempe. goreng tempe air fryer suhu menit lupa tambah panas air fryer menit sesuai air fryer masingmasing. . goreng menit sisih. goreng kentang air fryer suhu menit. . goreng menit sisih. tunggu tempe kentang matang. siap bumbu iris tipis bawang merah. bawang putih. cabai merah keriting. panas margarin. tumis bawang merah. bawang putih. cabai harum. kecil api masuk kecap. garam. gula aduk gula larut. masuk tempe kentang. masak cepat campur api cenderung angkat. saji. tips cegah kentang browningberubah warna tunggu gilir goreng. rendam kentang wadah isi air
telur panggang no oil menu diet	buah putih, telur, batang bawang bombay, potong, bumbu oranye baput, bamer, cabe halus, merica, garam	hancur putih. campur bahan. panggang teflon anti lengket tekan adon adon tipis muka matang cokelat. angkat saji
mie shirataki spesial diet kaloriporsi	mie shirataki basah, sosis sapi, potongpotong, bakso sapi, potongpotong, buah udang bersih, telur, bawang bombay, rajang, bawang putih, cingang halus, wortel, potong tipis panjang, brokoli, saus tiram, saus tomat, saus sambal, jumput garam, jumput gula, kaldu bubuk non msg, lada bubuk, mentega, air rebus	rebus mie shirataki tunggu didih. tiris. tumis bawang putih bombay mentega harum ceplok telur orak arik sebentar masuk udang. sosis. bakso masuk saus tiram. sambal. saus tomat aduk. masuk wortel brokoli. tumis sebentar tambah air matang. tunggu ering. masuk mie shirataki. garam. lada. gula. kaldu bubuk aduk cek saji
strawberry smoothies healthy diet	strawberry frozen potong, strawberry yoghurt frozen pakai biokul, madu, air	blender bahan halus. saji gelas minum selagi dingin nikmat topping sesuai selera enjoy
pecak tempe tauge sambal menu diet	papan tempe ukur x, genggam tauge segar, buah cabe merah, bawang merah, bawang putih, garam, kaldu bubuk	tempe kukus rebus rebus bahan sambal. tempe matang halus ulek dibejek cobek didih air. rendam tauge bersih matang halus bahan sambal. masuk tempe campur sambal tambah tauge. aduk rata. segar sehat
jus buah menu sarap diet	pisang ambon ukur buah, batang wortel, buah tomat, air dingin matang air mineral	cuci bersih wortel n tomat. potong masuk blender. air blender speed. menit mati blender. kupas pisang. potong. masuk blender tambah sisa air. blender dg cepat menit mati blender hidang
roti kukus daging ayam menu diet	lembar roti tawar pakai roti gandum, daging dada ayam cincang lemak, wortel potong dadu, bawang putih halus, telur kocok lepas, susu uht low fat, air, garam lada bubuk, keju cheddar, daun seledri ganti parsley, sachet saos sambal	siap kukus. alas serbet tutup tunggu kukus panas potong kecilkecil roti tawar sisih. campur bahan aduk masuk roti tawar aduk muka roti tawar campur adon. tuang wadah tahan panas parut keju tabur seledri kukus kurleb menit. saji saos sambal so yummy gurih creamy. tekstur lembut banget anakanak suka
tumis capcay diet ala mamci	putih telur, telur puyuh, sosis sapi, siomay kukus dada ayam fillet, bakso sapi, wortel, ikat sawi putih, ikat pokcoy, baby corn, bawang putih, bawang bombay, sendok teh kaldu jamur, gula jumput nda pakai micin heehee, jumput garam, jumput lada bubuk, sendok teh kecap ikan, sendok saus tiram, sendok teh saus tomat abc pedas manis	iris wortel serong. iris pokcoy sawi putih pisah batang daun. iris baby corn serong tipis potong sosis. bakso siomaydada ayam sesuai selera. potong cincang bawang putih potong lingkar bawang bombay. kocok putih telur tumis orak arik minyak pakai wajan antilengket rebus telur puyuh biji tiris. tumis bawang putih bawang bombay minyak olive oil sendok teh tumis layu cokelat api ya masak sempurna kalo minyak dikit masak dikit. tp sehat nambah. masuk sosis. bakso. siomaydada ayam. putih telur. telur puyuh tambah wortel air tunggu wortel lunak. tambah batang pokcoy batang sawi putih tunggu layu tambah baby corn masuk daun hijau nya nutrisi gak hilang ya bun masak sempurna ga tll benyek sayur. masuk bumbu sesuai selera icipi pas saji
orak arik telur menu diet sederhana	telur, buah jagung, buncis, wortel, bawang merah, putih, garam, buah cabai rawit	rebus buah jagung buah putih masak matang tiris. potong buncis. wortel. bawang merah. cabai rawit ukur. halus rebus. masuk potong wortel. buncis. bawang merah. cabai merah tabur garam. masak orak arik minyak aduk matang rata. selamat coba. moga manfaat menu diet sederhana murah riah
oatmeal buah menu diet sederhana	quaker oatmeal, buah alpukat, buah pisang, energen bubukmadu	tuang oatmeal sendok makan. tuang energen sendok makanmadu. seduh aduk oatmeal air panas. kupas buah alpukat pisang. potong sesuai selera. hidang moga manfaat menu diet sederhana
kopi susu low calorie	sachet kopi bubuk merek bebas no sugar, susu diamond low fat, air	seduh kopi air larut air dingin. campur susu low fat
mashed potato menu diet sederhana	buah kentang, sesuai selera daun singkong sayur, jagung manis, bawang putih, garam	masak air didih. masuk kentang jagung cuci bersih. tambah garam rebus matang. kukuspanggang bawang putih matang. halus bawang putih kentang matang. garam. daun singkong masak air didih. masuk daun singkong air didih garam. rebus matang. buang air rebus daun singkong. iris tipis tipis daun singkong. campur kentang halus. hidang sesuai selera moga manfaat menu diet sederhana murah riah
dimsum ayam sawi putih menu diet	gram dada ayam fillet lemak potong tipis, saus teriyaki marinasi pakai kikkoman garlic teriyaki sauce, lembar sawi putih, saus tiram, teriyaki sauce, kecap asin, minyak wijen, wijen sangrai, suka cabe bubuk	marinasi ayam dipotongpotong. simpan wadah tutup masuk kulkas diam minimal jam bumbu resap. siap lembar sawi putih. cuci bersih rebus sebentar lentur mudah gulung angkat tiris. ambil potong ayam marinasi. letak batang sawi. gulung wrap tutup ayam ulang habis. panas kukus. susun dimsum dalam kukus benarbenar matang. tunggu dimsum matang. siap dipping sauce campur saos tiram. kecap asin teriyaki sauce. aduk. tambah minyak wijen bubuh wijen sangrai. aduk suka pedas tambah cabe bubuk iris cabe rawit. dimsum matang. angkat saji hangat sauce
cenil oatmeal versi diet	rolled oat blender, tepung tapioka merk rose brand beda merk beda kalori, sachet diabetamil sweetener, kelapa parut, jumput garam, air hangat, warna makan cair	kukus kelapa parut. jumput garam sisih. campur oat. tapioka diabetamil aduk tambah air hangat adon pulung lengket tangan tambah warna makan aduk. bentuk adon sesuai selera letak wadah tabur tapioka adon tempel. didih air panci air didih. masuk adon bentuk masak adon apung tiris campur cenil parut kelapa saji
apple oatmeal cake gluten free	buah apel, oatmeal instan rolled oats, telur, air lemon, madu, kismis, almond optiona	rebus apel air didih angkat. tiris halus chopper sisih. kocok telur manual garpu masuk bahan apel halus. oatmeal. air lemon. madu. kismis sisa toping aduk. siap wadah tahan panas alas kertas roti tuang adon rata toping kismis almond atas. panggang oven suhu c menit. matang angkat diam sebentar keluar cetak kue saji
martabak telur panggang gluten free minyak diet	lembar kulit lumpia, buah putih, telur, batang daun bawang, garam, kaldu jamur amp lada bubuk	masuk bahan isi mangkuk. aduk. siap kulit lumpia. isi lipat amplop. panas teflon api panggang lumpia atas tutup teflon. cokelat. panggang angkat. taraaa matang. silah coba
tteokbokki oatmeal diet sehat	oatmeal biru merah, sawi hijau, telur rebus, tepung maizena tapioka, kaldu jamur cukup nya, bawang merah, bawang putih, cabe merah sesuai selera ya, daun bawang cukup nya, saus tiram pedas, saus tiram, garam cukup nya, bon cabe cukup nya, saus sambal	halus oatmeal blender. oatmeal halus tambah kaldu jamur cukup nya tepung maizena aduk. tambah air hangat adon padat. bentuk adon potong sesuai selera. rebus adon tunggu bbrapa menit rasa padat tiris. panas sdikit minyak tumis bawang merah. putih. tambah cabe daun bawang tumis harum tambah air. masuk tteokbokki sawi hijau potong bumbu saus. tambah kaldu jamur garam cukup nya tunggu matang. rasa matang tteokbokki siapp disajikann lupa tambah telur rebuss biar kenyangggg
jus diet namananas mangga	mangga harum manis, air dingin, mangkok sdg nanas	campur bahan blender sampe halus. mantapppp
kulit lumpia minyak gluten free diet	gram tepung beras, tepung tapioka, telur, air, garam himalaya	siap wadah masuk bahan. aduk. panas pan celup adon. panggang api kulit lumpia matang sisih. taraaa jadiii. silah coba
bubur granola sehat cocok diet	granola, saset energen kacang hijau optional, air	panas air hinggaendisih. aaukkan granola masak menit. angkat. masuk energen. adukaduk. hidang mangkuk. diam sebentar santap menu sarap
jus diet mangga	mangga harum manis, air dingin	kupas mangga sampe bersih. potong blender sampe halus. hmmmm nikmattt
menu diet salad kail tomat timun	tangkai sayur kail, buah tomat, buah timun, jeruk nipis, cabe rawit	cuci bersih sayur. tomat. timun. cabe. iris tipis tomat. timun. sayur cabe air jeruk nipis. campur aduk dgn tangan remas sari tomat cabe satu. saji ubi singkong protein nya ikan. ayam. tempe kukus bakar alhamdulillah real food
jus tomat low kalori	buah tomat buah uk, gelas air aqua me gelas keramik, sachet gula diabetasol	blender bahan saring enjoy
breakfast rendah kalori	ubi oren, telur, edamame, salad dressing	panggang ubi menggunaka airfryerkukusrebus. rebus telur edamame. langsung hang. selamat coba
bolu labu kuning lowcarb	bahan a, labu kukus halus me pakai, sachet nutrijell plain, sachet santan instan ganti fiber creme, olive oil jenis, kismis toping sesuai selera, bahan b, telur, sachet diabetasol kurma cincang, sejumpat garam	siap bahan. mixer bahan b cepat maximal kental jejak. masuk bahan a kecuali kismis. mixer sebentar cepat rendah bahan campur aduk bahan spatula. bahan satu. siap loyang oles olive oil. tuang adon. hentakkan an loyang tabur kismis kukuspanggang sy panggang cetak kue lumpur krg mnt. tes tusuk. lengket kue matang. mati api tunggu dingin keluar loyang kukus simpan lemari es saji. potong kue saji
tumis pakis diet enak diabetes	ikat sayur pakis, bawang merah, bawang putih, cabe rawit, minyak goreng, gelas air, garam merica bubuk	cuci bersih sayur pakis. potong buang keras siap bumbu iris tipis bawang merah tumbuk bawang putih cabe. panas minyak goreng. tumis bawang merah layu tambah bawang putih tambah cabe rawit. tumis harum. kering bau langumentah. bumbu matang. masuk sayur pakis aduk. aduk sayur pakis layu tuang air. panas. garam merica bubuk tutup wajan masak sayur pakis empuk tes. matang mati api hidang
baso diet	dada ayam giling, pcs sumedang, wortel, batang bawang daun, minyak wijen, bawang putih bubuk, ladi putih bubuk, garam	giling dada ayam. pake blender kasih ice batu dikit. parut wortel campur. masukin bawang daun. lada putih bubuk. bawang putih bubuk. garam minyak wijen aduk. potong sumedang. potong nyilang kaya segitiga. keluarin isi buang makan mamah hehe. masukin daging giling campur bumbu wortel. laku adon habis. goreng kukus. kukus menit. kukus coba stock simpen wadah taruh kulkas. selamat coba
tumis tempe manis diet gekrada	papan tempe, cabe rawit, bawang merah, bawang putih, lada royco, gelas air panas, kecap manis, saus tiram	potong dadu tempe. iris bawang merah. bawang putih cabai rawit. masuk iris cabai rawit. bawang merah bawang putih api minyak. masuk tempe. matang. masuk air panas. lada. royco. kecap manis. saus tiram. koreksi pas tumis tempe manis diet saji
oatmeal banana bread gluten free panggang oven cemilan diet	buah pisang ambon matang, rolled oat, telur, madu, chocochip bungkus, baking soda	blender campur bahan siap wadah blender masuk potong pisang. tambah rolled oat. tambah telur. madu. baking soda. . blender campur masuk chocochip. aduk. tuang adon loyang ukur x lapis kertas roti oles margarin tabur chocochip. panggang oven panas suhu derajat c. menit laku tes tusuk. bersih. matang keluar loyang. biar dingin iris banana bread versi sila cek
jus diet apel mangga	apel, mangga, air dingin	blender bahan sampe halus saring. bilamana kenyang lbh serat monggo ga saring lg selera yaa. nikmattt
panggang saos tiram diet	bj, bj cabe rawit, saos tiram, oregano, kecap manis, kaldu jamur, tepung maizena	potong segitiga. panggang teplon minyak. bumbu masuk saos tiram. kaldu jamur. kecap manis. cabe rawit potong sdkt air. stlh didih masuk tepung maizena tunggu kental angkay. siram yg sdh panggang nikmat
biji labu panggang cemilan diet	biji labu mentah, garam, air rebus, biji labu mentah biji labu panggang	cuci bersih biji labu sisih. didih air. masuk biji labu tambah garam rebus matang warna ubah empuk angkat tiris. sangrai biji labu rebus wajan minyak kering bunyi kletek. kayak kulit kacang pecah pakai api ya aduk angkat saji
kebab telur rendah kalori	lembar kulit kebab, lembar kol, telur, garam, lada, saus cabe	buang batang kol iris tipis masak atas teflon air gak pake minyak ya tambah garam lada pakai lada sisih. masak kulit kebab cokelat sisih goreng telur ceplok dadar oke telur kasih garam. taruh kol telur atas kebab saus cabe hidang menu praktis rendah kalori gak tau ya kalori
capjay sehat low kalori	gram wortel, gram buncis, kembang kol, sosis, bakso, air, bawang bombay, bawang putih, kecap asin tropicana low sodium, kecap manis, minyak wijen, lada, sedap, saus tiram pake merk lee kum kee, maizena utk kental	cuci bersih potong bahan isi wortel. buncis. bakso. sosis. kembang kol. potong bawang bombay sisih. iris cincang bawang putih masuk wadah. masuk lada. kecap asin. kecap manis. minyak wijen saus tiram wadah bawang putih. larut air. tumis bawang bombay minyak harum tuang air. masuk sayur tunggu empuk. masuk bakso sosis. masuk larut maizena bumbu sedap. icip hidang cinta. selamat coba
udang kentang diet	ekor udang sitto sih udang kepala ekor, kentang potong kentang cuci bersih amp rebus, bawang putih rajang kasar, buah bawang bombay potongpotong, saus tiram, garam, saus sambal, bubuk peterseli, merica	tumis bawang putih bawang bombay harum. masuk saus tiram saus sambal. masuk udang masak merah tambah air putih. masuk kentang yg rebus aduk sebentar. masuk bubuk peterseli. angkat saji
jus diet timun kayu manis	air dingin, timun potong, kayu manis	campur bahan blender sampe halus saring. segerrrr
skinny rendang dada ayam diet no santan kalori	dada ayam, beli k bumbu pasar, lembar daun kunyit, lembar daun jeruk, batang sereh	potong ayam sesuai selera. masuk bahan kecuali ayam wajan anti lengket. tumis campur harum tanek. . masuk ayam aduk bumbu campur ayam. air ayam kandung air tambah garam sesuai selera aduk menit air ayam uap bumbu kering. hidang lengkap sambal silah pakai resep sambal ijo suka tum minyak
nasi goreng cumi minyak margarin diet	cumi basah buah, porsi nasi, buah putih telur, saus tiram, saus sambal, kecap ikan, garam, kaldu bubuk amp lada bubuk, buah cabe merah keriting, bawang putih, batang daun bawang	cuci bersih cumi. potong jeruk nipis diam menit cuci bersih. sisih iris cabe. cincang bawang putih iris daun bawang. panas teflon masuk bumbu iris. tumis minyak kering masuk cumi. tumis matang tambah air masuk nasi. daun bawang. saus tiram. saus sambal. kecap ikan. garam. kaldu bubuk lada bubuk. aduk. masuk putih telur. tumis aduk mati kompor. saji. taraaa matang. silah coba
sambal tomat diet minyak gula	bawang putih, bawang merah, buah cabe rawit domba, buah cabe rawit hijau, buah tomat ukur, buah, garam, gula diet, sy pakai lakanto, kecap manis suka, jeruk limo	iris bahan. kasar aja. masukin chopper. sy pakai merk princess. mantabbb bgt. pake air gampang halusin nya. banyak. or. halus. masuk hasil chopper wajan. didih. tambah garam gula diet cukup nya kecap suka. kental. angkat sambal hidang jeruk sambal
jus diet timun	timun, air matang	siap bahan. masuk timun. masuk air. blender sampe halus. saring suka serat kenyang saring. klo tim saring ya. jadi deh
cake diet enak gizi	pcs biskuit gandum pake merk wholemeal biscuit, ultra milk full cream dus, gram cokelat putih, g susu kental cair sachet, gram maizena	halus biscuit gandum. masuk susu ultramilk full cream dalam biskuit gandum halus. aduk tambah susu kental manis. aduk campur masuk maizena. masak api teflon anti lengket. kental. sisih wadah. leleh cokelat putih. balur cake sisih
jus diet manggayakult	mangga harum manis, botol yakult, es batu	campur bahan blender sampe halus. yummmiiii
jus diet wotokeworteltomatkelengkeng	air dingin, wortel, tomat, kelengkeng	campur bahanblender sampe halus. saring deh tim tdk saring langsung minum sajo monggo sesuai selera sajo. enjoyy
pizza oat cocok diet	oat pake rolled oat, telur, garam, gula, margarin, buah tomat ukur, saos pedas, kaldu jamur, kecap asin, gula, ayam, suwir, helai sawi hijaucaisim ganti bayam potong, buah bawang bombay, potong	blender rolled oat. letak wadah. campur telur tambah garam gula aduk adon encer. panas teflon margarin. api. masuk adon rata. adon kembang jd takut tipis tutup adon sisi matang. tunggu adon. blender bahan saos. bahan saos. rata pizza masuk topping satu. bahan saos parut keju quick melt atas tutup teflonnya. diam menit cek keju leleh. saji. dingin. oat keras selamat nikmat
tempe santan diet diabetes	buah, papan tempe kacang, daging, buah cabe ijo, buah cabe rawit, buah tomat hijau, lembar daun salam, lembar daun jeruk, batang serai, bawang putih, cincang halus, air, garam, gula aren, buah cabe merah, bawang merah, bawang putih, ruas jahe, ruas kunyit, ruas lengkuas, air, buah kemiri	iris. tempe daging. iris cabe hijau. rawit tomat hijau halus bumbu. santan kemiri blender kemiri air. tumis bawang putih cincang wangi. masuk bumbu halus bumbu masak langu. masuk daging. masak daging ubah warna air masuk tempe kacang aduk. santan abalabal santan kemiri tambah garam gula aren masak pas daging benarbenar empuk saji beras merah
sambal korek low calorie	buah cabai rawit, bawang putih, sachet man kalori, garam, minyak goreng panas	cuci cabai bawang putih. man rendah kalori garam. ulek kasar cabai bawang. tuang minyak panas. ulek halus. santap pakai nasi anget
alpukat strawberry jam menu diet	buah alpukat, selai strawberry tropicana slim rendah gula, chia seed, skim milk	pilih alpukat matang potong. tambah selai stroberi. chia seed. tambah skim milk aduk sampe campur. serah aduk engga. kalo suka dibejek biar nyampur walaaa enak nikmat dingin
sarap diet chia seed oatmeal apel cinnamon kkal	sachet light meal apple cinnamon, air, apel, iris, almond slice, sprinkle kayu manis bubuk	siap bahanbahan. tuang sachet light meal apple cinnamon. tambah air didih air microwave menit air masak kental. susun topping
es buah sop buah	apel, alpukat, semangka, melon, bungkus plain, sirup markisa, selasih, rendam air hangat, susu uht, air gula, susu skm, sirup marjan cocopandan, air, es batu	potong buah sesuai selera letak buah wadah. rendam selasih air hangat. markisa siap air masuk panci bungkus plain. letak gula sirup markisa masak didih. cetak tunggu dingin potong sesuai selera. tuang susu uht. air gula. susu skm. sirup cocopandan merah air wadah letak buah. test. manis tambah air gula susu skm letak selasih es batu es bua saji keluarga. nb merah murni buah naga
sop buah simple	semangka, pepaya, anggur, skm cocopandan, sirup gula, selasih	potong buah pakai buah ap aja yg masuk wadah. tambah skm cocopandan. sirup gula. air es. aduk. cicip tingkat manis sesuai selera aja ya. masuk kulkas tambah es batu segeerrr
sop buah cocopandan	buah semangka, potong kotak, buah melon, potong kotak, buah pear, potong kotak, sirup cocopandan me tropicana slim, sachet susu kental manis, nata de coco	masuk potong buah nata de coco. tuang sirup skm sesuai selera tambah air estes. manis tambah air tambah es batu
sop buah naga sirup marjan	buah apel potong dadu, buah pear potong dadu, buah naga kerok isi pakai sendok teh, swalow warna hijaumerah potong kotak, es batu, sirup marjan cocopandan, susu kental manis	taruh es batu hancur mangkuk. tambah potong apel. pear buah naga. sirup marjan susu kental manis sesuai selera susu mantep. aduk. es cair tes pas manis
sop buah sirup cocopandan	kiwi, pear, semangka, pepaya, melon, selasih, sirup cocopandan, skm putih, air matang, es batu	siap bahan. potong buah sesuai selera. rendam selasih air. siap mangkok campur buah. selasih. air. sirup marjan susu skm. aduk aduk biar campur. tambah es batu. saji
mpasi snack sop buah naga m	buah naga, susu uht, madu	potong buah naga tambah susu uht dingin madu aduk bahan. saji
sop buah segaaaar	semangka, melon, apel fuji, pear, buah naga, skm carnation, sirup cocopandan	cuci bersih buah kupas. potong dadu. siap wadah yg. campur buah. tambah skm sirup sesuai selera tambah air putih matang. aduk. cicip masuk kulkas nikmat dingin
ximilu sop buah hongkong	bungkus nata de coco, iris semangka belah dr, buah apel, jagung kaleng, buah naga, chia seeds, sachet fiber cream, gula pasir, air	potong buah. nata de coco. masuk dalam wadah. tabur chia seeds. campur air. fiber cream. gula panci. panas. aduk didih. diam hangat. siram air dalam wadah yg isi buah. masuk dalam lemari es dingin
sop buah susu kambing	sachet susu kambing hni, chia seeds, madu murni tj, air, anggur, buah apel, buah pear, buah alpukat, utk buah optional ajah	potong buah sesuai selera. masuk dalam wadah. susu kambing dgn air panas aduk. tambah dg air. tuang madu wadah buah. tabur dgn chia seeds siram susu kambing wadah. masuk lemari es dingin nikmat
sop buah kreasi firda	buah melon, buah apel, buah anggur merah, buah kelengkeng, buah strawberry, buah bengkoang, gelas sirup sesuai selera, kaleng gelas belimbing susu kental manis vanila, air matang, es batu	potong buah melon serut. kupas kulit bengkoang apel cuci air matang potong ukur dadu. cuci buah anggur buah strawberry air matang kulit anggur kupas kandung antioksidan zat cegah kanker cuci. potong anggur. kupas kelengkeng potong buang biji. kuah tuang sirup. susu kental manis. air wadah aduk rata. susu endap. ambil gelas. masuk buah siap. masuk es batu kuah. hias tepi gelas buah cantik tampil pakai sirup yg warna hijau. hias melon pakai sirup yg warna merah. hias strawberry. nikmat selagi dingin
sop buah buka	potong dadu semangka secukpunya, buah apel kupas potong dadu, gula putih, susu kental manis, air putih	larut sendok gula putih dalam gelas. siap buah buah potong dalam wadah. air es. masuk air gula larut. masuk sachet susu kental manis
sop buah segar	buah blewah, buah melon, buah naga, buah aplukat, susu bear brand, gula putih cair, chia seed, es batu air dingin	serut buah melon blewah potong buah naga alpukat bentuk dadu leta wadah. potong masuk aor dingin masuk susu bear brand aduk ubah warna pink. masuk dalam lemari es segar guna es batu saji tuang gula sesuai dalam gelas masuk sop buah tabur chia seed sop buah saji
es buah sop buah	buah naga buah wajib resep, alpukat, apel, pir, buah sesuai selera, cendol, ganti tape, agaragar, nata de coco, dll, susu kental manis, sirup coco pandan, es batu	potong dadu buah buah porsi atur sesuai butuh. masuk topping sesuai selera. pecah es batu. masuk wadah potong buah topping. tambah susu kental manis sesuai selera. tambah sirup coco pandan sesuai tingkat manis. resep. air. es batu cair kuah kuah. air matang
sop buah	semangka, melon, timunsuri, buah naga, pir, selasih, sirup marjan merah, skm putih	kupas semuaa buah potong potong siapkann susu sirup marjann aduk campur air rata masuk buah yg potongpotong jadiii dehhh
es sop buah	semangka, melon, anggur, grass jelly, quot jelly, biji telasih, nata de coco, sirup, susu kental manis	potong buah. bahan. masuk bahan mangkuk. lupa kasih susu sirup yaa. step tambah air es batu. saji
sop buah santan	apel, pear, kolang kaling pakai, nata de coco plus air, bks santan kara, kental manis, gula pasir, air putih	potong buah sesuai selera satu nata de coco kolang kaling. campur santan. air gula masak didih aduk biar santan gak pecah. dingin tuang cmpuran santan dalam buah tambah susu. simpan lemari es biar dingin tambah es batu enak
sop buah alpukat campur	alpukat, kolangkaling, timun suri, susu kental, susu uht, syrup marjan cocopandan, air kelapa muda, daging kelapa muda	potong alpukat. timun suri sesuai selera siap wadahmasukkan bahan ya bunda biar nikmat aduk saji simpan kulkas biar raos
sop buah naga kelapa muda	buah buah naga, buah kelapa muda serta air, sachet skm, biji selasih	potong kotak buah naga. rendam biji selasih air panas. masuk air kelapa muda serta kelapa muda wadah. masuk buah naga selasih. tambah skm aduk. masuk kulkas nunggu buka puasa. saji selamat coba
ide jual puasa sop buah segar	buah naga, buah melon, buah blewa, cincau, agaragar, biji selasih rendam dgn air, susu skm, air gula gula pasir air rebus didih, sirup, es batu	campur bahan deh jual
sop buah sehat	semangka, melon langkawi, buah naga, jeruk mandarin, kiwi, kurma, gula putih, daun pandan, air, btl susu frisian flag ukbesar	cuci smua bahan dl ya rebus air daun pandan smpai didih prefer api ya saring aduk dgn gula. potong buah ya bentuk ukur sesuai selera biji jeruk kurma buang ya semangka bisa bli yg non biji. tuang air gula susu dalam wadah aduk violaaa nikmat tgl es batu dingin kulkas
soup buah	buah apel buah, buah pear buah, buah pear hijau buah, wortel, jagung manis, kulit jeruk kering, buah mete kering, leici, bumbu soup nya yg minum	potong bahan bahan. . . rendam kulit jeruk kering mete kering. rebus air tunggu didih didih masuk bahan. . rebus api menit. . kecil api rebus dg api jam. . tambah ayam hitam klo
sop buah naga	buah naga merah, susu kedelai, keju parut	siap gelas saji kupas buah naga potong kotak. masuk gelas saji siram susu kedelai kuah sop toping keju parut saji dingin nikmat
sop buah pelangi	buah naga, buah anggur merah, pepaya, melon, semangka, inaco warna warni, nata de coco air, biji selasih kering rendam air, kelapa ambil air, blender halus daging, gula putih, helai daun pandan, skm, sirup cocopandan, air, es	masak air. gula. daun pandan campur skm. sirup dingin. bentuk sesuai selera buah campur air kelapa. kelapa blender halus. air masak aduk campur. es batu. manis tambah gula es nikmat
sop buah homemade	buah melon, semangka kuning, semangka merah, air, gula pasir, bungkus skm, nutrisari, es batu	potong dadu melon semangka. masuk buah an bahan wadah masuakn es batu saji
sop buah rassay	buah pepaya, buah naga, buah melon, selasih, skm, air gula, es	kupas buah yg beli. pakai buah naga. pepaya melon potong sesuai. rendam selasih air hangat. aduk air gula skm wadah campur. masuk selasih yg sdh rendam air hangat masuk buah pecah es batu. sop buah segar hidang orang cinta
sop buah segarrr	apel ijo, buah semangka, buah pepaya, bungkus nutrijel, bungkus biji las, gram nata decoco, botol sirup marjan melon, kaleng susu omela	kupas apel nya d potong dadu. belah semanga potong dadu. kupas pepaya potong dadu. masak nutrijel nya smpe didih. tuang cetak tunggu dingin d potong dadu. masak air hinga didih masuk biji las nya mati api nya aduk dingin. klo nata decoco nya tinggal d masuk aj d baskom ya. masak air cukup nya sampe didih d dingin. klo sdh dingin masuk sirup marjan nya tes nya. satu bahan d yg masuk susu nya dingin deh
sop buah sederhana sirup	iris buah melon, iris buah pepaya, sachet susu kental manis putih, sachet marimas mangga, gelas air, es batu	potongpotong iris buah melon pepaya. gelas campur air marimas. aduk marimas larut. masuk susu kental manis campur buah. masuk larut marimas. adukaduk tambah es batu. sop buah sirup saji. . segerr sirup. manis pas
sop buah fiber cream xi mi lu	bahan kuah, , liter air, gula pasir, garam, fiber creme cremer kopi, syrup raspberry merah skip, bahan buah takar, semangka merah, buah pir madu, buah mentimun buang biji serut, pudding ganti cincau, biji selasih, biji sagu, selera tambah buah gantung	siap baskom ukur liter bahan kuah campur kecuali syrup aduk aduk fiber cream nya campur. saring. masak campur kuah kuah didih mati api diam kuah dingin. tunggu kuah dingin. rebus biji sagu air didih kecil api tunggu menit biji sagu empuk tepung tengah biji gigit. potong potong dadu bahan isi buah. sesuai selera potong. kuah dingin masuk bahan isi buah. pudding. sagu las aduk. koreksi. sendok syrup merah perisa manis. hidang dinginnlebih segarrr simpan kulkas hidang
sop buah segar buka puasa	buah semangka, buah melon, buah apel, buah pir, selasih, air gula air gula pasir, susu cair frisian flag coconut delight	sirup gula campur air gula. campur buah selasih air gula wadah. masuk susu cair coconut delight. aduk aduk saji. video temanteman unjung youtube channel dn cooking ya https youtubevjheejeyyw
sop buah warna warni	iris semangka kuning, iris semangka merah, pepaya, melon, buah naga, yoghurt cimory pakai mix fruit, sachet susu kental manis, sachet gula rendah kalori me thermolyte diet sugar, gelas air mateng	cuci brsih potong buah buah. campur smua bahan aduk ratatakaran manis esuai selera ya. masuk buah buah aduk simpen kulkas buka puasa
sop buah sirup tjampolay	melon, kolang kaling, buah pear, alpukat, buah naga, timun suri, sirup pisang susu pakai merk tjampolay, skm, es batu, sesuai selera ya	potong buah sesuai selera masuk es batu. kolang kaling. melon. . tambah buah pear. alpukat timun suri. tambah buah naga sirup skm. air ngga pakai es nya udah cair tunggu buka hehe
sop buah selasih	semangka, mangga, timun, las, gula, skm putih, gula	potong potong buah. rebus selasih megembanglalu angkat. larut gula campur wadah yg isi buah. ituu campur skm putih selasih. tambah es batu sop buah selasih jadiiii
sop buah natadecoco	natadecoco, pc alpukat, semangka, pc kiwi, pc lengkeng, susu uht, mix fibre herbalife, es batu, notes mix fibre ganti gula pasir ya	irisiris buah kiwi. semangka. alpukat masuk iris buah. lengkeng natadecocoke wadah. panas susu uht menit angkat tuang dalam wadah yg isi buah tambah mix fibre aduk. masuk es batu diam kulkas. selamat nikmat
sop buah sederhana	apel, semangka, nanas, pear, buah naga merah, pepaya, skm vanila, gula cair, air esair dingin	potong buah kotak kotak. masuk wadah. masuk skm wadah yg isi buah potong. tambah air gula cair
sop buah biji selasih	buah tomat potong dadu, buah timun suri, bungkus nata de coco, sendok biji selasih, bungkus susu putih kental manis, sendok gula putih sesuai selera, bungkus nutrisari ganti marimas jeruk sirup abc	siram biji selasih gelas air panas aduk air serap habis. siap mangkuk masuk tomat. timun suri. nata de coco biji selasih. aduk masuk gula. susu nutrisari campur simpan kulkas dingin saji. note pakai air nata de coco
sop buah seger	melon, apel, pepaya, kelapa muda, nata de coco, cincau bubuk yg masak, bubuk yg masak, sirop pisang ambon, susu kental manis, es batu	cuci bersih buah. potong sesuai selera. serut kelapa muda. masuk bahan. aduk campur. tambah es batu tes. selamat coba
sop buah kuning ceria	buah semangka kuning, nanas, pisang mas, apel, cuci potong, susu krimer kental manis, sirup gula, air matang, es batu, sirup cocopandan opsional pakai	tata buah potong gelas saji tambah air. sirup gula. susu. tambah sirup cocopandan pakai. es batu sop buah kuning ceria saji
sop buah	buah apel, potong kotak, buah pir, potong kotak, buah jambu merah, potong kotak, bungkus nata de coco, buah kelapa degan, botol sirup marjan rose, air, es batu	potong buah. tuang sirup. nata de coco degan aduk koreksi. saji foto x gak pake jambu. gak pake degan
sop buah sirup gula pandan av kitchen	buah naga, buah pear, buah nanas, air, lembar daun pandan, gula pasir, skm	siap bahan cuci bersih. potong buah rebus air. gula daun pandan didih air. didih mati api diam air hangat. tuang sirup gula pandan dalam mangkok buah. skm. aduk campur. done simpan kulkas sop buah sirup gula pandan nikmat
sop buah cocopandan	buah semangka, buah melon, agaragar warna hijau, sirup cocopandan, air matang, sachet susu kental manis, es batu	siap bahan. ambil es batu. buah semangka. melon tata gelas. tuang sirup air. susu kental manis. . saji buka puasa. lupa aduk
es sop buah segar	buah pepaya, buah melon, buah bengkoang, buah semangka, buah blewah, nata de coco, susu kental manis, sirup frambos, es batu, air matang	kupas buah. potong sesuai selera. tuang air matang campur sirup susu kental manis mangkuk saji aduk. masuk buah nata de coco kuah aduk tambah es batu. sop buah saji
sop buah segar sehat	pepaya, melon, semangka, pear, nata de coco, jelly karakter, gula tropicanaslim, susu kental manis	potong dadu buahbuahan. tambah nata de coco jelly. larut gula air hangat tuang aduk. tambah saset susu kental manis. buka puasa saran jam siang. diam lemari es saji buka puasa sop buah segar tenggorok es batu. pancing batuk pilek
sop buah enak ekonomis	buah melon, secukupny parut, buah naga, potong dadu, , selasih kering, rendam air panas, sisih, air, sirup cocopandan	buah melon. air campur mangkok. tambah buah naga. selasih es batu. saji gelas saji
sop buah minimal	potong bulat pepaya, bungkus nutrijell grass jelly, air, fibrecream, chiaseed, air hangat, kurma ajwa ganjil	potongpotong buah pepaya dadudadu. campur nutrijell grass jelly air. masak didih tuang cetak. dingin potong dadu. seduh fibrecream air hangat. campur pepaya jelly yg potong mangkuk. belah kurma buang biji. campur denga fibrecream larut. tabur chiaseed
sop buah	melon, buah naga, alpukat, manis kolang kaling, biji selasih, air gula, skm, sirup marjan melon ganti sesuai selera, es batu	kupas buah. potongpotong sesuai selera. siram biji selasih air hangat. masuk potong buah biji selasih gelascup. tambah es batu. tambah susu. qir gula sirup. sop buah saji
sop buah matahari	buah naga, buah pir, buah blewah, buah apel, anggur, susu cair stroberi	potong buah naga. pir. apel. anggur blewah. campur susu ultra stroberi. aduk. sop buah matahari saji
sop buah segeer	alpukat, kerok, pir sweet pir, potong kotak, sachet nutrijell anggur, sachet nutrijell strawberry, susu kental manis, sirup cocopandan merah es batu, air	pertamatama. jelly. cetak cetak es batu mudah. . masuk buah. jelly. susu kental manis. sirup merah. es batu. tambah air
es sop buah campur	buah apel, buah pear, buah salak, semangka, buah stroberi, selasih, gelas manis kolang kaling, sachet skm putih, gula pasir, gelas air, sachet pop ice permen karet, garam, vanili	potong dadu buah buah. rendam selasih kembang air panas. masuk air panci tambah gula. vanili. garam pop ice masak didih. campur buah yg potong. manis kolang kaling selasih dalam wadah campur tuang air rebus gula tdi. tambah susu kental manis manis sesuai selera ya sist g mesti sm jg takar manis bs tmbhin skm gula nya klu g suka manis bs rangin y sis. aduk tuang gelas sop buah nya. . tambahin es batu biar adeem. sisa nya tarok dlam lemari es. . biar ttp seger
sop buah	buah semangka, pepaya, pir, mangga sesuai selera, biji selasih mentah, rumput laut, kolang kaling, sachet skm, sirup nik sari, es batu, air	potong buah bentuk sesuai selera. biji selasih mentah. tuang gelas air panas biji selasih tunggu. masuk bahan kecuali es batu mangkok tuang skm sirup nik sari sesuai selera masuk es batu. selamat coba
sop buah leci	buah buah segar, botol sirup leci	cuci potong potong buah siram sirup leci tambah es batu. hidang
sop buah	buah mangga, buah pear, buah apel, buah pepaya, selasih rendam air matang, sirup melon merjan, susu kental manis, es batu hancur, air matang	siap bahan potong kotak buah buah. masuk susu kental manis sirup mangkok. tambah selasih air matang. masuk es batu hancur. aduk. sop buah nikmat saji. selesai
sop buah mix yogurt	buah melon, buah naga, buah pear, buah anggur, buah apel merah, agaragar hijau, nata decoco kw, selasih, botol yogurt cimori, air es, es batu, suka, sirup merah, homemadebisa dg simple sirup, bahan sirup merah, gram gula pasir, botol air matang, pasta merah strawberrysesuai selera	sirup merah. campur bahan. aduk. masak didih biar sebentar angkat. dingin. saring. masuk botol. siap bahan siap wadah cuci anggur. potong cuci pear apel. potong serutcetak bulat melon. buah sesuai selera potongagar. nata decoco buah naga masuk sirup air es. aduk masuk yogurt. aduk. tes. selasih. aduk es batu suka. tuang gelasgelaswadah saji sop buah mix yogurt saji
sop buah timun	buah timun, potong kotak, krimer kental manis, marjan, air dingin freezer es suka	siap bahanbahannya cuci bersih timun. kupas kulit optional. kupas iris kotak. campur bahan gelas saji. tambah air dingin freezer tambah es suka. saji
sop buah sirup	sct susu kental manis me indomilk, krn lbh enak, munjul gula pasir, gelas air matang pakai gelas blimbing, air rebus utk larut susu gula, buah, sesuai selera stok, buah apel, buah pir, buah naga, buah mangga, semangaka, melon	siap wadah sop buah. didih air. masuk susu kental manis sct dlm gelas. kasih air panas penuh. masuk gula pasir dlm gelas. masuk k gelas penuh trs kasih air panas aduk aduk larut. tuang k wadah. gula pasir seduh air panas batas gula. tuang k wadah. masuk sct susu kental manis gelas air k wadah aduk campur. tes. kupas potong dadu buah buah. sisa buah naga utk hancur dlm gelas utk warna alami masuk buah buah naga yg hancur wadah. aduk sebentar masuk k kulkas dingin
sop buah simple	apel, kelengkeng, anggur, stroberi, biji selasih, sachet susu kental manis, sirup coco pandan, air	potong buah td. rendam biji selasih dgn air panashangat diam. campur buah tambah sirup susu kental manis td tambah air aduk campur rata. masuk buah selasih uda rendam td. deh saji
sop buah riah	buah pepaya, anggur merah, semangka, melon, nata de coco, botol syrup orange squash, liter air, klg susu kental manis, es batu	cuci bersih potong smua buah nata de coco susu kental manis. sirup abc air es batu dingin
sop buah yoghurt	buah pear, buah apel merah, buah naga, buah semangka merah, botol yoghurt cimory yoghurt sesuai selera, scht susu kental manis	potong dadu buah pear. apel. buah naga. semangka. masuk dalam mangkuk siram yoghurt tambah susu kental manis sesuai selera. nikmat
es sop buah	buah anggur belah, strawberry belah, blue berry, iris pear potong kotak, iris mangga potong kotak, jeruk, sirup marjan fruitpunch, susu kental manis, opsional es batu, contoh buah semangka, melon, apel fuji, buah naga, nangka dll	tata buah potong gelas mangkuk es batu. sirup skm aduk saji pakai air dingin lupa es batu
sop buah boba	tepung tapioka, pisah tepung tapioka, bks nutrijell pink, air panas, air rebus, anggur, potong, buah mangga potong dadu, bks nata de coco serta air, boba, syrup with milk orange me marjan, bks skm	campur nutrijell. tepung tapioka air panas kalis hati hati beri air panas tahap tepung rasa kalis. kalis ambil adon panjang potong potong. bulat masuk dalam wadah yg tepung tapioka kering pisah adon selesai bulat. didih air rebus. masuk adon bulat. tunggu boba apung atas biar menit angkat tiris sisih. masuk wadah syrup marjan with milk orange. mangga. anggur. nata de coco. boba tambah susu kental manis es batu. aduk aduk rata saji
sop buah sederhana jenis	buah pear, buah naga, semangka, susu uht ultra full cream, yoghurt cimory strawberry	kupas buah. potong sesuai selera. susun mangkok. tuang susu. tambah yoghurt. masuk kulkas menit tambah es batu suka sop buah nikmat
sop buah susu	buah apel, buah nenas, buah semangka, gula pasir cair, air, susu kental manis, es batu, bungkus, gelas gula pasir, gelas air	masak gelas belimbing utk takar. masuk air. gula pasir. masak didih. mati api. diam suhu normal masuk kulkas. siap susu kental manis wadah. air larut gula. aduk. masuk buah yg potong kotak kotak sesuai selera aja y. aduk es batu
sop buah naga	buah naga, buah strowberi, saset skm, botol yoguart bulgarian original, es batu	potong dadu buah naga potong tipis strowberi. masuk buah mangkuk siram skm yoguart lupa es batu nya nikmat siang segar
sop buah yakult	nanas, pepaya, melon, semangka, es batu, buah yakult	siap buah wadah campur es batu guyur yakult dingin
es sop buah naga	buah naga, es batu, gula, skm putih, sirup kurnia sirup warna merah, air putih panas	potong buah naga ukur dadu kotak. masuk gula skm putih. masuk sirup air panas aduk gula. skm putih. sirup larut warna pink rata. masuk es batu sesuai selera aduk dingin. minum
sop buah alaala	buah naga, apel, buah melon, gula pasir, kental manis, air putih	campur bahan kuah. aduk cek. masuk buahbuahan potong. tambah es batu. sop buah alaala saji
sop buah mix	buah naga, semangka merah, pepaya, melon, kelengkeng long, avocado, mangga, nangka, biji selasih, kaleng susu evaporasi, sirup marjan melon, susu kental manis, air es, nutrijel kelapa muda, gula pasir	masak nutrijel kelapa muda biar jam keras serut. potong buah. campur kuah susu evaporasiskm air es sirup marjan. segar tambah es batu selamat mencobaa
sop buah buah ada	buah naga, pir, strawberry buah y bun, sendok gula, susu kental manis, es batu	masak air gula dlu. diam dingin. cuci buahbuahny dlu potong sesuai selera. taruh buahanny mangkok. kasi air gula susu kental manis. . kasi deh es batu sesuai selera. selamat coba bun
sop buah	buah naga, buah mangga, buah apel, ager nutrijel, madu, susu formula anak sy sufor berani skm	potong dadu buah. jelly. campur buah jelly tambah madu susu formula. tambah es batu
sop buah ceria	semangka, pepaya, anggur, apel, pir, nata de coco, susu kental manis, air, chia seed, sirup kurnia, es	potong dadu buahbuahan. tambah air. susu kental manis. sirup kurnia. uji tabur chia seed es
sop buah yakult	strowberry, melon, potong jellynutrijel, botol yakult, kotak susu putih plain cc, sendok sirup marjan meran	potongpotong buah jelly. biar enak pas sendok. sisih. wadahmangkok. tuang susu cair. yakult sirup. aduk cenderung asem manis klo dominan manis. tambah sirup gula pas. masuk potong buah jelly. adem dlu kulkas jam makan enak. bikin pagi. trus makan siang
sop buah overnight oatmeal	oat meal instant, susu kental manis plus air, skm sachet, chia seeds, semangka, melon, mangga	campur oatmeal air susu tambah chia seeds. aduk tuang jar. potongpotong buah sesuai selera. masuk buah atas. simpan kulkas malam sesuai selera hhe. malam. hancur bbrp buah jar sendok tadaa sop buah overnight oatmeal enak
sop buah ceria	semangka, pepaya, alpukat, anggur, buah naga, mangga, melon, nangka, lengkeng, apel, buah pier, selasih, susu kental manis, susu full cream, cair gula, batu es	potong buah. klo buah pake. masuk cair gula yg udah masak. masuk selasih. susu kental manis. susu full cream. tambah es batu. sajikanselamat coba
sop buah segar lezat praktis	buah sesuai selera me buah naga, alpukat, mangga pear, santan cair, gula pasir, nata de coco, skm sirup cocopandan	masak santan gula aduk didih aduk santan pecah. angkat dingin. potong buah an. masuk buah an nata de coco mangkok. tambah skm sirup. masuk santan dingin aduk test. video lengkap temanteman kunjung channel youtube masakan baby https youtubeotysno
sop buah ximilu	buah kates, buah apel, buah pir, buah kelengkeng, buah anggur, buah mangga, buah strawberry, slice ijo, slice jelly cokelat, slice cincau, nata de coco, selasih, bahan kuah, bungkus fiber creme, gula pasir sesuai selera, helai daun pandan, jumput garam	potong buah bentuk dadu jelly serut. didih air mateng masuk gula pasir. daun pandang aduk larut masuk fiber cream jumput garam aduk koreksi manisx pas dingin sbntr. tata potong buah d gelas siram kuah td atasx kasih selasih truh d kulkas biar dingin. nikmat ximilu dgn dingin
sop buah	buah mangga, buah jambu klutuk biji, buah naga, buah melon, buah pepaya, es kelapa murni, sirup melon, skm susu kental manis	siap buah cuci bersih. kupas potong buah jambu ambil tengah daging yg biji. buang tp jus daging pinggir potong masuk mangkuk. kupas potong buah campur jus jambu es kelapa dalam aduk saji. senang manis. tambah sirup susu kental manis putih. taruh mangkuk. saji selagi dingin
sop buah praktis dapurelbeweek	buah jeruk, buah apel, buah anggur, sch skm, sirup melon sds, gelas air, biji selasih, gelas simple sirup	siap bahan yg butuh. cuci bersih. kupas buah jeruk. iris slice buah apel. iris buah anggur seduh biji selasih dg air panas. kuah sop gelas air putih tambah sendok sayur sirup melon. sch skm simple sirup cek sdh sesuai blm. tuang kuah wadah campur buah jgn lupa biji selasih aduk rata sop saji
sop buah marasa	kelapa air, alpukat, lengkeng, mangga dermayu, anggur, skm putih	cuci bersih buah. potong jadi dlm wadah. tambah susu kental manis. saji dingin lbh segaar
sop buah gembira	pepaya, apel, jambu biji, mangga, kweni, sachet skm, sirup tutifruty, es batu, air es	potong buah dadu masuk wadah mangkuk. tambah skm. sirup es batu. aduk sampe tambah air es sop buah nikmat
sop buah kini	, buah semangka, buah melon, buah mangga gadung, buah pear, g jelly aneka bentuk, g biji selasih seduh air panas, esen vanila, sirup gula, g susu kental manis, g krimer, es batu, air mineral	cuci bersih buah kupas potong potong sesuai selera sisih. wadah campur buah es batu. susu. sirup. krimer. esense. selasih tuang air aduk aduk. rata deh sop buah saji
sop buah segar	buah apel, gram kelengkeng, nata de coco, jelly bentuk lucu, susu uht full cream, chiasheed, sachet gula diabetasol, air putih	cuci bersih apel potong sesuai selera. kupas buah kelengkeng. siap wadah mangkok masuk apel yg potong. tambah kelengkeng yg kupas. tambah jelly. nata de coco. chiasheed. masuk susu uht gula tambah air. es batu sesuai selera sop buah santap
sop buah forasa	pir, apel, nangka, susu evaporasi, skm putih, selasih, keju tabur, air	siap bahan. potong buah simpan wadah. tambah air susu evaporasi. skm. aduk. saji toping keju
ximilu sop buah ala hongkong	bungkus nutrijel plain, gula pasir, warna makan me biru, nutrijel cokelat, air kelapa, ikat daun pandan, krimer, gula pasir, nata de coco, buah me strawberry, anggur, mangga, selasih	utk nutrijel. masak sesuai tunjuk ya moms kalo dingin potong jelly mie utk nutrijel cokelat potong dadu. kuah didih air kelapa ikat daun pandan aroma enak tambah krimer gula pasir aduk larut diam simpan kulkas dingin. tata bahan. mie jelly. jelly cokelat. buah. nata de coco wadah tuang kuah nya selasih diatasnyajadi deeh selamat coba
sop buah hydro coco	biji selasih rendam air panas, buah an, sirup cocopandan, susu kental manis, hydro coco original, es batu	siap bahan. potong buah bentuk dadu. siap mangkuk tuang biji selasih mangkuk buah yanh potong. tuang sirup cocopandan me susu kental manis me. tuang hydro coco original. aduk bes batu
sop buah segar	buah semangka merah, buah semangka kuning, buah mangga, buah kiwi, buah melon, biji buah anggur, buah alpukat, saset susu kental manis, gula cair secukupnyaselera, es batu	siap bahan bahan. kupas buah. kecuali anggur. potong potong kotak. taruh mangkok. susu gula cair es batu. hidang
sop buah	buah naga, buah apel, susu cair full cream dingin, gelas marjan melon, , air dingin	kupas buah naga. potong kotak kupas apel. potong kecilkecil. tuang susu cair. marjan air. aduk. hidang segeerrr masyaallah walhamdulillah
ximilu sop buah hongkong no santan no susu	bahan kuah, fiber creme, gula batugula pasir, manis sesuai selera, air panas utk larut fiber creme gula, air dingin, matang, bahan jelli, bungkus nutrijel melon bungkus, gula batugula pasir, air minum, bungkus nutrijel strawberry bungkus, bubuk plainmerah, gula batugula pasir, air minum, buahbuahan, sesuai selera sy, buah mangga, buah pear, buah kiwi, gram anggur, nata de coco, , selasih, rendam air dinginhangat	siap bahan kuah. campur fiber creme. gula. aduk tuang air panas. adukaduk gula larut. tambah air dingin. aduk. sisih masak nutrijel merah hijau sesuai instruksi yg kemas sy. fruit acid biar jelli keras potong tipis panjang jelli merah potong kotakdadu jelli hijau. sisih. cuci bersih buah. kupas mangga. pear kiwi potongpotong potong anggur siap. saji. tata potong buah wadah saji jeli merah. hijau nata de coco selasih. tuang kuah ximilu sop buah hongkong saji saji dingin masuk kulkas saji. saji dingin
sop buah hamper lebaran	buah pear hijau, buah pear putih, buah naga, cup anggur hitam, cup anggur hijau, sachet susu kental manis me frisian flag putih, pouch inaco g, nata de coco optional	bismillah. siap bahan bahan potong cuci bersih potong potong sesuai selera. tuang sachet susu kental manis inaco nata de coco. aduk. tata gelas soup buah madu biar manis. selesai alhamdulilah
sop buah campur	buah naga, kerok, alpukat, kerok, sagu mutiara warna merah, sagu mutiara warna hijau, cincau hitam, potong, selasih, timun suri, gula pasir, susu cair, skm putih, es batu	masuk bahan buah. tambah selasih cincau. tuang campur susu larut gula. aduk. tambah es batu masuk dalam kulkas. saji
sop buah sirup	melon, pepaya california, buah naga, nata de coco, sirup marjan pisang susu, air es, sesuai selera es batu	campur sirup air es sisih. potongpotong buah masuk dalam sirup biar rendam jam. saji tambah es batu biar seger takar sirup manis ya pilih buah sesuau selera
sop buah	mangga iris kotak, kue lapis iris kotak, cincau iris kotak, secukupnyah cendol, secukupnyah sirup marjan, secukupnyah es batu, secukupnyah skm, air	campur bahan saji selamat coba by pawon soimut
sop buah ekonomis	buah alpukat ukur potongkeruk pakai sendok, buah mangga ukur potong, biji selasih kering rendam pakai air panas, gula pasir, bungkus skm, sirup coco pandan, air matang, es batu	campur gula pasirgelas air. masak didih gula larutdinginkan. campur bahan. aduk campur
sop buah riah	bahan syrup, g gula pasir, kulit buah naga, skm puutih, lt air, buah bahan isi sop, g cincau hitam, g puding warna saji, g rumputlau, melon, timun suri, buah naga, g kolang kaling, blewah, , resep warna alami nya lampir	cuci bersih bahan potong bahan sisih. rebus air tambah batang daun pandan tambah gula pasir aduk sampe gula larut syrup sisih. air syrup dingin campur tambah susu kental manis nya aduk saji selesai
soup buah	es batu, susu kental manis, buah kelapa muda air kelapa muda, sirup pisang ambon, buah apel merah, buah pear ukur, buah pisang sunpride, buah naga, anggur merah, buah durian uk isi biji, nata de coco	siap bahan. iris buah. siap wadah mangkuk masuk air kelapa buah kelapa muda. susu kental manis aduk. masuk buah yg sdh iris td aduk bahan campur. siap mangkuk. masuk es batu tuang mangkuk. soup buah hidang
sop buah susu	daging semangka, daging buah naga, kacang almond, susu cair full cream dingin kulkas	potong dadu buah semangka buah naga. masuk mangkok. tambah susu aduk aduk kuah susu warna pink warna alami buah naga. tata gelas. topping almond
sop buah meg cheese	melon, semangka, jelly mangga, jelly strawberry, bahan b, meg processed cream cheese, susu uht	blender bahan b tekstur lembut. masuk bahan a toples buah. tuang bahan b toples nikmat
sop buah pir	buah pir, jahe lbh klo suka pedas, batang kayu manis, cengkeh, gula batu skip, ganti madu minum, lbh, jimpit garam, lt air	siap bahan. didih air kayu manis gula batu tunggu air didih. kupas potong buah pir. air didih. mati api masuk jahe geprek aduk sebentar tutup panci. biar tutup menit. menit masuk pir. cengkeh garam aduk sebentar tutup rapat diam menit. aduk masak menit sop buah pir nikmat tambah madu mantabs selamat coba happy cooking
sop buah	buah naga, mangga kweni, gnggam strawberry, semangka, genggam anggur, susu cair low fat, biji selasih, madu man	siap bahan. kupas buah. potong masuk dalam mangkok. tambah susu cair madu. aduk hidang seger es batu
sop buah	buah blewah, buah melon, buah naga merah, buah jambu kristal, anggur, strawberry, nata de coco, selasih, rendam gelas air hangat, sesuai selera skm, es batu, gula pasir, air	rebus gula pasir air gula larut saring wadah saji biar dingin. kupas buah yg kulit. potong kotak bentuk bulat sesuai selera anggur strawberry belah bilas air matang. tiris. tuang wadah saji isi air rebus gula. aduk tambah nata de coco. selasih skm. aduk saji. tambah es batu nikmat
sop buah simple	melon, blewah, timun suri, nata de coco, biji selasih, es batu, simple syrup, sirup cocopandan, susu carnation	potong buah bulat kotak ya. rendam biji selasih. buang air nata decoco. susun mangkuk saji. simple syrup. buah. es batu. biji selasih. sirup susu simple ya bun selamat coba
es buah sop buah simple	air, g gula pasir sesuai selera, lembar daun pandan, buah apel, buah naga, semangka, natadecoco, cincaujelli, sirup cocopandan, susu kental manis, es batu	rebus air gula daun pandan sampe gula larut wangi biar dingin. potong bahan buah cincau sesuai selera. campur air gula. buah sisa bahan lai aduk koreksi pas udah buka ya tar batal lg hhee. kalo pas tinggal tambah sirup skm ya selamat coba
