keyword,url,judul,bahan,langkah
ayam,https://cookpad.com/id/resep/25017577,Ayam Suwir Sambal Matah,"2 paha ayam,5 siung bawang putih, geprek,4 cm jahe, geprek,5 lbr daun salam,1 sdm garam,15 bh cabe rawit hijau, iris halus,10 bh cabe merah keriting, iris halus,7 siung bawang merah, iris halus,5 lbr daun jeruk, iris halus,1 btg sereh, iris halus,1 sdt lada,1 sdt garam,1 sdt penyedap rasa,3 sdm minyak panas","Rebus ayam beserta semua bumbu rebusnya, masak hingga air menyusut. Setelah matang ayam disuwir-suwir.,Campurkan semua bumbu sambal matah, siram minyak panas, aduk hingga rata.,Masukkan suwiran ayam ke bumbu sambal matah, aduk rata, koreksi rasa.,Angkat dan sajikan."
ayam,https://cookpad.com/id/resep/25026783,36. Homemade Chicken Luncheon,"500 gr paha/ dada ayam fillet,60 gr putih telur,50 gr bawang putih,85 gr bombay,1.5 sdt bubuk angkak,1/2 sdt lada,3/4 sdt garam,1 sdm kecap asin,1 sdm kecap ikan,1/2 sdt kaldu bubuk,2 sdt gula,80 ml minyak goreng Rose Brand,80 gr maizena Rose Brand","Siapkan bahan- bahan: haluskan bawang putih & bawang bombay.,Campur semua bahan kecuali maizena dan minyak goreng Rose Brand. Pastikan tercampur rata & tekstur halus.,Kemudian masukkan tepung maizena dan minyak goreng Rose Brand. Aduk rata, jangan lupa koreksi rasa (goreng 1 sdm adonan),Tuang ke dalam loyang yg dialasi kertas nasi. Kukus selama 30 menit dihitung dari air mendidih. Setelah matang, biarkan dingin & potong- potong.,Chicken luncheon bisa langsung disantap, digoreng terlebih dulu, atau disimpan dalam freezer."
ayam,https://cookpad.com/id/resep/25026554,512. Luncheon Ayam,"500 gr Paha Ayam Fillet,60 gr Putih Telur,50 gr Bawang Putih haluskan,85 gr Bawang Bombay haluskan,1,5 sdt Angkak Powder (7gr)--- saya tidak pakai,1/2 sdt Merica Bubuk (3gr),3/4 sdt Garam (7gr),1 sdm Kecap Asin (15ml),1 sdm Kecap Ikan (15ml),1/2 sdt Micin Asatu dari rose brand (Kaldu Bubuk 1sdt/5gr),2 sdt Gula Rosebrand (20gr),80 ml Minyak Goreng Rose brand,80 gr Maizena Rose brand,1-2 sdm Minyak Goreng/Mentega Rose brand untuk menggoreng","Siapkan semua bahan, ayam segar wajib masuk Freezer minimal 1jam untuk hasil yang lebih kenyal dan adonannya juga tdk terlalu lembek.

Masukan semua bahan kecuali maizena dan minyak goreng, giling sampai halus.

Note : Sebaiknya bawang bombai dan bawang putih dihaluskan terlebih dahulu untuk hasil akhir yang lebih padat (tidak rongga),Setelah halus masukan minyak goreng dan maizena haluskan kembali, pastikan adonan benar-benar halus.,Ambil sedikit lalu pan sebentar untuk koreksi rasa, kalau dirasa pas tuang ke dalam Loyang/mangkuk tahan panas yang seluruh bagian sudah diolesi minyak dan dialasi baking papper bagian dasarnya saja. Padatkan dengan cara ditekan dengan sencok atau spatula.,Panaskan kukusan, kalau sdh mendidih masukan luncheon dan kukus selama 30 menit. Setelah itu angkat keluarkan dr cetakan, biarkan suhu ruang/set baru di iris sesuai selera. bisa langsung dikonsumsi atau dipanggang dengan margarin."
ayam,https://cookpad.com/id/resep/25022283,Homemade Chicken Lucheon,"500 gr paha ayam fillet,60 gr putih telur,50 gr bawang putih,85 gr bawang bombay,1 sdt Angkak Powder,1/2 sdt merica bubuk,3/4 sdt garam,1 sdm kecap asin,1 sdm kecap,1 sdm kecap ikan,1/2 sdt kaldu bubuk,2 sdt gula pasir Rose Brand,80 gr tepung maizena Rose Brand,Secukupnya minyak goreng Rose Brand","Siapkan semua bahan. Untuk fillet paha ayam segar masukkan freezer dulu minimal 1 jam. Potong2, bawang putih & bawang Bombay lalu haluskan, sisihkan.,Tata di Cooper fillet paha ayam, masukkan bawang putih & bawang bombai halus, Angkak Powder, putih telur & semua bumbu. Cooper halus, tambahkan tepung maizena Rose Brand.,Cooper lagi semua bahan sampai benar2 halus.,Siapkan loyang, olesi minyak goreng Rose Brand sampai rata. Beri baking paper pada dasar loyang. Tuang adonan Lucheon ke loyang. Ratakan, tusuk2 untuk mengeluarkan udara yg terperangkap. Ratakan lagi.,Panaskan kukusan. Kukus Lucheon selama 30 menit. Setelah matang angkat & keluarkan dari loyang. Lepas baking paper.,Setelah Lucheon tdk panas lagi iris2 sesuai selera. Bisa langsung dinikmati atau di simpan di chiller maupun freezer untuk waktu simpan lebih lama. Jika akan di makan bisa di pan dgn minyak Rose Brand sedikit. Atau di goreng dgn minyak banyak juga nikmat."
ayam,https://cookpad.com/id/resep/25027019,Chicken Luncheon,"500 gr paham ayam fillet,60 gr putih telur,50 gr bawang putih, cincang halus,85 gr bawang bombay cincang halus,1.5 sdt angkak powder,1/2 sdt merica bubuk,3/4 sdt garam,2 sdt gula pasir rosebrand,1 sdm kecap ikan,1 sdm kecap asin,1 sdt penyedap,80 gr minyak goreng,85 gr tepung maizena rosebrand","Siapkan bahan2,Chopper semua bahan... Hingga membentuk pasta kental. (Minyak dan tepung maizena jgn dimasukkan dulu kedalam Chopper),Setelah adonan seperti pasta.. Masukkan maizena dan minyak. Chopper lagi hingga tercampur rata,Tuang pada loyang datar.sy pakai thinwall. Kukus selama 30menit, sebelumnya kukusan sudah dipanaskan terlebih dahulu,Penampakan nya... Enak... Gurih. Padat dan kenyal🥰"
ayam,https://cookpad.com/id/resep/25027094,Lumpia Ayam Roll,"300 gr daging paha ayam fillet,1 btr telur,1 bh wortel,2 btg daun bawang,3 siung bawang putih,1/4 sdt garam lada,1/2 sdt lada,1 sdm saus tiram,2 sdm terigu,3-5 sdm air,30 lembar kulit lumpia,Secukupnya minyak untuk menggoreng","Masukkan daging ayam, wortel, daun bawang,dan bumbu lainnya Blender hingga halus.,Ambil 1 sdm adonan, letakkan diatas kulit lumpia, lipat lalu gulung,Beri bahan pelapis dibagian ujung, agar rapih dan tidak bocor,Goreng dengan minyak banyak di api sedang hingga golden brown. Angkat, dan sisihkan. Siap disajikan dengan saus sambal atau cabai rawit"
ayam,https://cookpad.com/id/resep/25025679,Garang Asem Ayam,"1 kg ayam, saya pakai bagian sayap,5 lembar daun salam,2 ruas jari lengkuas,5 buah tomat,8 buah belimbing wuluh,8 siung bawang merah,5 siung bawang putih,1 sachet santan, sy pakai merk kara,Secukupnya garam, gula dan penyedap,10 bh cabe rawit","Potong daun pisang sesuai kebutuhan kemudian Lap daun pisang, saya menggunakn tisu.,Cuci bersih ayam, tiriskan,Cuci bersih lengkuas, daun salam, cabe rawit, bawang merah, bawang putih, tomat dan belimbing wuluh. Kemudian di iris,Tumis bahan2 tadi sampai harum, tambahkan santan dan sedikit air, masukkan tomat, belimbing wuluh dan ayam. Beri garam, gula dan penyedap, aduk rata (asal rata saja). Matikan api,Tata ayam dan bumbu di atas daun pisang, lalu bungkus,Kukus ayam garang asem selama kurang lebih 25-30 menit. Siap di hidangkan"
ayam,https://cookpad.com/id/resep/25025807,Chicken Pok Pok Gluten Free,"500 gram ayam,2 siung bawan putih,Secukupnya garam,Secukupnya lada bubuk,5 sendok makan tepung kanj,120 gram tepung beras,3 sendok makan munjung bawang bombai bubuk,1 sendok teh paprika bubuk,1 sendok makan kaldu jamur organik","Cuci ayam kemudian potong kecil-kecil,Haluskan baput, garam, dan lada bubuk secukupnya,Marinasi ayam dengan bumbu halus, sisihkan,Campur bawang bombai bubuk, kaldu jamur bubuk, secukupnya garam, paprika bubuk, dan lada bubuk,Buat adonan basah daei tepung kanji dan satu sendok makan campuran bumbu kering,Buat adonan kering dari tepung beras dan campuran bumbu kering,Masukkan ayam ke adonan basah kemudian masukkan ke adonan kering,Goreng ayam hingga matang,Chicken pok pok siap disajikan"
ayam,https://cookpad.com/id/resep/25007865,Sosis Ayam Homemade,"650 gr Fillet Paha Ayam,50 gr Lemak Ayam,50 gr Putih Telur (setengah beku),190 gr es batu,5 gr Baking Powder,50 gr Tapioka,25 gr Gula,10 gr kaldu bubuk,10 gr Garam,5 gr lada bubuk,1 sdt garlic powder","Masukan ayam, lemak ayam dan es batu haluskan. Lalu masukan semua bahan kecuali tapioka dan baking powder mix sampai tercampur rata. Terakhir masukan tapioka dan baking powder campur sampai rata.,Siapkan selongsong sosis uk 21mm. Dan tali untuk mengikat sosis.,Masukkan adonan ke dalam plastik segitiga. Potong ujung plastik segi tiga masukan kedalam lubang selongsong. Tekan adonan perlahan agar tidak ada rongga yang terisi angin, setelah terisi selongsong otomatis memanjang. Setelah selesai, urut/tekan² sosis seperti memijat untuk meratakan adonannya, ukur panjang sosis sesuai selera. Ikat dengan tali yang sudah di siapkan.,Tusuk² sosis yg sdh diikat dengan jarum untuk mengeluarkan gelembung udara didalam sosis. 

Panaskan air cukup sampai berbuih saja tidak perlu sampai mendidih Sekitar 75° c jika terlalu panas atau terlalu lama merebus sosisnya rawan pecah. Kalau airnya sudah panas masukan sosis otomatis akan mengembang, rebus selama 15-20 menit, bisa dengan menekan sosisnya jika lebih kenyal tandanya sdh matang.,Angkat kedalam wadah yang berisi air es untuk memperlambat proses pematangan sosis dan membantu selongsong menempel ke sosisnya. Jika sdh dingin angkat dan tiriskan. Bisa langsung disajikan dengan cara di goreng, panggang/ sesuai selera."
ayam,https://cookpad.com/id/resep/25025823,Jeroan krispi / kentucky jeroan ayam,"250 gr jeroan ayam,1 sdt garam,2 lembar daun salam,1 ruas lengkuas,250 gr tepung terigu,2 sdm tepung tapioka,1 sdt kaldu bubuk,1/2 sdt garam,1/2 sdt baking soda,secukupnya air,1/2 sdt baking soda","Cuci bersih jeroan, kemudian rebus setengah matang dengan garam, daun salam, lengkuas, angkat dan tiriskan (proses merebus gak kefoto),Campur semua bahan kering, aduk rata,Campur bahan pencelup, aduk rata,Gulingkan jeroan ke bahan kering dulu,Lalu celupkan ke pencelup,Gulingkan ke bahan kering lagi,Goreng di minyak panas, minyaknya harus banyak,Tiriskan, dan siap disajikan"
ayam,https://cookpad.com/id/resep/25024867,531. Homemade Chicken Luncheon #KelasSosis,"500 gr Paha Ayam Fillet,60 gr Putih Telur,50 gr Bawang Putih haluskan,85 gr Bawang Bombay haluskan,1,5 sdt Angkak Powder (7gr),1/2 sdt Merica Bubuk (3gr),3/4 sdt Garam (7gr),1 sdm Kecap Asin (15ml),1 sdm Kecap Ikan (15ml),1/2 sdt Micin Asatu dari rose brand (Kaldu Bubuk 1sdt/5gr),2 sdt Gula Rosebrand (20gr),80 ml Minyak Goreng Rose brand,80 gr Maizena Rose brand,1-2 sdm Minyak Goreng untuk menggoreng","Siapkan semua bahan, ayam segar wajib masuk Freezer minimal 1jam untuk hasil yang lebih kenyal dan adonannya juga tdk terlalu lembek.,Masukan semua bahan kecuali maizena dan minyak goreng, giling sampai halus.

Note : Sebaiknya bawang bombai dan bawang putih dihaluskan terlebih dahulu untuk hasil akhir yang lebih padat (tidak rongga),Setelah halus masukan minyak goreng dan maizena haluskan kembali, pastikan adonan benar-benar halus.,Tuang ke dalam Loyang/mangkuk tahan panas yang seluruh bagian sudah diolesi minyak dan dialasi baking papper bagian dasarnya saja. Padatkan dengan cara ditekan dengan sencok atau spatula.,Panaskan kukusan, kalau sdh mendidih masukan luncheon dan kukus selama 30 menit. Setelah itu angkat keluarkan dr cetakan, biarkan suhu ruang/set baru di iris sesuai selera. Iris sesuai selera.,Bisa dimakan langsung atau dipan dengan minyak/margarin Rose Brand."
ayam,https://cookpad.com/id/resep/25001873,Chicken Pepperoni Sayur,"500 gr Daging dada ayam + lemak,100 gr Sawi hijau,25 ml Air,3 butir Bawang putih,67 gr Putih telur,15 gr Garam,35 gr Gula,1 sdt Kaldu bubuk,1/2 sdt Lada hitam,1 sdt Merica bubuk,25 ml Minyak goreng,75 gr Tepung tapioka","Potong kecil daging ayam, rebus sebentar sawi hijau. Masukkan daging, sawi hijau rebus, bawang putih, garam, gula, merica, lada hitam, putih telur, dan air ke chopper.,Tambahkan tepung tapioka dan minyak goreng, chopper lagi hingga rata.,Bagi adonan jadi 3, gulung di plastik, ikat ujungnya. Kukus 20 menit dengan api sedang, angkat dan tiriskan.,Tunggu dingin, potong sesuai selera. Simpan dalam wadah tertutup dan taruh di freezer.,Beberapa aq goreng pake tepung panir dan buat isian sandwich bekalnya bocil 😅"
ayam,https://cookpad.com/id/resep/25025975,Ayam Kipas Rumahan,"4 paha ayam,5 siung bawang merah,5 siung bawang putih,Sejempol jahe,2 sdt ketumbar,1 sdt garam,2 sdt bubuk paprika,2 sdt bubuk kunyit,2 sdt kaldu ayam,6 lembar daun jeruk purut,1 butir telur,2 sdt perasan jeruk nipis,1 sdt baking powder,2 sdm tepung tapioka,2 sdm tepung beras","Bentuk paha ayam hingga menyerupai kipas (saya pakai gunting dapur lebih mudah),Haluskan semua bumbu,Lumuri ayam dengan bumbu halus taburi dengan perasan jeruk dan dan daun jeruk,Lumuri sampai merata lalu diamkan kurang lebih 2 jam,Setelah 2 jam lumuri dengan tepung tapioka tepung beras serta telur,Goreng hingga matang sajikan"
ayam,https://cookpad.com/id/resep/25024535,Sosis Homemade Chicken Bratwurst,"650 gr fillet paha ayam (me : beli yg sdh di giling),50 gr lemak ayam,50 gr putih telur,190 gr air es/ es serut,5 gr baking powder double acting,50 gr Tapioka,25 gr Gula Rose Brand,1/2 sdt micin (me..skip),20 gr garam,1 sdm Smoke powder,1 sdt garlic powder,1 sdt onion powder,1 sdt angkak powder,1,5 sdt bumbu bockwurst,1 sdt parsley kering,1 pcs selongsong diameter 23,55mm,1 gulung benang wol putih potong uk 7 cm","Siapkan semua bahan yang diperlukan. Disini saya menggunakan daging paha ayam yg sdh di giling dengan kulit dan lemak. Ketika daging sdh mencair saya giling lagi daging dengan es batu dan putih telur.,Setelah adonan daging halus tambahkan semua bumbu dan aduk rata. Terakhir masukan tepung Tapioka dan baking powder aduk rata. Bila adonan daging sdh rata dan mengental..masukan ke dlm piping bag.,Siapkan selongsong gunting jadi 2 bagian kemudian masukan piping bag yg ujung nya sdh digunting kemudian tekan agar daging keluar dan secara otomatis selongsong akan memanjang terisi daging. (maaf tidak ada fotonya krn mengerjakan sendirian). Usahakan jgn sampai pengisian daging terputus spy tidak ada udara di dlm nya.,Bila semua daging sdh masuk selongsong...pipihkan rata dan ikat dengan tali sesuai panjang sosis yg di ingin kan. Setelah di ikat pasti kan lagi tidak ada udara dlm selongsong dengan cara menusuk dengan jarum secara acak. Bila saat di urut atau di rata kan hingga pipih ternyata selongsong menggembung segera tusuk bagian itu sambil di tekan perlahan sampai udara keluar dan tidak gembung.,Didihkan air hanya sampai dasar air terdapat gelembung (jgn terlampau panas mendidih) kemudian masukan selongsong dan atur agar sosis tidak ada yg saling menimpa. Rebus selama 15 menit.,Sambil menunggu rebusan siapkan air es di wadah. Jika sdh me rebus selama 15 menit angkat dan langsung masukan ke wadah berisi air es kurleb 1 menit kemudian angkat dan tiriskan.,Jika sosis sdh mencapai suhu ruang Letakan sosis ke loyang yg sdh di beri kertas baking dan panggang di oven dengan suhu 60-100 derajat selama 15-20 menit agar kulit nya me nyatu dengan sosis dan agar tahan lama. Sesuaikan dengan oven masing2 ya..karena di saya suhu 120 baru berhasil. Jangan lupa di balik spy dua sisi sosis me nyatu dengan kulitnya.,Jika sdh selesai di panggang... keluar kan sosis dr oven dan tunggu hingga dingin. Sosis dpt di simpan di wadah kedap udara dan masukan ke freezer. Bila Ingin disantap bisa di goreng terlebih dahulu. Sosis juga bisa langsung dimakan krn sdh matang."
ayam,https://cookpad.com/id/resep/25024764,Bakso Ayam Wortel Buncis,"500 gram fillet dada ayam,2 sdm bawang merah goreng,2 siung bawang putih,1 buah wortel diiris tipis/ diparut,7 buah buncis,2 sdt kaldu bubuk,5 sdm tepung tapioka,1/2 sdt garam,1 sdt merica bubuk,1 sdt saus tiram","Chopper ayam, wortel, buncis, bawang putih, bawang merah goreng. Masukkan juga kaldu bubuk, garam, lada bubuk dan saos tiram. Jika adonan sudah tercampur, pindahkan ke wadah yang agak besar.,Kemudian tambahkan tepung tapioka. Aduk sampai adonan bisa dibentuk.,Didihkan air dipanci.Kemudian bentuk adonan bulat2. Lalu direbus. Rebus hingga bakso matang (bakso naik / mengapung dipermukaan tanda sudah matang),Dan bakso ayam wortel buncis siap dinikmati. Bisa dikreasikan untuk berbagai masakan. Atau untuk camilan dicocol dengan saos sambal. Enak dan sehat tentunya"
ayam,https://cookpad.com/id/resep/25024767,Kangkung Ayam Tauge,"250 gr ayam, potong,1 ikat kangkung, siangi,Segenggam tauge,3 siung bawang putih,7 siung bawang merah,3 buah cabe merah besar,5 buah cabe rawit,1 buah tomat merah potong,secukupnya Terasi,secukupnya Saus tiram,secukupnya Gula garam dan kaldu bubuk,secukupnya Air","Tumis bumbu halus hingga harum,Masukkan ayam aduk rata hingga berubah warna,Tambahkan air secukupnya,Masukkan saus tiram gula garam dan kaldu bubuk secukupnya,Koreksi rasa,Masukkan kangkung tauge dan tomat aduk rata,Masak sebentar agar tekstur tetap renyah,Angkat dan sajikan"
ayam,https://cookpad.com/id/resep/25024638,Homemade Chicken Luncheon,"500 gr paha ayam fillet,60 gr putih telur,50 gr bawang putih,85 gr bawang bombay,1,5 sdt angkak powder (saya pakai 1 sdt pewarna makanan merah tua),1/2 sdt lada bubuk,3/4 sdt garam,1 sdm kecap asin,1 sdm kecap ikan,1/2 sdt penyedap,2 sdt gula pasir,80 ml minyak goreng,80 gr maizena Rose Brand","Bersihkan paha ayam, potong kecil-kecil. Kemudian masukkan ke dalam freezer selama 30 menit. Kemudian masukkan paha ayam fillet ke dalam Chopper bersama putih telur, semua bawang, kecap asin, kecap ikan, garam, penyedap, lada bubuk, dan angkak powder (pewarna makanan). Kemudian haluskan hingga tekstur nya lembut dan halus.,Kemudian masukkan minyak goreng, dan maizena Rose Brand, Chopper hingga rata.,Panaskan kukusan. Olesi loyang dengan sedikit minyak goreng, alasi dasar loyang dengan baking paper. Tuangkan adonan. Kukus selama 30 menit.,Setelah matang, biarkan hingga dingin suhu ruang dan set, lalu potong-potong sesuai selera. Kemudian masukkan ke dalam wadah kedap udara, kemudian simpan di freezer."
ayam,https://cookpad.com/id/resep/25024871,Mie ayam baso bumbu medok simple,"4 keping Mie telur rebus sampai aldente, sisihkan. (saya beli jadi biar praktis mie telurnya, merk bebas), Bahan ayam kecap :,500 gr daging ayam fillet bagian dada &amp; paha potong dadu (saya pakai tanpa kulit karna kulitnya di pakai untuk campuran minyak bawang),2 butir kemiri,5 siung bamer,4 siung baput,2 sdm kecap manis,1 sdm saus tiram,3 sdm minyak untuk campuran saat chopper bumbu (jadi pas numis gak perlu di tambah minyak lagi),1 sdt kaldu jamur &amp; garam,1/4 sdt merica bubuk,2 sdm gula pasir (optional sesuaikan selera ya),1 lembar daun jeruk,150 ml air, Bahan untuk minyak bawang :,5 siung baput cincang kasar (chopper kasar),100 ml minyak sayur,50-100 gr kulit ayam,50 ml air, Bahan pelengkap untuk topping :,Secukupnya Minyak wijen,Secukupnya Kulit pangsit di potong kotak kemudian di goreng &amp; sisihkan,Secukupnya baso sapi (boleh di skip kalau tidak ada stok),Secukupnya pakcoy atau sawi biasa. Rebus dan sisihkan,Secukupnya Timun acar (saya ga pake karna gak punya stok timun),Secukupnya Saus sambal, saus tomat, kecap manis, bawang goreng, wijen sangrai, Bahan kuah :,200 gr tulang ayam sisa untuk ayam kecap (jadi pas fillet jangan di buang ya tulangnya),500 ml air,1 sdt kaldu bubuk","Langkah pertama kita buat minyak bawang.,Ambil kulit ayam, beri air. Masak di teflon sampai air memgering. Masak terus sampai kulit mulai mengeluarkan minyak.,Tambahkan minyak goreng. Goreng terus sampai kulit ayam kering dan krispi. Angkat dan sisihkan kulitnya.,Minyak yang masih panas tuang bawang putih cincang. Aduk2 masak terus dengan menggunakan api kecil. Hati2 ya jangan sampai gosong biar tidak pahit. Matikan api saat bawang mulai kecoklatan. Sisihkan,Bahan ayam kecap :,Haluskan semua bumbu kecuali daun jeruk ya.,Tumis bumbu sampai tanak dan pecah minyak.,Masukkan potongan daging ayam. Aduk balik sampai ayam terbaluri bumbu.,Tambahkan gula,garam,kaldu jamur, merica bubuk, saus tiram, kecap manis & daun jeruk. Aduk rata.,Tambahkan air. Aduk sesekali dan Masak sampai air menyusut dan mengental.Test rasa ya. Matikan api.,Kuah mie ayam :,Rebus air sampai mendidih. Masukkan potongan tulang ayam. Masak terus sampai mengeluarkan buih. Ambil dan buang buih2 kotoran di permukaan air. Lakukan sampai buihnya habis.,Rebus terus tulang ayam sampai keluar kaldu ayamnya (biasanya keluar minyak lemak ayamnya),Tambahkan kaldu bubuk, aduk rata. Test rasa. Matikan api,Saatnya plating.,Ambil mangkuk.,Tambahkan 1 sdm minyak bawang + secubit kaldu jamur & 1 sdt minyak wijen.,Masukkan mie telur ke dalam mangkuk. Aduk rata agar tercampur dengan minyak bawang.,Tambahkan topping ayam kecap di bagian tengah. Beri pakcoy rebus, baso, dan pangsit goreng.,Beri taburan wijen sangrai / bawang goreng.,Ambil mangkuk kecil isi dengan kuah mie ayam. Taburi bawang daun/ bawang goreng,Mie ayam siap di sajikan. Selamat mencoba,Enjoy it... Happy cooking & happy recook 😉"
ayam,https://cookpad.com/id/resep/25021822,Mix Platter (Chicken Nori Roll),"400 gr fillet paha ayam,4 siung bawang putih,4 sdm kecap asin,1 sdm saus tiram,1 sdm minyak wijen,1 butir putih telur,3 sdt kaldu jamur,2 sdm tepung tapioka,1 sdt lada bubuk,1 buah wortel parut,1 batang daun bawang iris halus,Secukupnya nori untuk membungkus,3 sdm tepung terigu,1 sdm maizena,80-100 ml air,5 sdm mayonaise,1 butir telur, rebus, kupas cincang halus,1/2 buah bawang bombay uk.kecil, cincang halus,1/4 sdt oregano","Blender ayam, putih telur, tepung tapioka dan semua bumbu2 hingga lembut dan tercampur rata.,Siapkan wortel parut dan daun bawang yang sudah di iris halus. Campurkan ke dalam adonan ayam. aduk rata. koreksi rasa. pastikan asinnya sudah pas yaa..,Siapkan plastik segitiga. masukan adonan ayam ke dalam plastik, potong ujungnya sedikit.. siapkan 1lembar nori, lalu bagi 2 sama besar. (kalau mau pakai 1nori 1gulungan jg boleh yaa, sesuai selera). isikan adonan ayam diatas nori, lalu gulung. rekatkan ujung nori menggunakan air. lakukan hingga adonan habis.,Potong kecil nori menjadi 4 bagian (sesuai selera), Siapkan larutan pelapis. celupkan nori ke dalam bahan pelapis, lalu goreng hingga matang. tiriskan.,Tartar saus : campur semua bahan, aduk rata.,Sajikan bersama kentang goreng, salad sayur dan lainnya, sesuai selera 😋 ||"
ayam,https://cookpad.com/id/resep/14098749,Chiken katsu saos asam manis,"6 sendok tepung terigu,1/4 kg ayam, merica, garam, kaldu ayam, bawang putih bubuk,1 ekor telur, tepung panir/tepung roti, wortel, kubis (kol), garam, gula,5 sendok cuka,150 ml air","Potong ayam fillet sesuai selera lalu geprek (pukul pukul) lalu taburi garam dan merica hingga rata dan biarkan hingga meresap kurang lebih 10 menit,Masukkan merica, kaldu, bawang putih bubuk pada tepung dan aduk rata,Pecahkan telur dan kocok lepas,Masukkan ayam pada tepung ratakan lalu lanjutkan masukkan ke telur ratakan baru pindahkan ke tepung roti rata kan dan siap digoreng,Goreng hingga matang dan siap disajikan,Potong potong wortel dan kubis sesuai selera"
ayam,https://cookpad.com/id/resep/25018367,Ayam bakar manis,"1/2 kg ayam,4 butir kemiri,10 siung bawang merah,5 siung bawang putih,5 cabe keriting,2 cabe setan,1 ruas jari jahe,1 ukuran telunjuk kunyit,1 sereh,Secukupnya asam jawa,Secukupnya kecap manis,Secukupnya garam,Secukupnya gula putih,Secukupnya Royco,1/4 bagian kaldu blok,3 lembar daun jeruk,2 lembar daun salam,1/4 butir jeruk,Secukupnya kecap manis,Secukupnya gula merah,Secukupnya asam jawa","Cuci bersih ayam, tiriskan, dan beri perasan jeruk nipis dan sedikit garam.,Blender kemiri. Kemudian blender sereh (potong2 dahulu), jahe, kunyit hingga halus. Masukkan duo bawang, dan cabe2an. Blender hingga halus.,Siapkan minyak, tumis bumbu halus. Masukkan garam, gula merah dan putih, royco, kaldu blok, dan daun2an.,Jika sudah agak kering, matikan kompor, masukkan ayam aduk rata beri kecap. biarkan sekitar 20 menit,Nyalakan kompor, masukkan air asam. Kemudian tutup. Sambil sesekali diaduk dan koreksi rasa. Rebus hingga keluar minyak.,Panggang ayam d teflon, dan oles dengan sisa bumbu ungkep tadi,Ayam bakar siao disantap dengan sambalnya."
ayam,https://cookpad.com/id/resep/25002487,Ayam Goreng Serundeng,"1 ekor ayam (potong 10),1 buah jeruk nipis,100 gr kelapa parut,1 bungkus bumbu ayam ungkep yg sudah dihaluskan,Secukupnya air,Secukupnya garam,1 sdt penyedap rasa,6 buah bawang putih, iris tipis,1 sdt gula aren,Secukupnya minyak goreng,2 lbr daun jeruk,2 lbr daun salam,1 lbr daun pandan,1 batang serai, geprek","Cuci ayam hingga bersih, beri jeruk nipis. Diamkan selama 10 menit. Tumis bumbu ayam ungkep halus, tambahkan bumbu aromatik, tumis hingga harum. Tambahkan potongan ayam. Aduk hingga bumbu tercampur rata.,Beri air hingga ayam terendam. Tambahkan garam. Masak hingga air menyusut. Kemudian tambahkan kelapa parut. Lalu tambahkan penyedap rasa. Masak hingga bumbu menyerap kedalam kelapa parut,Kemudian angkat ayam dari bumbu kelapa parut. Sisihkan. Masukan gula aren kedalam bumbu kelapa parut, aduk rata. Angkat bumbu kelapa parut, peras airnya.,Goreng bumbu kelapa hingga warna keemasan. Tiriskan bumbu kelapa hingga kering,Goreng ayam hingga warnanya keemasan. Goreng bawang putih hingga warna keemasan. Angkat dan tiriskan. Taruh potongan ayam didalam wadah, taburi dengan kelapa serundeng dan bawang putih goreng. Ayam goreng serundeng siap dihidangkan."
ayam,https://cookpad.com/id/resep/25026741,Chicken Peperoni ala Mbak Nurul Art,"350 gr dada Ayam,150 gr paha ayam,2 butir putih telur,15 gr garam,15 ml minyak,50 gr tepung tapioka,20 gr gula pasir,3 SDM cabe kering kasar, Bahan bumbu:,1 sdt red paprika powder,1/2 sdt lada hitam bubuk,1 sdt bubuk bawang putih,1/2 sdt oregano,1 sdt angkak,1 sdt bumbu smoked, Bahan pembungkus daging:,4 buah Aku loyang muffin, Baking paper,Plastik wrap","Notes: setiap bikin makanan dr daging yang membutuhkan kekenyalan usahakan Simpan ayam didalam freezer terlebih dahulu -+1jam sebelum dihaluskan agar lebih kenyal.Lemak ayam bisa di dapatkan dari ayam bagian paha dibawah kulit. Saya punya sudah giling jadi.,Masukan Ayam dan semua bumbu kecuali minyak dan tapioka lalu haluskan, setelah itu masukan minyak dan tapioka, galuskan lagi sampai benar² lembut. Saya karena ayam sudah giling jadi, saya jadinya hanya memasukkan bumbu-bumbu,tepung dan lainnya.,Teksturnya seperti lengket dan kental,siapkan plastik wrap/baking papper/daun pisang, tata memanjang lalu rapihkan. Aku taruh di loyang muffin.Setelah itu gulung sampai membentuk tabung, (jika menggunakan plastik wrap atau baking paper,aku hanya memasukkan ke dalam loyang muffin lalu aku ratakan)panaskan kukusan sebelumnya.,Lalu kukus selama 30 menit.,Untuk mengurangi kelembapan biar lebih awet disimpan, setelah matang angkat dan biarkan dingin, kupas kemasannya lalu oven selama 20-30 menit di suhu 100°c. Iris tipis pepperoni dan siap di jadikan stock olahan seperti pizza, tumis, isian roti dll"
ayam,https://cookpad.com/id/resep/25026828,Chicken Pepperoni,"500 gr Dada ayam fillet,60 gr Putih Telur,15 gr Garam,20 gr Gula Rose Brand,50 gr Tapioka Rose Brand,15 ml Minyak Goreng Rose Brand,1 sdt Micin Asatu dari Rose brand(Kaldu Bubuk 2sdt/10gr),1 sdm Cabe Kering kasar,2 sdm cabai bubuk halus, Seasoning :,2 sdt smoked paprika,1/2 sdt Black Pepper Powder,1 sdt Garlic Powder,1 sdt Angkak Powder,1/2 sdt mix herbs (optional), Bahan Tambahan :,Plastik Wrap/Baking papper","Masukan Ayam dan semua bumbu kecuali minyak dan tapioka lalu haluskan, setelah itu masukan minyak dan tapioka, galuskan lagi sampai benar² lembut.,Siapkan plastik wrap/baking papper/daun pisang, tata memanjang lalu rapihkan,Setelah itu gulung sampai membentuk tabung, panaskan kukusan sebelumnya, kukus selama 30 menit.,Untuk mengurangi kelembapan biar lebih awet disimpan, setelah matang angkat dan biarkan dingin, kupas kemasannya lalu oven selama 20-30 menit di suhu 100°c. Iris tipis pepperoni dan siap di jadikan stock olahan seperti pizza, tumis, isian roti dll"
ayam,https://cookpad.com/id/resep/25025799,319. Homemade Chicken Pepperoni,"350 gr dada ayam,150 gr paha ayam,60 gr putih telur,15 gr garam,20 gr gula,50 gr Tapioka ROSE BRAND,15 ml minyak goreng ROSE BRAND,1 sdt micin / kaldu bubuk 2 sdt (10 gr),3 sdm cabe kering kasar,1 sdt red paprika powder,1/2 sdt blackpaper powder,1 sdt garlic powder,1 sdt angkak powder (saya skip),1 sdt smoked powder,1/2 sdt oregano (optional),Plastik wrap/daun pisang/alumunium foil","Siapkan bahan-bahannya. 
📝 Setiap mengolah makanan dari daging yang membutuhkan kekenyalan, usahakan simpan ayam di dalam freezer terlebih dahulu -+1 jam sebelum dihaluskan agar lebih kenyal.,Masukkan ayam dan semua bumbu (kecuali minyak dan tepung tapioka), lalu haluskan. Setelah itu masukkan minyak dan tepung tapioka, haluskan lagi sampai benar-benar lembut dan halus.,Siapkan plastik wrap/daun pisang/alumunium foil. Letakkan adonan di atasnya. Tata memanjang, lalu rapikan. Setelah itu gulung sampai membentuk tabung, lalu kunci bagian samping kanan dan kirinya.,Panaskan kukusan terlebih dulu. Masukkan adonan ketika air sudah mendidih. Lalu kukus selama -+30 menit. Setelah matang, angkat dan biarkan dingin.,Preheat oven di suhu 100°C. Kemudian kupas kemasannya lalu oven selama 20-30 menit di suhu 100°C. 
📝 Step ini untuk mengurangi kelembapan agar lebih awet ketika disimpan.,Iris tipis pepperoni dan siap dijadikan stok untuk olahan seperti toping pizza, tumisan, isian roti, dll."
ayam,https://cookpad.com/id/resep/25011377,Sosis Ayam Bratwurst,"700 gr Paha Ayam Fillet,190 gr Air Es,50 gr Putih Telur,5 gr Baking Powder Double Acting,50 gr Tapioka Cap Pak Tani Gunung,25 gr / 2,5 sdm Gula halus Rose Brand,20 gr / 1 sdm Garam,1 sdt / 3,5 gr Kaldu jamur,35 gr Bawang Putih,55 gr Bawang Merah,1 sdm Minyak goreng Rose Brand,1 sdm / 10 gr Smoked powder,1 sdt / 5 gr Angkak powder,1,5 sdt / 4 gr Bumbu Bratwurst,1 sdt / 3 gr Oregano kering,1 pcs Selongsong Sosis Collagen diameter 23 mm,1 gulung benang katun rajut","Siapkan bahan dan alatnya,Haluskan Bawang merah dan putih, tumis dgn 1 sdm minyak goreng Rose Brand.,Potong fillet ayam. Haluskan dgn air es.,Campur adonan ayam dgn semua bahan, bumbu tumis dan bumbu halus. Aduk rata dengan spatula.,Tambahkan Tepung tapioka dan baking powder, aduk rata.,Masukkan adonan kedalam alat sosis. Pasang slongsong dan ikat ujung slongsong pada alat.,Isi alat dgn adonan, tekan alat dan dan ratakan. Isi jangan terlalu padat hanya 1/2 tebal slongsong. Ikat setiap 13 cm, untuk yg besar. 8 cm untuk sosis kecil.,Didihkan air 80°C, rebus sosis 20 menit, sampai matang.,Pindahkan kedalam air es sebentar.,Tiriskan dan oven 100°C selama 20 menit.,Dinginkan sosis pada suhu ruang.,Gunting slongsong sosis dan buang talinya. Panjang sosis menyusut jadi 10 cm (sosis besar) dan 6 cm (sosis kecil),Goreng sosis dengan sedikit minyak di frypan, dan sajikan."
ayam,https://cookpad.com/id/resep/25023774,Chicken Luncheon Homemade,"500 gr paha ayam,60 gr putih telur,50 gr bawang putih, haluskan,85 gr bawang bombay, haluskan,1,5 sdt angkak,1/2 sdt merica bubuk,3/4 sdt garam,1 sdm kecap asin (saya ganti saus tiram),1 sdm kecap ikan,1/2 sdt micin,2 sdt gula pasir,80 ml minyak goreng,80 gr tepung maizena Rose Brand,Secukupnya minyak goreng untuk menggoreng","Siapkan bahan,Campur semua bahan jadi satu kecuali tepung maizena dan minyak goreng ➡️ haluskan.,Tambahkan tepung maizena Rose Brand dan minyak goreng, aduk rata.,Panaskan sedikit minyak, goreng adonan luncheon untuk tes rasa.,Setelah rasa pas, pindahkan adonan ke dalam wadah yang sudah diolesi minyak goreng dan dialasi baking paper. Ratakan.

Kukus selama 30 menit (panaskan kukusan terlebih dahulu).,Setelah matang keluarkan luncheon dari cetakan, tunggu dingin baru dipotong-potong sesuai selera.

Selamat mencoba"
ayam,https://cookpad.com/id/resep/25021678,Siomay ayam,"500 gr paha ayam fillet,100 gr kulit ayam,100 gr labu Siam yang sudah diparut dan diperas,4 siung bawang putih, goreng sebentar,2 batang daun bawang, ditumis sebentar,2 sdm kecap ikan,1/2 sdt lada bubuk,1 sdm gula pasir,1 sdt kaldu bubuk,1 sdt garam,2 butir telur,250 gr tepung tapioka,50 gr tepung terigu,250 gr kacang tanah goreng,15 buah cabe merah keriting,5 buah cabe rawit merah,10 siung bawang merah,7 siung bawang putih,50 gr gula merah,3 sdm kecap manis,Secukupnya air,Secukupnya garam,Secukupnya minyak goreng,10 buah tahu putih,3 buah pare,3 buah kentang,12 lembar kol","Siapkan paha ayam fillet, kulit ayam dan labu siam yang sudah diparut serta diperas, lalu masukkan semua bahan kedalam chopper.,Tambahkan bawang putih goreng, daun bawang dan labu siam, lalu chopper hingga halus, karena banyak saya pindah ke wadah lain, tambahkan telur, garam, kaldu bubuk, lada bubuk dan gula pasir.,Aduk hingga rata, tambahkan tepung tapioka dan tepung terigu, aduk rata.,Cetak siomay dengan menggunakan 2 buah sendok lalu kukus selama 20 menit. Beri isiian ditengah tahu, pare dan kentang, untuk kol dicelupkan kedalam air mendidih, angkat lalu tumbuk 2 lembar kol, kemudian gulung lalu rapihkan bagian sisinya. Lalu kukus kubis, kentang, tahu dan pare selama 20 menit.,Tumis cabe merah, cabe rawit, bawang merah dan bawang putih lalu haluskan, lalu masukkan kedalam wajan, tambahkan kacang tanah goreng yang sudah dihaluskan. Tambahkan garam, gula merah, kecap manis dan air secukupnya.,Masak hingga mengental, angkat. Sajikan siomay dengan ditambahkan jeruk limau, saus sambal dan kecap manis."
ayam,https://cookpad.com/id/resep/25023712,Quiche Chicken Pepperoni Homemade,"350 gr fillet dada ayam,150 gr fillet paha ayam,60 gr putih telur,50 gr tapioka Rose Brand,20 gr gula Rose Brand,15 gr garam,15 ml minyak goreng,1 sdt kaldu bubuk,3 sdm cabe kering kasar (me 1 sdt cabe bubuk),1 sdt red paprika powder,1 sdt garlic powder,1/2 sdt black pepper powder,1 sdt angkak powder,1 sdt smoked powder,1/2 sdt oregano,Secukupnya plastik wrap/aluminium foil,175 gr tepung terigu,100 gr butter beku,1 kuning telur,5 sdm air es,Sejumput garam,1 gulung chicken pepperoni,Segenggam bayam brazil,5 jamur champignon,1/2 bawang bombay,200 ml susu cair (bisa mix 100ml susu + 100ml cooking cream),50 gr keju oles,1 butir telur utuh + 1 butir kuning telur,1/4 sdt lada,1/4 sdt pala,1/4 sdt garam,1 sdt gula Rose brand,1 sdm margarin untuk menumis,Sejumput oregano,Secukupnya parsley","Siapkan bahan untuk membuat chicken pepperoni dan quiche,Pertama kita buat chicken pepperoninya dulu, masukkan semua bahan kecuali tapioka dan minyak, blender kemudian masukkan tapioka dan minyak blender lagi,Siapkan aluminium foil, adonan saya bagi 3 biar diameternya tidak terlalu besar, kalau mau dibagi 2 juga bisa sesuai selera. Taruh 1 bagian adonan di atas foil, gulung dan rapikan,Panaskan panci kukus kemudian kukus adonan hingga matang. Setelah matang buka aluminium foilnya kemudian panggang 20 menit dengan suhu 100 °C untuk mengurangi kelembaban agar bisa tahan lama kalau disimpan. Setelah dioven iris2 pepperoni, siap digunakan,Untuk membuat quiche siapkan tepung dan butter beku di mangkuk/wadah, aduk dengan sendok hingga bergeeindil,Masukkan kuning telur, aduk rata, tambahkan air es secara bertahap kalau adonan sudah set jangan ditambah air lagi,Siapkan cetakan pie/quice, saya pakai ukuran diameter 10cm, bagi adonan 4 bagian taruh di cetakan dan rapikan kemudian tusuk2 dengan garpu, pangang 10 menit di suhu 150-175 °C sesuai oven masing2,Sambil menunggu kulit dipanggang tumis bawang bombay jamur dan bayam brazil hinga sedikit layu, sisihkan,Di wadah lain kocok lepas telur, lada, pala, oregano, garam dan gula, kemudian masukkan susu cair dan keju aduk rata,Keluarkan kulit dari oven, masukkan tumisan bawang bombay, jamur, bayam dan chicken pepperoni, tuang campuran susu, taburi parsley, panggang hingga matang di suhu 200 °C api atas bawah,Setelah matang siap disajikan"
ayam,https://cookpad.com/id/resep/25022551,Chicken Pepperoni (homemade),"350 g dada ayam, fillet,150 g paha ayam, fillet,60 g putih telur,20 g gula pasir Rose Brand,15 g garam,3 sdm cabe kering kasar,1 sdt micin Asatu Rose Brand,50 g tepung tapioka Rose Brand,15 ml minyak goreng Rose Brand,1 sdt paprika powder,1 sdt garlic powder,1 sdt smoke powder,1 sdt angkak powder,1/2 sdt blackpaper powder,1/2 sdt oregano kering","Sebaiknya ayam disimpan dlm freezer selama minimal 1 jam terlebih dahulu agar tekstur adonan kenyal. Cus.. Dlm cooper masukkan bahan A dan seasoning, lalu haluskan.,Setelah itu masukkan bahan B. Haluskan kembali hingga benar² halus,Siapkan baking paper/plastik warp/daun pisang dan sejenisnya. Ambil beberapa sdm adonan (sesuai selera). Tata, lalu gulung dan padatkan. Ulangi hingga adonan habis. Saya menjadi 3 lonjor.,Panaskan kukusan. Kukus adonan selama ±30 menit. Angkat dan biarkan dingin suhu ruang,Ambil bungkus nya. Setelah itu panggang selama ±30 menit dg suhu 100°C api atas bawah. Biarkan dingin, siap dipotong², diolah, maupun dikonsumsi."
ayam,https://cookpad.com/id/resep/25023740,Homemade Sosis / Chicken Bratwurst,"350 g paha ayam,450 g dada ayam,50 g lemak ayam,5 g double aktive baking powder,50 g tapioka Rose Brand,290 g air es,Secukupnya garam, kaldu,1 sdm munjung smoked powder,1 sdt garlic powder,1 sdt onion powder,1 sdt italian herb/ parsley kering,4 lembar piping bag, Selongsong sosis collagen","Siapkan bahan,Giling ayam, lemak dan air es dan putih telur.,Lalu berikan perbumbuan,Setelah itu aduk rata.,Beri baking powder dan tepung tapioka Rose Brand lalu aduk rata,Masukkan piping bag dan siapkan selongsong,Masukan adonan kedalam selongsong dengan bantuan piping bag. Cara memasukkannya tekan perlahan adonan dalam piping bag didalam lubang selongsong. Nanti akan memanjang sendiri.,Setelah itu, urusan sosis dengan dipijat untuk merasakan adonan.,Kemudian ikan sosis sesuai selera antara 4-13 cm per ikatan.,Panaskan air cukup sampai berbuih bersuhu 75°. Jika terlalu lama/ panas akan pecah. Rebus kisaran 15-20 menit. Jika mengapung dan kenyal tandanya sidang matang.,Angkat langsung masukkan kedalam air es. Setelah itu tiriskan kemudian oven 60° kisaran 5-10 menit.,Sajikan"
ayam,https://cookpad.com/id/resep/25017880,Homemade chicken luncheon,"500 gr paha ayam fillet,60 gr putih telur,50 gr bawang putih parut halus,85 gr bawang Bombay, haluskan,1 1/2 sdt angkak powder,1/2 sdt merica bubuk,3/4 sdt garam,1 sdm kecap asin,1 sdm kecap ikan,1/2 sdt micin,2 sdt gula rose brand,80 ml minyak goreng,80 gr tepung maizena rose brand,1 s/d 2 sdm minyak goreng utk menumis","Masukkan semua bahan kecuali maizena dan minyak goreng. Giling hingga halus.,Setelah halus masukkan maizena da minyak. Ratakan, laku chopper lagi 30 detik.,Koreksi rasa. Masukkan ke loyang yg SDH diolesi minyak dan dialasi baking powder. Padatkan dengan sara ditekan menggunakan sendok,Panaskan kukusan hingga mendidih. Masukkan luncheon kukus selama 30 menit. Angkat dan dinginkan,Setelah dingin potong2, kalau mau disimpan, tinggalkan masukkan ke wadah. Bila ingin dimakan, bisa lgs dimakan atau di pan dulu. Sajikan"
ayam,https://cookpad.com/id/resep/25023835,Siomay Ayam Goreng Sayur,"200 g ayam fillet,100 g tepung tapioka","Potong ayam kecil 2, masukkan juga baput dan daun bawang lalu chopper,Tambahkan tepung tapioka,telur,saus tiram,lada bubuk,kaldu bubuk,gulpas dan garam chopper kembali sampai halus,Pindahkan adonan kewaskom masukkan juga semua bahan sayur aduk rata,Lalu msukkan pada kulit pangsit hingga bahan habis lalu kukus selama 20 menit,Goreng pada minyak panas dg api kecil sampai kuning kecoklatan,Siomay Ayam Goreng Sayur siap dinikmati dengan saus tomat dan sambal botol"
ayam,https://cookpad.com/id/resep/25011652,Sosis Ayam Lada Hitam,"650 gr Fillet Paha Ayam,50 gr Lemak Ayam,50 gr Putih Telur,190 gr Air Es/es serut,5 gr Baking Powder Double Acting,50 gr Tapioka Rose Brand,25 gr Gula Rose Brand,2 sdt kaldu bubuk,20 gr Garam, Seasoning:,1 sdm Smoked Powder,1 sdt Garlic Powder,1 sdt Onion Powder,1 sdt Angkak Powder,1,5 sdt Bumbu Bradwurst,1 sdt Pasrsley Kering (opsional),2 sdm lada hitam butiran, Bahan Tambahan:, Selongsong sosis kolagen, Tali dadung","Siapkan bahan-bahan. Jangan lupa berdoa supaya hasilnya maksimal dan enak. Tumbuk kasar lada hitam dan sisikan dahulu. Usahakan ayam masukkan dulu ke dalam freezer selama 1 jam agar sosisnya kenyal maksimal,Chopper ayam fillet hingga halus lalu tambahkan bumbu dan chopper kembali. Tambahkan tepung tapioka dan air. Adobe hingga tercampur rata,Tambahkan tumbukan lada hitam. Aduh kembali. Siapkan selongsong sosis collagen lalu isi dengan adonan.,Pipihkan adonan lalu ukur setiap 15 cm dan ikat dengan tali. Isi sosisnya jangan terlalu penuh nanti khawatir pecah. Dan rebus sosis dengan suhu 75 derajat celcius selama 15 sampai 20 menit. Gunakan api sedang cenderung kecil karena jika terlalu besar kulit sosis akan pecah. Setelah matang lalu dinginkan. Untuk mengurangi kelembaban sosis bisa di oven atau di air fryer dengan suhu 100 derajat selama 15 menit,Simpan sosis di tempat kedap udara dan masukkan ke freezer untuk daya tahan lebih lama. Ataupun bisa langsung digoreng dan dimakan"
ayam,https://cookpad.com/id/resep/25021876,Sosis Chicken Bratwurst Homemade,"650 g Ayam paha fillet,50 gr Lemak ayam atau kulitnya,50 gr Putih telur,190 gr Air es atau es batu serut,5 gr Baking powder Doble action,50 gr Tepung tapioka Rose brand,25 gr Gula pasir Rose Brand,1/2 sdt Micin Asatu Rose brand,20 gr Garam,1,5 sdt Bradwurst bubuk,1 sdt Onion bubuk,1 sdt Angkak powder,1 sdm Smoked powder,1 sdt Garlic powder,1 sdt Parsley cincang kering,secukupnya Selongsong kolagen ukuran 23,3,1 roll Benang woll putih","Giling ayam paha fillet dan lemak hingga halus.,Campur semua bahan dan seasoning kecuali tepung tapioka dan baking powder,Aduk rata dan tambahkan tepung tapioka dan baking powder, aduk sampai tercampur rata.,Kemudian masukkan ke dalam plastik segitiga. Ambil selongsong sosis kolagen, potong dibagian tengah,Setelah terisi ujung selongsong ikat dengan benang wol, dan ratakan adonan sambil diurut pelan agar tidak ada gelembung udara, adonan jangan terlalu padat, agar pada saat direbut tidak pecah. Kemudian ikat selongsong dengan panjang 13cm atau ukuran sesuai selera.,Potong sedikit ujung plastik segitiga, kemudian masukkan ke dalam selongsong sosis. Tekan ujung plastik pelan2 sampai adonan masuk ke dalam selongsong dan keluar, tarik pelan2 ujung selongsong, supaya nanti selongsong yang berisi adonan memanjang sendiri,Panaskan air dengan api kompor kecil saja, setelah dasar panci keluar butiran air, baru masukan sosis ke dalam panci. Dan rebus selama minimal 15-20 menit, atau jika di tekan sosis sudah padat dan kenyal, sosis langsung angkat. Kemudian langsung masukan ke dalam air es, jika sosis sudah dingin, angkat dan tiriskan,Agar selongsong lebih menempel lagi, oven sosis selama 15-20 menit, dengan panas 60° - 100°, dan balik secara berkala. Kemudian gunting sosis di bagian benangnya, dan buang benang2nya,Setelah sosis dingin dapat dimasukkan ke dalam wadah tertutup dan simpan ke dalam freezer, atau dapat langsung dibakar atau di goreng sebagai lauk atau camilan"
ayam,https://cookpad.com/id/resep/25022233,Airfryer chicken parmesan saus marinara,"450 gr dada ayam, potong dadu,1 cangkir tepung roti,1/2 cangkir keju parmesan,1 sdt bubuk bawang putih,1 sdt bubuk oregano,1 sdt bubuk basil,1/2 sdt garam,1/4 sdt lada hitam,1-2 butir telur,2 sdm olive oil,1 buah bawang bombay, cincang,4 siung bawang putih, cincang,240 gr kaleng tomat,1-2 batang daun kemangi (bs gunakan yg bubuk),1/2 sdt bubuk cabai (optional),1 sdt bubuk oregano,Secukupnya garam,Secukupnya lada hitam","Panaskan airfryer hingga 200°C selama kurang lebih 1-2 menit,Dalam mangkuk, campurkan tepung roti, keju parmesan, bubuk bawang putih, bubuk oregano, bubuk basil, garam, dan lada, aduk rata,Dalam mangkuk lain siapkan telur, kocok rata,Celuokan setiap potongan ayam ke dalam telur, lalu balur dng campuran tepung roti,Letakkan potongan ayam yg sudah dilapisi ke dlm airfryer dlm satu lapisan,Masak selama 10-12 menit (200°C), atau sampai berwarna cokelat keemasan & matang, goyangkan airfryer ditengah proses memasak. Jika sudah matang, pindahkan ke piring,Untuk saus marinara, panaskan olive oil ke dlm panci dng api sedang. Tumis bawang bombay hingga lunak sekitar 5-7 menit, kemudian masukkan bawang putih, masak hingga harum,Tuang kaleng tomat dan buah tomat yg sudah dipotong dadu (optional), kemudian tambahkan daun kemangi, oregano, dan bubuk cabai,Didhkan saus hingga mendidih perlahan, lalu kecilkan api. Tutup dan masak hingga 30 menit atau 1 jam, aduk sesekali supaya semakin nikmat rasanya. Kemudian kemudian tambahkan garam dan lada hitam Secukupnya. Sajikan dng chicken parmesan"
ayam,https://cookpad.com/id/resep/24558425,Isian Pastel Sayuran Ayam,"1/2 Kg Buncis,3 buah (1/2 kg) Wortel,2 Buah (1/2 kg) Jagung,700 gr Daging Ayam giling,3 sdm Bumbu Dasar Putih,3 sdm Minyak goreng (untuk tumis),2 sdm Garam,2 sdm Kaldu Jamur,1 sdt Lada Bubuk,1/4 sdt Biji Pala bubuk,2 sdm Tepung Maizena,150 ml Air","Pipil Jagung, iris kecil-kecil Wortel dan Buncis,Didihkan air di wajan besar. Masukkan jagung, wortel dan buncis, masak 4 menit sampai matang.,Tiriskan sayuran.,Tumis Bumbu dasar putih dgn minyak goreng.,Masukkan ayam giling, masak sampai matang. Ayam akan berubah warna jadi putih.,Masukkan sayuran, aduk rata. Matikan kompor. Taburi garam, kaldu dan lada bubuk, aduk rata.,Buat kulit pastel dan isi dgn isian diatas untuk snack / cemilan gurih."
ayam,https://cookpad.com/id/resep/25019862,811) Homemade Chicken Luncheon,"500 gr paha ayam fillet,60 gr putih telur,50 gr bawang putih, haluskan,85 gr bawang bombay, haluskan,1,5 sdt (7 gr) bubuk angkak,1/2 sdt (3 gr) merica bubuk,3/4 sdt (7 gr) garam,1 sdm (15 ml) kecap asin,1 sdm (15 ml) kecap ikan,1/2 sdt atau 1 sdt (5 gr) micin (saya tdk pakai),2 sdt (20 gr) gula pasir,80 ml minyak goreng,80 gr tepung maizena Rose Brand,1-2 sdm minyak goreng utk menggoreng","Siapkan semua bahan, ayam segar wajib masuk Freezer minimal 1 jam untuk hasil yg lebih kenyal & adonannya juga tdk terlalu lembek. 

Masukkan semua bahan kecuali maizena g minyak goreng, giling sampai halus.

Note : Sebaiknya bawang bombay & bawang putih dihaluskan terlebih dahulu untuk hasil akhir yang lebih padat/tidak rongga (saya: diulek 😁.,Setelah halus masukkan minyak goreng & maizena, haluskan kembali, pastikan adonan benar² halus. Ambil sedikit lalu pan sebentar utk koreksi rasa, kalau dirasa pas tuang ke dalam loyang tahan panas yg seluruh bagian sudah diolesi minyak & dialasi baking paper bagian dasarnya saja. Padatkan dgn cara ditekan pakai sendok/spatula. Kukus selama 30 menit dalam kukusan yg telah dipanaskan sebelumnya. Setelah itu angkat keluarkan dari cetakan, biarkan suhu ruang/set baru di iris.,Bisa dimakan langsung atau dipan dengan minyak/margarin Rose Brand. Kalau saya, dimakan gitu aja sudah enak 👍😋."
ayam,https://cookpad.com/id/resep/25016609,Sosis Ayam Bratwurst Homemade,"650 gram Fillet paha ayam,50 gram lemak ayam,50 gram putih telur,190 gram air es / es serut,5 gram baking powder,50 gram tapioka Rose Brand,25 gram gula pasir Rose Brand,1/2 sdt kaldu bubuk,20 gram garam halus,1 sdm smoke powder,1 sdt garlic powder (saya bawang putih parut),1 sdt onion powder (saya bawang bombay parut),1 sdt angkak powder (saya skip),1,5 sdt bumbu bradwurst,1 sdt parsley bubuk,2 buah selongsong sosis (saya : kolagen halal ukuran 19mm),Secukupnya benang wol untuk mengikat,1 buah plastik segitiga/piping bag","Siapkan bahan-bahannya. Potong fillet paha ayam kecil-kecil.,Giling ayam bersama garam, putih telur, es batu hingga halus dan dingin.,Tambahkan, tapioka dan semua bumbu-bumbu, giling kembali lalu aduk rata.,Masukkan adonan ke piping bag, gunting ujungnya, menyesuaikan ukuran selongsong, lalu semprotkan ke selongsong hingga selesai. ikat dengan benang wol sesuai ukuran yang diinginkan,Tusuk bagian sosis yang ada gelembung udara, Rebus di air mendidih 80derajat (15 menit) saya api kecil 20 menit. angkat dan segera masukan ke wadah berisi es batu,Angkat dan tiriskan sosis hingga benar-benar tiris. Panggang di oven selama 10 menit di suhu 100° supaya selongsong kolagen menempel. biarkan dingin suhu ruang. Simpan sosis di plastik vakum atau wadah kedap udara bisa di simpan di freezer atau chiller (sesuai kebutuhan),Penyajian : Gril dengan margarin tipis sesaat sebelum disajikan, atau bisa dipanggang di air fryer sebentar. atau sesuai selera"
ayam,https://cookpad.com/id/resep/25012772,Salad ayam,"1/4 kg ayam fillet,2 butir telur, rebus,2 buah kentang sedang,1/2 buah lettuce,6 lembar selada,1/4 bonggol brokoli,6 buah tomat ceri,4 sdm mayonaise,1/2 sdt garam,1/2 sdt lada,Secukupnya thyme","Pertama, marinasi dulu ayam dengan bumbu marinasi. Biarkan minimal 15 menit. Saya semalaman,Rebus kentang. Cuci dan potong lettuce dan selada. Cuci juga tomat. Kukus brokoli,Panaskan pan. Beri mentega. Pan ayam sampai matang kedua sisinya,Tata semua dalam wadah, beri toping. Siap disajikan sebagai cemilan sehat"
ayam,https://cookpad.com/id/resep/22627047,Chicken Luncheon / Daging Ayam Maling Homemade,"500 gr Daging ayam fillet paha,60 gr / 2 butir putih telur,50 gr Bawang putih, haluskan,85 gr bawang bombay, haluskan,7 gr/ 1,5 sdt bubuk angkak,1/2 sdt lada bubuk,80 gr tepung maizena,Seujung sendok bubuk ngohyong,15 ml / 1 sdm kecap asin,15 ml / 1 sdm kecap ikan,2 sdt gula pasir,3/4 Sdt garam,1/2 sdt kaldu bubuk,1 sdm air,80 ml minyak","Blender daging ayam hingga halus kemudian masukkan semua bumbu dan putih telur.,Blender hingga adonan daging menyatukan.,Masukkan adonan kedalam loyang anti lengket,Kukus di kukusan yang sudah panas selama 25-30 menit."
ayam,https://cookpad.com/id/resep/25017129,Chicken Bratwurst Homemade,"650 gr daging paha ayam,50 gr lemak ayam (saya pakai lemak ayam kampung),50 gr putih telur,190 gr air es,5 gr baking powder double acting,50 gr tepung tapioka Rose Brand,25 gr gula pasir,1/2 sdt micin,20 gr garam/ sesuai selera,1 sdm smoked powder,1 sdt garlic powder,1 sdt angkak powder,1,5 sdt bumbu bratwursts,1 sdt parsley kering,1 pcs selongsong kolagen ukuran 19 mm,Secukupnya benang untuk mengikat","Siapkan bahan yang diperlukan.
Daging paha sudah disimpan di freezer selama minimal 1 jam, tunggu hingga benar-benar mencair baru dichopper.,✳️ Masukkan daging paha ayam, lemak ayam dan es batu ➡️ chopper hingga halus.
✳️ Masukkan semua bahan dan seasonings kecuali baking powder dan tepung tapioka ➡️ chopper lagi hingga halus.
✳️ Terakhir masukkan baking powder dan tepung tapioka ➡️ chopper lagi hingga merata/ bisa diaduk diwadah lain.,Mulai mengisikan adonan sosis ke dalam selongsong.
✳️ Isikan adonan secara perlahan, biarkan selongsong jalan sendiri (tidak usah ditarik).
✳️ Jangan mengisi adonan terlalu penuh. Pipihkan dengan cara diurut perlahan agar meminimalisir udara tertinggal didalam selongsong.
✳️ Jika ada udara yang tertinggal, tusuk dengan jarum lalu tekan pelan agar udara keluar.
✳️ Ikat sosis dengan ukuran sesuai selera.
✳️ Tusuk-tusuk sosis dengan jarum.,✳️Panaskan air hingga berbuih (shimmering, jangan mendidih).
✳️ Masukkan sosis, rebus selama 15-20 menit.
✳️ Setelah sosis matang, masukkan ke dalam air es (menghentikan proses memasak dan kulit kolagen menempel) ➡️ tunggu hingga dingin.
✳️ Jika sudah dingin, tiriskan dan angin-anginkan sosis agar permukaannya kering.,✳️ Setelah kering, potong-potong sosis.
✳️Oven sosis dengan suhu 100°C selama 10-15 menit (bolak balik sosis) agar kulit kolagen lebih menempel.,Sosis homemade siap untuk stock frozen. Selamat mencoba"
ayam,https://cookpad.com/id/resep/25017569,Ayam Paprika Saus Tiram,"250 gr ayam fillet,1 buah paprika hijau,1/2 butir bawang bombay,3 siung bawang putih,1 sdt kecap asin,1 sdm kecap manis,2 sdm saus tiram,1 sdt minyak wijen,Sejumput garam,1/2 sdt lada bubuk,2 sdm minyak sayur untuk menumis,100 ml air","Siapkan bahan, potong sesuai selera,Panaskan minyak, tumis bawang putih hingga harum,Masukkan ayam, tumis hingga berubah warna,Lalu tambahkan air, kecap asin, kecap manis, saus tiram, garam, lada bubuk, aduk rata, sisihkan, setelah mendidih masukkan paprika dan bawang Bombay, masak hingga layu,Lalu terakhir masukkan minyak wijen, aduk rata dan koreksi rasa, masak sebentar dan angkat, sajikan"
ayam,https://cookpad.com/id/resep/25009787,Dinsum Ayam Sayur,"300 gr Adonan Bakso Ayam,1 bh Wortel,2 btg Daun Bawang,secukupnya Kulit Din Sum, Air bersih secukupnya (kukus)","Siapkan bahannya untuk adonan Bakso Ayam saya beli di Penggilingan. Kupas Wortel, cuci bersih lalu serut atau parut tipis. Cuci bersih Daun Bawang lalu iris tipis juga.,Masukkan Parutan Wortel dan irisan Daun Bawang dalam adonan Bakso Ayam, aduk rata.,Siapkan Kulit Dinsum bungkus dan tutup atau lupat rapi. Lakukan sampai adonan habis.,Kukus selama 20 Menit atau sampai matang, angkat dan dinginkan.,Bisa buat Frozen food ya. Ngak bisa foto cantik. Hasilnya jadi malam, pagi sudah tinggal piringnya saja."
ayam,https://cookpad.com/id/resep/25019958,Homemade Cheese Chicken Luncheon,"312 gram fillet dada ayam tanpa kulit setengah beku,259 gram fillet paha ayam tanpa kulit setengah beku,115 gram maizena Rose Brand,35 gram putih telur,6 gram bawang putih bubuk,20 gram bawang bombay cincang halus,1 sdm kecap asin,1 sdm kecap ikan,8.5 gram angkak powder,18 gram gula pasir Rose Brand,1 sachet halawa kaldu rasa ayam,1 sdt dried oregano,1 sdt gochugaru halus,1 sdt classic dry rub,26 gram margarine Rose Brand,1/4 sdt merica bubuk,85 gram keju cheddar potong kotak kecil,25 gram keju parmesan parut,1 sdt himsalt","Siapkan semua bahan-bahan chicken launcheon. Rendam fillet ayam dalam air garam dan 1/2 sdt maizena selama 10 menit. Cuci bersih ayam di bawah air mengalir,tiriskan. Masukkan fillet ayam ke dalam freezer minimal 30 menit-1 jam, potong-potong kecil.,Masukkan potongan ayam ke dalam wadah Chopper,haluskan. Tambahkan bawang Bombay cincang,gochugaru halus,classic dry rub,baput bubuk dan oregano,haluskan kembali hingga tercampur rata. Tambahkan angkak bubuk,merica bubuk,halawa dan kecap asin,Tambahkan juga kecap ikan,putih telur, margarin,himsalt,gulpas dan keju parmesan parut. Blender kembali hingga semua bahan tercampur rata,Masukkan maizena,proses kembali hingga tercampur rata. Pindahkan adonan ke dalam wadah, tambah kan potongan keju cheddar,aduk rata. Tuang adonan ke dalam pinggan tahan panas yg sudah di alasi baking paper,ratakan,Kukus launcheon dalam kukusan/dandang yg sudah di panaskan. Kukus selama 30-35 menit hingga tanak,Setelah matang keluarkan dr kukusan dan biarkan di suhu ruang hingga dingin/set. Potong-potong luncheon sesuai selera. Cheese Chicken luncheon siap di olah jd berbagai menu atau hanya di goreng sebentar dengan margarine atau butter udah enak banget"
ayam,https://cookpad.com/id/resep/25024222,Homemade Chicken Pepperoni,"350 gram dada ayam giling atau fillet,150 gram paha ayam giling atau fillet,60 gram / 2 butir ukuran sedang putih telur,15 gram garam,20 gram gula pasir rose brand,50 gram tepung tapioka,15 mililiter minyak goreng rose brand,1 sendok teh penyedap Asatu rose brand (kaldu bubuk 2sendok teh atau 10 gram),3 sendok teh cabe kering kasar/ chilli flake,1 sendok teh red paprika powder,1/2 sendok teh black papper powder,1 sendok teh garlic powder,1 swndok teh angkak powder,1 sendok teh smoked powder,1/2 sendok teh oregano (optional),Plastik wrap/baking paper","Note: setiap membuat makanan dari daging yang membutuhkan kekenyalan simpan ayam dalam freezer_+1jam, agar lebih kenyal. Lemak ayam bisa didapat dari ayam bagian paha. Siapkan bahan. Masukkan semua bahan dalam 1 wadah.,Campur semua bahan jadi satu dan aduk rata. Siapkan plastik wrap/baking paper/daun pisang, tata memanjang seperti membuat pepes atau lontong. dirapikan.,Gulung rapat, rapikan ujungnya. Panaskan kukusan, kukus selama _+ 30 menit atau sesuaikan dengan panas kukusan.,Untuk mengurangi kelembaban dan awet disimpan, setelah matang angkat dan dinginkan suhu ruang. Kupas kemasannya lalu oven selama 20-30 menit di suhu 100°c. Untuk oven tangkring gunakan api kecil, sebelumnya dipanaskan 10 menit.,Jika sudah sesuai tingkat kematangannya keluarkan dari oven, diamkan suhu ruang. Jika ingin ditaruh di freezer taruh di wadah tertutup kedap udara. Jika ingin langsung dimasak iris tipis papperoninya; bisa diolah menjadi pizza, isian roti, tumisan dan lain-lain. Selamat mencoba, salam koki dapur rumahan."
ayam,https://cookpad.com/id/resep/25022764,Beef & chicken pepperoni,"250 gr fillet dada ayam,250 gr daging sapi giling,60 gr Putih Telur (dr 2 butir telur),15 gr Garam,20 gr Gula pasir Rose Brand,10 gr Kaldu Bubuk (2 sdt),3 sdm Cabe Kering kasar,50 gr tepung tapioka Rose Brand,15 ml Minyak Goreng Rose Brand,1 sdt Red Paprika Powder,1/2 sdt Black Pepper Powder,1 sdt Garlic Powder,1 sdt Angkak Powder,1 sdt Smoked Powder,1/2 sdt Oregano (optional),Secukupnya daun pisang / baking paper / plastik tahan panas untuk membungkus","Siapkan bahan dan bumbu2
Daging segar wajib masuk freezer ± 1 jam untuk hasil yang lebih kenyal dan adonannya juga tdk terlalu lembek.
Aku pakai daging sapi giling dan fillet ayam frozen yg sudah ½ cair. 
Chopper fillet ayam sampai halus. Sisihkan.,Dalam wadah masukkan duo daging giling, garam, gula pasir Rose Brand, kaldu bubuk, cabe kering
Tambah seasoning : Red Paprika Powder, Black Pepper Powder, garlic Powder, Angkak Powder, Smoked Powder, Oregano. Aduk rata.,Tambahkan putih telur. Aduk rata. 
Setelah itu masukan tepung tapioka Rose Brand dan minyak goreng Rose Brand, aduk lagi sampai rata.,Tes rasa dengan menggoreng sedikit adonan.,Bagi 2 adonan. Siapkan plastik wrap/baking paper/daun pisang, tata adonan memanjang lalu rapihkan. 
Gulung sampai membentuk tabung, ikat / semat / pelintir kedua ujung nya.,Panaskan kukusan, kukus selama 30 menit dengan api sedang.,Setelah matang, angkat dan biarkan dingin, buka kemasannya lalu oven selama 20-30 menit di suhu 100°c. Hal ini dilakukan untuk mengurangi kelembaban biar lebih awet disimpan.,Iris tipis pepperoni dan siap di jadikan stock olahan seperti pizza, isian burger, nasi goreng dll"
ayam,https://cookpad.com/id/resep/25004201,Luncheon Ayam,"500 gr paha ayam fillet (masukkan frezer min. 1 jam),60 gr putih telur,85 gr bawang bombay,50 gr bawang putih,2 sdt gula pasir ROSE BRAND,1 1/2 sdt angkak bubuk,3/4 sdt garam,1/2 sdt lada bubuk,1 sdm kecap asin,1 sdm kecap ikan,80 ml Minyak Goreng ROSE BRAND,80 gr tepung maizena ROSE BRAND","Haluskan bawang putih dan bawang bombay,Masukkan daging ayam, putih telur dan bumbu yang sudah dihaluskan ke dalam chopper. Tambahkan gula pasir ROSE BRAND, angkak, garam dan lada. Masukkan pula kecap asin dan kecap ikan. Chopper semua bahan hingga halus.,Masukkan tepung maizena ROSE BRAND dan minyak goreng ROSE BRAND. Aduk hingga merata. Koreksi rasa dengan cara masak sedikit dengan teflon.,Tuang adonan ke dalam loyang 640 ml yang sudah diolesi minyak goreng ROSE BRAND.,Panaskan kukusan, lalu masak adonan selama 30 menit.,Biarkan suhu ruang dan set, lalu potong sesuai selera."
ayam,https://cookpad.com/id/resep/25019856,Opor Ayam Ala Bobo,"1/2 ekor ayam kampung,8 bh bawang merah,6 bh bawang putih,4 bh kemiri,1 bh cabai merah beaar,secukupnya Jahe, lengkuas, kunyit,secukupnya Ketumbar,1 bh serai,Secukupnya daun jeruk,secukupnya Santan,secukupnya Gula, penyedap dan garam","Haluskan : bw merah, bw putih, ketumbar, jahe, cabai merah dan kunyit.,Panaskan minyak lalu tumis bumbu halus. Masukkan serai, lengkuas dan daun jeruk. Masak hingga bumbu matang.,Masukkan ayam diaduk sebentar lalu masukkan air. Biarkan mendidih.,Masukkan perbumbuan. Tutup dan biarkan hingga ayam empuk.,Setelah empuk masukkan santan. Masak sebentar. Lalu siap disajikan"
ayam,https://cookpad.com/id/resep/25013618,52/25. Homemade Chicken Pepperoni,"250 gr Ayam dada,30 gr putih telor,8 gr garam,1 sdt merica,10 gr gula Rose brand,1 sdt kaldu bubuk,2 siung bawang putih cincang halus,25 gr tapioka,8 ml minyak,1/2 sdm angkak tumbuk halus,1/2 sdm oregano","Siapkan bahan2 untuk ayam beku saya potong2 lalu simpan di kulkas dengan choppernya 30 menit lalu beri bumbu2 juga angkak(dihaluskan) chopper adonan sampai rata kecuali minyak dan tepung tapioka.,Ayam yg sdh tercampur rata diberi tepung dan minyak..aduk rata. bungkus dengan plastik wrap sambil di tekan padat. Kukus 30 menit.angkat dinginkan lepaskan pembungkusnya,Panggang pepperoni yg sdh dikukus 20 menit 100 °C.Pepperoni sudah matang dan padat.,Potong potong pepperoni tipis2 untuk Pizza dan yg agak tebal saya buat topping nasi goreng hongkong.Lezat👍🥰"
ayam,https://cookpad.com/id/resep/25025605,Homemade Chicken Bratwurst,"650 gram fillet paha ayam,50 gram lemak ayam,190 gram es batu / air es,50 gram putih telur,5 gram baking powder double acting / 10 gram baking powder biasa,50 gram tepung tapioka Rose Brand,25 gram gula pasir Rose Brand,1 sdt kaldu bubuk,20 gram garam,1 sdm smoked powder,1 sdt garlic powder,1 sdt onion powder,1 sdt angkak powder,1,5 sdt bumbu bradwurst,1 sdt parsley kering (optional),1 pcs solongsong collagen diameter 23,55 mm,1 gulung benang wol warna putih / benang jahit warna putih yang berlapis","Dalam chopper masukkan ayam, lemak ayam & es batu. Haluskan,Tambahkan putih telur, haluskan kembali. Lalu masukkan semua bahan, kecuali tapioka & baking powder, mix kembali sampai tercampur rata,Tambahkan tapioka Rose Brand & baking powder, mix kembali sampai rata. Masukkan ke dalam plastik segitiga & potong ujungnya,Potong selongsong sosisnya ½ bagian. Masukkan ujung plastik segitiga yang telah di potong kedalam lubang selongsong. Tekan adonan perlahan, agar tidak ada rongga yang terisi angin. Setelah terisi, selongsong otomatis memanjang.

Setelah selesai, urut/tekan² sosis untuk meratakan adonan. Ketebalan ±1cm, panjang 10 cm (sesuai selera) & ikat dengan benang. Tusuk² sosis yg sdh diikat dengan jarum untuk mengeluarkan gelembung udara didalam sosis.,Panaskan air cukup sampai berbuih, tidak perlu sampai mendidih, sekitar 75° c. jika terlalu panas atau terlalu lama merebus, sosisnya rawan pecah. Kalau air sudah panas, masukan sosis, otomatis akan mengembang. Rebus selama 15-20 menit. Bisa dengan menekan sosisnya, jika lebih kenyal tandanya sudah matang. 

Pindahkan ke wadah yang berisi air es untuk memperlambat proses pematangan sosis & membantu selongsong menempel ke sosisnya. Jika sudah dingin, angkat & tiriskan,Jika ada oven : Panaskan oven dengan suhu 60°-100° c selama 15-20 menit sesuai oven masing². Tujuannya agar kulit & sosisnya menyatu, lebih set & tahan lama 

jika tidak ada oven, masukkan sosis dalam wadah terbuka & simpan di chiller selama 24 jam.

Lalu gunting & lepas tali sosis. Jika sosis ada yang bopeng, berarti masih ada gelembung udara di dalam sosis, biasanya saat mengisi / menekan sosis kurang rata,Sosis siap diolah. Simpan sosis di wadah tertutup, di chiller tahan 7-10 hari. Di freezer bisa tahan 2-3 bulan"
ayam,https://cookpad.com/id/resep/24948902,516. Ayam Santan Rica-rica,"1 /2 ekor ayam, potong2 sesuai selera,1 buah jeruk nipis, BUMBU HALUS :,10 buah cabe (atau sesuai selera),8 buah bawang merah,2 buah bawang putih,3 butir kemiri bakar,1 ruas kunyit,1 ruas jahe, BAHAN TAMBAHAN :,2 buah kentang, kupas, potong kotak,1 batang serai, memarkan,2 potong daun pandan,1/2 sdt lada,1/2 sdt ketumbar,1 sachet santan instan, Sckpnya air, Sckpnya garam, Sckpnya penyedap rasa, Sckpnya gula (opsional),3 sdm minyak goreng, Sckpnya bawang goreng","Cuci ayam, marinasi dengan sedkit garam dan perasan jeruk nipis kurang lebih 15 menit. Bilas ayam dan rebus 10 menit, angkat dan tiriskan. Sisihkan,Panaskan minyak di wajan. Tumis bumbu halus, serai dan daun pandan sampai wangi dan berubah warna.,Masukkan kentang, aduk. Tambahkan air sampai kentang terendam kurang lebih 500 ml. Masak sampai kentang setengah matang (tutup),Tambahkan ayam yg telah direbus tadi. Aduk rata. Tambahkan air jika terlalu kering,Tambahkan gula, garam, penyedap rasa, ketumbar, santan dan lada. Aduk rata. Masak sampai ayam dan kentang benar2 matang. Koreksi rasa,Angkat dan sajikan dengan taburan bawang goreng 👍😘"
ayam,https://cookpad.com/id/resep/24991679,Dimsum Ayam Udang Sayuran,"600 gr ayam fillet,200 gr udang kupas,1 bh wortel (kecil),1 bh labu siam (kecil),2 putih telur,10 siung bawang putih,10 sdm minyak wijen,1.5 sdt garam (selera),1 sdt gula pasir (selera),1/2 sdt kaldu bubuk,1/2 sdt lada bubuk,10 sdm tapioka,3 tangkai daun bawang diiris,60 pcs kulit dimsum siap pakai,1 mangkuk chilli oil","Siapkan bahannya.,Chopper semua bahan kecuali sayuran dan tepung tapioka.,Keluarkan bahan yang sudah di chopper, tambahkan wortel dan labu siam parut. Aduk rata.,Ambil kulit dimsum, beri isian dan bentuk rapi.,Kukus selama 30 menit, angkat.,Sajikan bersama chillli oil"
ayam,https://cookpad.com/id/resep/25015010,Ayam masak Kicik,"1 kg ayam,2 ruas lengkuas,2 batam serai,3 lembar daun salam,3 lembar daun jeruk,4 sdm kecap manis,700 ml air,100 ml santan kental (saya pakai santai instan 65mL),1 sdt lada bubuk, Gula, garam, dan penyedap lainnya menyesuaikan,12 siung bawang merah,9 siung bawang putih,5 buah kemiri,1 ruas jahe,1 ruas kunyit,1 sdm ketumbar,7-10 buah cabe rawit (optional, resep asli tidak menggunakan)","Tumis bumbu halus hingga wangi, tambakan lengkuas, daun salam, daun jeruk, serai. Lalu masukkan ayam.,Tambahkan air, masukkan kecap, gula, garam, lada, Masak sampai air susut. Koreksi rasa. Siap dihidangkan"
ayam,https://cookpad.com/id/resep/25015033,Ayam Koto Gadang,"1 kg ayam,1 liter air kelapa (sy menggunakan hidrococo 500 mL),1 ruas lengkuas,2 keping asam kandis,1 batang serai,1 lembar daun kunyit (sy skip),3 lembar daun salam,4 lembar daun jeruk, Garam, penyedap rasa menyesuaikan,150-200 gr cabe hijau,20 buah cabe rawit,3 cm kunyit,3 cm jahe,6 siung bawang putih,9 siung bawang merah,1/2 biji pala,1 sdm ketumbar,3 buah kemiri","Haluskan bumbu, lalu tumis bumbu. Tambahkan lengkuas, serai, daun salam, daun jeruk, daun kunyit.,Masukkan ayam, lalu tambahkan air kelapa. Tambahkan gula garam dan penyedap. Tambahkan asam kandis.,Masak sampai air susut, koreksi rasa. Siap dihidangkan."
ayam,https://cookpad.com/id/resep/25015363,Ayam Jahe,"1 ekor ayam kampung uk sedang,2 ruas jahe iris tipis,4 sdm minyak wijen,3 sdm saus tiram,4 sdm kecap asin,2 sdm kecap manis,1 sdm gula pasir,1 sdm bumbu pekak/ngohiong,1/2 sdt garam,1 sdt lada bubuk,2 batang daun bawang,4 siung bawang putih geprek,2 sdm maizena larutkan dengan air","Bersihkan ayam kemudian potong dan marinasi ayam dengan bumbu perendam selama 1 jam,Tumis bawang putih sampai wangi kemudian masukkan ayam,Aduk ayam sampai berubah warna dan masukkan daun bawang terakhir air maizena kemudian tambahkan air secukupnya,Masak ayam sampai empuk dan air menyusut dan koreksi rasa"
ayam,https://cookpad.com/id/resep/25009003,Siomay ayam sawi putih Dimsum Ayam,"250 gr paha ayam giling,1/4 sdt garam,1/2 sdm gula pasir,1/4 sdm kaldu jamur,1/4 sdt merica bubuk,1 sdm saus tiram,1 sdm tapioka,2 siung baput (aku frozen),3/4 wortel serut (seadanya),1/2 genggam chickpeas rebus,7 lembar daun sawi ukuran besar,Sedikit wortel serut untuk topping siomay","Rebus daun sawi agar lunak (sebentar saja) lalu tiriskan. Kemudian belah daun jadi 2,Campurkan semua bahan siomay,Aku chopper lagi agar tercampur rata, adonan siomay sudah siap,Ambil 1 daun, kemudian letakan adonan siomay, banyak nya tergantung selera ya. Kalo aku agak banyak agar siomay gendut dan cantik. Gulung sampai ujung daun.,Letakan gulungan siomay dalam kukusan, kukus sebentar sekitar 10-15 menit, siomay sudah matang. Kalau malas pakai daun sawi, bisa pakai nori atau langsung kukus saja seperti di foto kedua.,Sajikan siomay, bisa ditambahkan saus sambal. Tapi dimakan begitu saja sudah nikmat 😋"
ayam,https://cookpad.com/id/resep/24789361,Sayur Bening Ayam Suwir,"1 ikat bayam,150 gr timun,100 gr jagung manis pipil,100 gr ayam suwir,secukupnya Garam dan bumbu kaldu,300 gr air","Bersihkan dan siangi bayam, Iris"" timun, siapkan jagung manis yang sudah di pipil,Siapkan ayam yang telah di rebus dan di suwir, iris"" bawang merah dan cabe merah geprek bawang putih,Goreng geprekan bawang putih hingga wangi masukkan ayam suwir aduk"",Beri air dan garam biarkan mendidih,Setelah mendidih masukkan bumbu kaldu, dan jagung disusul dengan bayam,Setelah bayam agak matang masukkan timun dan cabe merah,Tes rasa terakhir masukkan irisan bawang merah aduk sebentar matikan kompor,Hidangkan...."
ayam,https://cookpad.com/id/resep/25011462,Homemade chicken louncheon,"500 gr paha ayam filet,60 gr putih telur,50 gr bawang putih (haluskan),85 gr bawang bombay(haluskan),1.5 sdt angkak powder,1/2 sdt merica bubuk,3/4 sdt garam,1 sdm kecap asin,1 sdm kecap ikan,1 sdm kaldu jamur / micin,2 sdm gula pasir (rose brand),80 ml minyak rose brand,80 gr maizena rose brand,1/2 sdm mentega / minyak untuk menggoreng","Siapkan semua bahan, ayam segar wajib masuk Freezer minimal 1jam untuk hasil yang lebih kenyal dan adonannya juga tdk terlalu lembek. 

Masukan semua bahan kecuali maizena dan minyak goreng, giling sampai halus.

Note : Sebaiknya bawang bombai dan bawang putih dihaluskan terlebih dahulu untuk hasil akhir yang lebih padat (tidak rongga),Setelah haus masukan minyak goreng dan maizena haluskan kembali, pastikan adonan benar-benar halus, sampai mendapatkan tekstur seperti dalam video,Ambil sedikit lalu pan sebentar untuk koreksi rasa, kalau dirasa pas tuang ke dalam Loyang/mangkuk tahan panas yang seluruh bagian sudah diolesi minyak dan dialasi baking papper bagian dasarnya saja. Padatkan dengan cara ditekan dengan sencok atau spatula.,Panaskan kukusan, kalau sdh mendidih masukan luncheon dan kukus selama 30 menit. Setelah itu angkat keluarkan dr cetakan, biarkan suhu ruang/set baru di iris sesuai selera. Saya jadi 20 iris.,Bisa dimakan langsung atau dipan dengan minyak/margarin Rose Brand."
ayam,https://cookpad.com/id/resep/25012956,Homemade Chicken Sausage,"650 gr fillet paha ayam,50 gr lemak ayam,50 gr putih telur,190 gr air es/es serut (saya pakai es batu kecil2),5 gr baking powder double acting,50 gr tepung tapioka cap Pak Tani Gunung,25 gr gula pasir Rose Brand,1 sdt kaldu bubuk,20 gr garam,1 sdt smoked powder,1 sdt garlic powder,1 sdt onion powder (saya ganti ¼ buah bawang bombay cincang),1 sdt angkak powder,1 1/2 sdt bumbu bradwurst,1 sdt parsley kering,1 bungkus selongsong sosis (saya pakai uk 16,5 mm),1 gulung benang wol putih potong 7 cm","Siapkan bahan² terlebih dahulu, untuk daging ayam segar (jika beku sebaiknya dicairkan terlebih dahulu karna akan berpengaruh ke tekstur), wajib bagian paha untuk hasil yang lembut dan juicy (dada ayam hasilnya lebih padat cenderung keras). Lemak ayam bisa diambil di bagian paha atas, biasanya berwarna putih dan terletak dibawah kulit.,Masukan ayam, lemak ayam dan es batu, haluskan. Lalu masukan semua bahan kecuali tapioka dan baking powder mix sampai tercampur rata, masukan tapioka cap Pak Tani Gunung dan baking powder campur sampai rata.,Masukan adonan kedalam plastik segi tiga.,Potong selongsong sosis menjadi 2-3 bagian. Saya menggunakan selongsong colagen jadi aman untuk dimakan.

Potong ujung plastik segi tiga masukan kedalam lubang selongsong. Tekan adonan perlahan agar tidak ada rongga yang terisi angin, setelah terisi selongsong otomatis memanjang.

Setelah selesai urut/tekan² sosis untuk meratakan adonannya, ukur panjang sosis sesuai selera. Ikat dengan benang wol. Tusuk² sosis yg sdh diikat dengan jarum untuk mengeluarkan gelembung udara.,Panaskan air cukup sampai berbuih saja tidak perlu sampai mendidih sekitar 75°c. Kalau airnya sudah panas masukan sosis otomatis akan mengembang, rebus selama 15-20 menit dengan api sangat kecil. 

Angkat kedalam wadah yang berisi air es untuk memperlambat proses pematangan sosis dan membantu selongsong menempel ke sosisnya. Jika sdh dingin angkat dan tiriskan.,Panaskan oven dgn suhu 60°-100°c panggang oven selama 15-20mnt sambil dibolak balik.Cukup hangat sedikit panas tujuannya biar kulit dan sosisnya menyatu, lebih set dan pastinya lebih awet dan tahan lama.

Guting dan lepas tali sosis, jika sosisnya ada yg bopeng brarti masih ada gelembung udara didalam sosis biasanya waktu mengisi/menekan sosisnya kurang rata.

Sosis siap di olah atau disimpan dalam ciller tahan 7-10hr, didalam freezer bisa tahan 2-3bln."
ayam,https://cookpad.com/id/resep/25013284,H163. Perkedel Ayam dan Sayuran Kukus (11 month+),"20 gram kuntum brokoli,20 gram buncis, potong2,60 gram kentang, potong2, kukus, haluskan,60 gram daging ayam giling,1 butir telur puyuh,1 siung bawang putih ukuran kecil, cincang halus,1 jari telunjuk daun bawang, iris tipis","Campur dan aduk rata kentang, daging ayam, telur puyuh, bawang putih dan daun bawang. Bentuk sesuai selera sebanyak 9 potong. Masak di atas teflon tanpa minyak hingga matang.,Kukus brokoli dan buncis selama 15 menit."
ayam,https://cookpad.com/id/resep/25011894,Ayam Lada Hitam,"500 g Daging ayam tanpa tulang,1 buah Bawang bombay,3 siung Bawang putih,3 buah Cabai rawit,2 buah Cabai merah,secukupnya Minyak,2 sdm Tepung maizena,secukupnya Lada bubuk,secukupnya Garam,2 sdm Saus tiram,2 sdm Kecap manis,2 sdm Saus tomat,1 bungkus Saori lada hitam","Marinasi ayam dengan tepung maizena, garam, dan lada selama 30 menit.,Iris bawang bombay dan cabai, cincang bawang putih.,Goreng ayam hingga setengah matang, tiriskan.,Tumis bawang bombay, bawang putih, dan cabai hingga harum.,Masukkan ayam, tambahkan semua saus, aduk rata dan cicipi rasa.,Sajikan ayam lada hitam selagi hangat."
ayam,https://cookpad.com/id/resep/25011910,Paha Ayam Panggang Madu Mustard,"2 potong Paha ayam bagian atas,1 buah Wortel,2 buah Kentang,1 buah Bawang bombay,2 siung Bawang putih,1 sdm Parsley,1/2 sdt Lada hitam,1/2 sdt Garam,2 sdm Butter,2 sdm Madu,1 sdm Mustard,1 sdm Saus sambal,1 sdm Kecap asin","Cuci dan keringkan paha ayam, lumuri dengan lada hitam dan garam.,Panaskan butter, panggang paha ayam hingga setengah matang, angkat dan sisihkan.,Tumis bawang bombay dengan sisa butter hingga layu, masukkan wortel, tumis sebentar.,Tambahkan kentang, masak hingga empuk. Masukkan bawang putih cincang dan parsley, aduk rata, masak 5 menit.,Pindahkan tumisan ke wadah tahan panas, letakkan paha ayam di atasnya.,Di wajan lain, masak madu, mustard, saus sambal, dan kecap asin hingga mengental.,Tuang saus di atas paha ayam, oven suhu 200°C selama 25-30 menit.,Sajikan hangat."
ayam,https://cookpad.com/id/resep/25011987,Chicken Katsu Curry,"500 g Dada ayam,3 buah (ukuran sedang) Kentang,3 buah Wortel,2 blok Bumbu kari Jepang blok (Sasa),100 g Tepung terigu,250 g Tepung roti,1 butir Telur,1 buah Bawang bombai,400 ml Minyak goreng,350 ml Air,1 sdt garam,1 sdt kaldu ayam,1 sdt bawang putih bubuk,1/2 sdt merica bubuk,1/2 sdt pala bubuk,1/2 sdt bawang merah bubuk","Potong dada ayam dengan ketebalan sedang, bumbui dengan bumbu marinasi.,Marinasi ayam selama 1 jam didalam kulkas, setelah 1 jam, keluarkan ayam.,Balur ayam dengan tepung terigu, celupkan ke telur, lalu lapisi tepung roti.,Goreng ayam dalam minyak panas hingga kuning keemasan, tiriskan.,Rebus kentang dan wortel selama 10 menit.,Kupas dan potong kentang, wortel, dan bawang bombay.,Tumis bawang bombay hingga harum, masukkan kentang dan wortel, aduk rata.,Masukkan bumbu kari blok Sasa, aduk hingga larut dan mengental.,Tambahkan air, masak hingga sayur empuk.,Sajikan ayam katsu di atas nasi, siram dengan kari sayur."
ayam,https://cookpad.com/id/resep/25011967,Ayam Saus Tiram,"2 kg ayam fillet,1 1/2 sdm garam,3 bungkus lada,2 1/2 bombay,10 bawang putih,3 wortel,10 Cabe rawit,4 cabe besar,7 sdm mentega,10 sdm saus tiram,10 sd, kecap manis,5 sdm kecap asin,5 sdm tepung meizena,5 sdm gula,5 sdm kaldu jamur (penyedap ayam boleh),500 ml air","Marinasi ayam, garam, lada 10 menit,Siapkan wadah lalu masukan saus tiram, kecap manis, kecap asin, tepung meizena, gula, kaldu jamur, air campur dan larutkan,Tumis bambay dan bawang putih dengan mentega,Masukan ayam masak hingga setengah matang, di harus sering di aduk agar matangnya merata,Masukan wortel dan cabai,Lalu masukan bahan saus yg sudah kita campur,Masak hingga matang dan saus mulai mengental,Jangan lupa koreksi rasa,Siap di sajikan"
ayam,https://cookpad.com/id/resep/25011947,Ayam Cabe Garam,"1 dada ayam fillet,secukupnya Tepung Bumbu Serbaguna,secukupnya Bawang Merah &amp; Putih,secukupnya Cabai Rawit,secukupnya cabai merah,irisan daun jeruk,sedikit garam, lada bubuk, dan totole","Potong dadu kecil-kecil sesuai selera,
bumbui/marinasi dengan lada hitam, sedikit garam dan marinasi sekitar 15menit,Siapkan tepung basah dan tepung kering,Potong duo bawang kecil-kecil dan panaskan bersama dengan cabai dan daun jeruk yang diperlukan,Panaskan minyak dan tumis bumbu yang telah disiapkan,Ayam berbalur tepung dan telah digoreng, masukkan dalam bumbu yang telah ditumis,Bumbui dengan secukupnya lada hitam, garam dan totole,Cicipi rasa dan violaaaa ~
Bisa banget jadi lauk perbekalan anak ala bento"
ayam,https://cookpad.com/id/resep/25011858,Potato Tart With Mushroom Celery Chicken - Isi Mozzarella Jamur,"350 Gr Kentang (Kukus),Secukupnya Garam &amp; Lada Hitam,80 Gr Ayam Cincang,5 Bh Jamur Champignon,1 Btg Celery / Seledri Stick,1/2 Bh Bawang Bombay,2 Bh Cabe Merah + Hijau (Paprika Jika ada),Secukupnya Garam dan Lada Hitam,Secukupnya Saus Tomat,Secukupnya Margarin,Secukupnya Mozzarella","Tumbuk halus kentang kukus, tabur dg garam & lada hitam aduk rata. 

Ambil bulatan adonan tekan ratakan ke dasar dan pinggir cetakan tart foil. Tusuk garpu dan oles margarin.,Panggang di oven suhu 200 °C ± 20 menit. 

Isian : Tumis dg margarin, bawang bombay yg sudah di potong, lalu irisan jamur hingga layu, dan potongan seledri stick.,Masukan ayam cincang, tumis smp berubah warna, beri garam & lada hitam, beri secukupnya saus tomat. Aduk rata. 

Terakhir, masukan potongan cabe merah+ hijau (Atau paprika), angkat sisihkan.,Setelah kulit tart matang, oles saus tomat, masukan Mozarella, lalu isi dg isian sayur & ayam td, topping lg dg mozzarella.

Panggang lg ± 7-8 menit, selesai.,Potato Tart With Mushroom Celery Chicken Mozzarella siap di sajikan hangat."
ayam,https://cookpad.com/id/resep/25010660,374.Homemade Chicken Luncheon,"500 gr paha ayam fillet,60 gr putih telur,50 gr bawang putih haluskan,85 gr bawang Bombay haluskan,1,5 sdt angkak powder (aku skip),1/2 sdt lada bubuk,3/4 sdt garam,1 SDM kecap asin,1 SDM kecap ikan (aku skip),1/2 sdt kaldu bubuk,2 sdt gula pasir,80 ml minyak goreng,80 gr tepung maizena","Cooper fillet ayam.seerri ada sensasi kriyuk atau kres gitu makanya aku nggak Cooper semua bahan ya....fillet juga tidak terlalu halus.nah sekarang campur semua bahan kecuali minyak dan maizena.aduk rata.baru tambahkan minyak dan maizenanya,Aduk lagi hingga bercampur merata lalu cetak pada wadah.kukus selama kurleb 30 menit.,Setelah matang angkat, keluarkan dari wadah dan tunggu uapnya hilang ya,Nah sekarang potong potong dech.kalau mau langsung dinikmati goreng dengan sedikit minyak ya di teflon saja asal sedikit kecoklatan....ini enak banget lho bisa dimakan langsung atau sajikan dengan roti sayur ala burger gitu ya.s2lamat mencoba"
ayam,https://cookpad.com/id/resep/25010195,Gulai Korma Ayam Khas Minang,"250 gr Dada Ayam Fillet,500 ml Air,1 bh Kentang (potong sesuai selera),135 gr Santan Rose Brand,1/4 sdt Garam,1/2 sdt Kaldu Jamur,1 jempol Asam Jawa (larutkan dengan sedikit air),5 sdm Minyak (utk menumis),1 btg Serai (geprek),3 lembar Daun Jeruk,1 sdt Ketumbar,1/4 sdm Jinten,1/4 sdm Adas,3 bh Kapulaga,3 butir Cengkeh,1 batang Kayu manis,3 btr Bawang Putih (sy skip),6 btr Bawang Merah,2 cm Jahe,1 cm Lengkuas,3 btr Kemiri","Siapkan Bahan ;,Masukkan semua bahan bumbu halus ke jar blender, haluskan.,Panaskan minyak, masukkan bumbu halus, serai, daun jeruk dan daging ayam fillet tumis sebentar sampai berubah warna.,Lalu masukkan air, kentang dan santan aduk rata.,Masukkan garam, kaldu jamur dan air asam jawa aduk rata. Masak sampai kuah mengental dan kentang empuk. Tes rasa.,Gulai Korma Ayam Khas Minang siap di sajikan."
ayam,https://cookpad.com/id/resep/25010832,Ayam Pop Khas Sumatera Barat,"1 kg paha ayam potong,6 siung bawang putih,2 lembar daun salam,3 lembar daun jeruk, buang tulang tengahnya,1 batang sereh ukuran besar, geprek,4 cm jahe, iris-iris,50 ml santan,300 ml air kelapa,300 ml air,1 sdt garam,1/2 sdt kaldu bubuk,1/6 sdt merica bubuk,4 siung bawang merah,3 siung bawang putih,1 buah tomat merah,7 buah cabai keriting,7 buah cabai rawit,1 sdt gula pasir,1/2 sdt kaldu jamur,150 ml air ungkepan ayam,1 sdm tepung terigu pro sedang,60 ml minyak goreng,150 gr daun singkong, rebus (skip),1 buah timun (skip)","Haluskan bawang putih dengan sedikit air hingga benar-benar halus, kemudian iris jahe dan geprek sereh.

Siapkan panci, masukkan ayam, bawang putih halus, dan air.,Tambahkan air kelapa, jahe iris, sereh geprek, daun salam, daun jeruk, dan santan. Tambahkan garam, kaldu jamur, dan merica. Aduk rata.,Lalu masak dengan api sedang ke kecil selama kurang lebih 30 menit sambil ditutup. Angkat dan matikan kompor, biarkan ayam di dalam panci sebentar. Ambil air ungkepan ayam sebanyak 150 ml (saring), lalu tambahkan tepung terigu dan aduk rata.,Masukkan bahan-bahan sambal yang sudah dipotong ke gelas blender, beri sedikit air, gula pasir, dan kaldu jamur. Haluskan hingga benar-benar halus.

Siapkan wajan, panaskan minyak lalu masukkan bahan sambal yang sudah diblender tadi. Masak hingga wangi. Tambahkan air ungkepan ayam pop yg sudah dicampur dengan tepung terigu, masukkan ke dalam tumisan sambal, masak kembali hingga benar-benar matang. Koreksi rasa.,Bisa disaring supaya teksturnya kental halus persis di RM Padang.,Tiriskan ayam yang sudah matang dan siram dengan sedikit air ungkepan ayam pop. Ayam pop siap disajikan bersama sambal dan pelengkap lainnya.

Enjoyy..😘😘"
ayam,https://cookpad.com/id/resep/23955589,Serundeng Kelapa dan Ayam,"1 buah Kelapa setengah muda diparut,1 kg Daging Ayam tanpa tulang,secukupnya Air,secukupnya Minyak Goreng,5 siung Bawang Putih,8 butir Bawang Merah,1 sendok teh Ketumbar,1/2 sendok teh Jinten,4 mata Asam Jawa,3 ruas Lengkuas diparut,3 cm Kunyit,4 lembar Daun Salam,3 lembar Daun Jeruk,2 batang Sereh,Secukupnya Gula Merah, Garam, penyedap","Persiapan alat dan bahan. Daging ayam dicuci dan dipotong ukuran sedang. Bumbu duo bawang, ketumbar, jinten, kunyit, asam jawa dihaluskan dengan diuleg. Sereh digeprek, lengkuas diparut.,Di wajan, bumbu halus ďi tumis hingga harum. Tambahkan sedikit air dan bumbu cemplung (daun salam, daun jeruk, sereh), garam, gula, penyedap. Setelah mendidih masukkan daging ayam kemudian ďiaduk aduk agar tercampur rata bersama bumbu.
Masak hingga daging ayam empuk.,Setelah daging ayam empuk masukkan kelapa parut. Aduk rata, sambil dilakukan tes rasa. Gunakan api sedang cenderung kecil. Lanjut masak sambil diaduk agar bagian bawah tidak gosong. Masak hingga air menyusut.,Setelah air menyusut, daging ayam diambil dan dipisahkan dengan parutan kelapa. Kelapa parut lanjut dimasak dengan cara diaduk terus hingga kering dan berwarna kecoklatan. Gunakan api sedang cenderung kecil.,Daging ayam yang dipisahkan tadi digoreng hingga kuning kecoklatan tapi tidak terlalu kering. Jangan kelamaan gorengnya agar daging ayam tidak keras. Selesai digoreng kemudian ditiriskan agar minyaknya menetes.,Masukkan daging ayam yang sudah digoreng tadi ke dalam serundeng kelapa. Aduk rata. Selesai.,Sajikan sebagai teman makan nasi hangat."
ayam,https://cookpad.com/id/resep/25010610,Ayam Serundeng,"6 potong ayam,1/2 butir kelapa parut,3 siung bawang putih,1/2 sdt  ketumbar,1/2 sdt  lada,100 ml  air,1/2 sdt  garam,1/2 sdt  vetsin,1/2 sdt  penyedap rasa","Siapkan semua bahan.,Bumbu ulek direbus bersamaan, masukkan bahan pelengkap.,Siapkan minyak, goreng ayam beserta kelapa parut setelah matang angkat dan tiriskan."
ayam,https://cookpad.com/id/resep/25010815,266. Homemade Chicken Pepperoni,"500 gr ayam fillet,60 gr putih telur,50 gr tapioka pak Tani Rose Brand,15 ml minyak goreng,1 sdt angkak bubuk,1 sdt garlic powder,1 sdt smoked powder,1/2 sdt black pepper powder,1 sdt red paprika powder (sy skip),15 gr garam,20 gr gula pasir Rose Brand,2 sdt kaldu bubuk,3 sdm cabe kering kasar (sy skip),1/2 sdt oregano (sy skip),Secukupnya plastic wrap/baking paper","Siapkan semua bahan. Masukkan ayam ke chopper,Tambahkan semua bahan bumbu dan putih telur blend semua. Baru masukkan tepung tapioka dan minyak aduk rata.,Siapkan plastic wrap, letakkan adonan memanjang di atasnya dan ratakan. Rapatkan plastic dan bentuk bulat. Panaskan kukusan. Kukus selama 30 menit. Angkat dan dinginkan,Lepas plastic wrap. Oven dalam suhu 100°C selama 20 menit. Jangan lupa dibalik biar merata kering. Siap disajikan untuk topping pizza, isian sandwich, burger, dll,Kalau mau jadikan frozen food, iris sesuai selera dulu baru masukkan freezer 😋"
ayam,https://cookpad.com/id/resep/25009259,Sosis Ayam Simple,"350 gr filet ayam plus lemak ayam,1 putih telor (ukuran kecil),3 kotak cube es batu,1/4 sdt garam, Seasoning :,1/2 sdt garlic powder,1/2 sdt onion powder,1 sdt smoked powder","Giling ayam dan lemak kemudian masukan bahan-bahan lain blen sampai tercampur rata,Setelah semua tercampur rata masukan adonan ke piping bag kemudian tuang ke cetakan,Panaskan dandang kukus selama 10-15 menit atau sampai matang biarkan dingin keluarkan dari cetakan,Texturenya bagus rasanya jg enak banget loh ini yuk Cobain"
ayam,https://cookpad.com/id/resep/25009077,191. Arem-Arem Ayam Suwir,"250 gr dada ayam fillet,10 cabai rawit merah,10 cabai keriting merah,5 bawang merah,5 bawang putih,1 sdt garam,1 sdt penyedap,1 sdt gula pasir,5 sdm kelapa parut sangrai,500 gr beras,1000 ml air santan,1/2 sdm garam,5 lembar daun salam,2 batang serai,4 butir telur,2 sdm tepung terigu,100 ml air,1/2 sdt garam,2 sdm minyak,Secukupnya daun pisang,Secukupnya tusuk gigi","Rebus ayam lalu suwir suwir (saya pakai mixer) lalu tumis bumbu halus sampai harum masukkan Sosis dan ayam Beri seosening cek rasa lalu biarkan sedikit kering,Baru masukkan kelapa parut sangrai aduk biarkan merata lalu sisihkan,Masak nasi yang susah dicuci bersih dengan santan salam serai garam sampai air menyusut,Dalam wadah campurkan tepung dan air aduk rata baru masukkan telur, garam dan minyak goreng aduk rata kembali sampai mengkilap, baru cetak diatas teflon uk.24cm (saya jadi 9),Lalu siapkan 1 lembar telur dadar beri nasi dan isian ayam suwir gulung seperti menggulung sushi, lalukan sampai selesai setelah itu kukus sampai matang atau kurlen 40 menit,Arem-Arem Ayam suwir siap disajikan"
ayam,https://cookpad.com/id/resep/25009172,Chicken Luncheon vegetable,"500 gram dada ayam fillet,1/2 buah wortel,100 gram buncis,1 batang daun bawang,3 butir telur (putihnya saja) difoto hanya 2, diakhir adonan tambah lagi 1 karena terlalu padat,7 siung bawang putih,4 siung bawang merah,1 buah bawang Bombay,1/2 sachet pada bubuk,1 sdt micin asatu rose brand,1 SDM garam,1 SDM kecap asin,1 SDM gula rose brand,3 SDM minyak goreng Rose Brand,80 gram maizena rose brand","Siapkan semua bahan, potong-potong fillet ayam agar mudah dihaluskan,Siangi bumbu dan sayuran, cuci bersih, Iris duo bawang, daun bawang, wortel dan buncis agar mudah dihaluskan,Siapkan juga putih telur nya,Masukkan semua kedalam blender (saya pakai blender ya karena Chopper saya lagi rusak) kecuali minyak dan maizena,Kalau sudah halus terakhir masukkan minyak dan maizena aduk rata. Hingga benar benar rata, koreksi rasa sedikit saja. Kalau sudah pas masukkan kedalam cetakan aluminium yang sudah dialasi kertas roti..kukus sampai matang. Kalau sudah matang keluarkan dari kukusan biarkan dingin sekitar 10 menit,Lanjut keluarkan dari cetakan, potong sesuai selera,Goreng dengan margarin rose brand hingga kecoklatan,Alhamdulillah chicken Luncheon vegetable sudah selesai. Selamat mencoba"
ayam,https://cookpad.com/id/resep/25008854,190. Cireng Ayam Suwir,"350 gr tepung tapioka,35 gr tepung terigu,300 ml air,5 buah bawang putih,1 sft kaldu bubuk,250 gr dada ayam fillet rebus,4 buah sosis besar potong dadu,10 cabai rawit,10 cabai keriting,5 bawang merah,5 bawang putih,1 ruas jari kencur,1 ruas jari jahe,5 lembar daun jeruk,1 sdt garam,1 sdt penyedap,1 sdt gula pasir","Rebus ayam dengan daun salam dan serai sampai empuk lalu suwir ayam (saya pakai mixer) lalu tumis bumbu halus sampai wangi dan tanak masukkan sosis dan ayam beri seosening cek rasa, bila dirasa sudah pas tumis terus sampai agak kering lalu sisihkan,Setelah itu kita buat kulitnya, dalam wadah campur semua pertepungan, lalu dalam panci masak air bawang dan seosening sampai mendrih lalu tuany ke dalam wadah tepung tadi uleni sampai bisa dipulung,Timbang masing-masing 19 gr ada sebagian 20 gr lalu pipihkan isi dengan ayam suwir lalu lipat membentuk pastel,Lalu panaskan minyak sebelum minyak bener"" panas bisa masukkan cireng sambil terus diaduk agar tidak meledak"
ayam,https://cookpad.com/id/resep/25005434,Ayam Suwir Bumbu Lodeh Tuban Pedas,"300 gr dada ayam, Bumbu lodeh tuban, Kaldu ayam,1 sachet masako,1/4 sdt garam","Rebus dada ayam dengan air sampai dada ayam tenggelam saja masukan garam rebus sampai matang angkat lalu pukul pukul dengan ulekan di atas cobek sampai ayam menjadi gepeng dan lalu suwir,Tumis bumbu lodeh sampai kesat,Lalu masukan kaldu ayam bekas rebusan aduk sampai bumbu lodeh larut agak kesat baru masukan ayam suwir aduk sampai rata dan aduk lagi sampai kesat matikan kompor dan ayam suwir bumbu lodeh tuban pedas siap di sajikan"
ayam,https://cookpad.com/id/resep/22672908,Opor Ayam (ala chef Rudy),"500 gr daging ayam,potong²,cuci bersih,1 sachet bumbu Des*ku Marinasi,3 sdm air,1 btng serai,geprek,2 cm jahe,geprek,2 cm lengkuas,geprek,2 lmbr daun jeruk,buang tulang daun tengahnya,2 lmbr daun salam,5 siung bawang merah,3 siung bawang putih,3 butir kemiri sangrai,5 sdm minyak goreng,250 ml air,500 ml santan (1 bks santan instant 65ml + air),1 sdt garam,1 1/2 sdt gula pasir,1/2 sdt lada bubuk,secukupnya bawang merah goreng utk taburan","Campur rata ayam dgn bumbu marinasi & air,diamkan sekitar 30 menit.,Tumis bumbu halus sampai harum & benar² matang,tambahkan daun jeruk,daun salam,jahe,serai & lengkuas.,Masukkan ayam yg sdh dimarinasi,aduk² & masak sampai ayam berubah warna. Tuang air,masak sampai ayam empuk (sekitar 10 menitan).,Tuang santan,bumbui garam,gula,dan lada bubuk,aduk sampai mendidih,koreksi rasanya. Masak lg sekitar 10 menit,lalu angkat & sajikan dgn taburan bawang merah goreng."
ayam,https://cookpad.com/id/resep/25006297,Chicken Katsu Homemade,"1 Dada ayam filet (tidak ditimbang),5 siung bawang putih,1 ruas Jahe,1 sdt merica bubuk,2 sdm minyak wijen,2 sdm kecap asin,secukupnya Garam,3 sdm tepung bumbu,6 sdm Tepung terigu, Tepung panir untuk baluran","Potong ayam tipis, kurang lebih ketebalan 1 cm,Marinasi ayam dengan bawang putih dan jahe yang telah dihaluskan, minyak wijen, kecap asin, merica bubuk dan garam selama 30 menit (simpan dikulkas),Tambahkan tepung bumbu dan tepung terigu campur di ayam beri air (jangan terlalu encer),Balurkan dengan tepung panir,Chicken katsu bisa langsung goreng atau disimpan di freezer buat stock."
ayam,https://cookpad.com/id/resep/25004693,Homemade Chicken Bratwurst (Sosis),"650 gram fillet paha ayam,50 gram lemak ayam,50 gram putih telur,5 gr baking powder double action,50 gram tepung tapiokan rose brand,25 gram gula pasir rose brand,1/2 sendok teh penyedap Asatu rose brand,20 gram garam,1 sendok makan smoked powder,1 sendok teh garlic powder,1 sendok teh onion,1 sendok teh angkak powder,1,5 sendok teh bumbu bradwurst,1 sendok teh parsley bubuk (optional),Secukupnya cetakan sosis (ini saya pakai),1 pcs selongsong 23,55 mm (tanpa cetakan: untuk disimpan, sebuah catatan),1 gulung benang wol warna putih (potong uk 7 cm; saya tidak pakai)","Siapkan bahan, bersihkan daging. Daging ayam (jika beku sebaiknya dicairkan terlebih dahulu karena akan berpengaruh pada tekstur) harus bagian paha untuk hasil lembut dan juicy (dada ayam cenderung lebih padat dan keras). Lemak ayam bisa diambil dibagian paha atas, biasanya berwarna putih terletak dibawah kulit. Masukkan semua bahan chopper (saya gunakan gilingan bumbu phillip, jadi sya haluskan daging dan es). Note: jika beli daging ayam yang sudah digiling sebaiknya memakai air es.,Jika sudah diblend dagingnya taruh dalam wadah mangkuk. Masukkan semua bahan dan bumbu, aduk hingga betul-betul rata.,Masukkan dalam plastik piping bag. Olesi cetakan dengan minyak goreng.,Gunting ujung piping bag, semprotkan adonan ke cetakan. Tekan untuk memadatkan adonan.,Lalu tutup cetakan. Panaskan kukusan hingga didih pinggir meringis saja air panasnya. Kukus adonan dengan api sedang, _+ 5-10 menit atau sesuaikan dengan panas api masing-masing. Note: Api sedang kecil, air saat mulai mendidih pertama masukkan adonan dalam cetakan.,Jika sudah angkat dan lepas sosis dari cetakan, lakukan lagi hingga adonan habis. Siapkan wadah saji. Sajikan langsung atau diolah sesuai selera. Bisa disimpan 10 hari dalam freezer. Selamat mencoba, salam koki dapur rumahan."
ayam,https://cookpad.com/id/resep/25006900,Ayam Goreng Serundeng Sat set (Posbar #42),"800 gr ayam (4 paha besar + 4 sayap),150 gr kelapa parut,2 batang sereh,geprek,1 sachet bumbu marinasi,1 sachet bawang putih bubuk,1/2 sachet lada bubuk,1 SDM gula pasir,2 SDM air","Siapkan bahan,Campur semua bahan,aduk rata,Siapkan kukusan alasi dengan daun pisang,masukan ayam lalu kukus kurleb selama 25 - 30 menit atau sampai matang,Biarkan dingin,Goreng hingga matang kuning kecoklatan,angkat,Sajikan dengan sambal dan nasi panas (ga keburu bikin sambal nya)"
ayam,https://cookpad.com/id/resep/25006182,34°°° Ayam goreng kelapa (serundeng),"1 kg ayam,1/2 kelapa parut,2 sdm BUMBU DASAR PUTIH,1 sdt kunyit bubuk,1 sdt lada bubuk,2 sdt ketumbar bubuk,2 sdt kemiri bubuk,1 sdt garam gula penyedap,2 SDM Air,1 SDM tepung maizena","Siapkan bahan,Campur SEMUA BAHAN jadi satu,Aduk rata, Diamkan kurang lebih 5 menit, biar bumbu meresap,Kukus hingga matang,Angkat lalu goreng,Sajikan dengan sambal favorit"
ayam,https://cookpad.com/id/resep/25002019,Ayam Goreng Oseng Bawang,"500 gr ayam,100 gr bawang merah kecil utuh,15 buah cabe rawit (yang suka pedas boleh disesuaikan),1 tangkai daun bawang,1/2 sdt garam,sejumput gula (optional),1/4 sdt kaldu bubuk,1/4 sdt lada,secukupnya Minyak","Potong ayam sesuai selera,Cuci bersih, kemudian marinasi dengan garam, lada dan kaldu bubuk,Kupas bawang merah, bawang yang ukurannya kecil tidak usah dipotong. Jika bawang besar - besar potong menjadi 2 bagian,Iris tebal daun bawang dan potong cabe rawit merah,Siapkan wajan dan panaskan minyak,Masukkan ayam di minyak panas dan goreng hingga matang,Tiriskan ayam yang sudah matang,Siapkan wajan dengan sedikit minyak,Masukkan bawang, cabe rawit dan daun bawang bagian bawah ketika minyak sudah panas,Oseng sampai setengah matang, kemudian masukkan ayam,Tambahkan garam, gula, kaldu bubuk dan lada,Jika semua bahan sudah agak matang, masukkan daun bawang bagian atas,Makanan siap disajikan"
ayam,https://cookpad.com/id/resep/25009224,Sandwich chicken luncheon saos bechamel,"2 potong roti,2 potong homemade chicken luncheon,Secukupnya saos tomat dan saos sambal,1 sdm margarin,1 sdm tepung terigu,100 gr keju cheddar parut,250 ml susu uht,Secukupnya biji pala bubuk, lada bubuk dan garam","Buat saos bechamel: panaskan margarin, masukkan terigu aduk masukkan susu sedikit demi sedikit sambil diaduk sampai tepung larut.,Tambahkan keju dan seasoning. Masak hingga mengental,Panggang roti dengan margarin hingga kecoklatan, angkat dan sisihkan,Pan chicken luncheon hingga agak brownie dengan margarin, angkat dan sisihkan,Ambil roti, beri saos bechamel, lalu lapisi dengan tomat, chicken luncheon dan saos. Tutup kembali dengan roti,Sajikan"
ayam,https://cookpad.com/id/resep/25005666,Soto Ayam,"1/2 ekor ayam (6-8 potong),2,5 Liter air,2 batang serai, geprek,2 lembar daun salam,15 lembar dau jeruk,1 sdm garam / disesuaikan,1/2 sdm kaldu ayam,1/4 sdm gula pasir,2 batang daun bawang, iris, Bahan tumis:,15 siung bawang merah,5 siung bawang putih,5 butir kemiri,1 sdt ketumbar bubuk,1/2 sdm jahe halus,1/4 sdm kunyit halus,1/2 sdt lengkuas halus,1/4 sdt lada bubuk, Bahan pelengkap:, Bihun yang sudah direbus,4 batang seledri,iris, Perkedel kentang, Sambal cabe","Didihkan air, lalu masukkan ayam.,Campurkan semua bahan tumis, lalu blender hingga halus.,Panaskan minyak, lalu tumis bumbu yang tumis hingga wangi. Kemudian masukkan serai, daun salam dan daun jeruk, tumis hingga layu.,Masukkan bahan tumis kedalam air rebusan ayam, tambahkan garam dan kaldu, aduk rata dan masak hingga meresap (30 menitan). Angkat ayam dan sisihkan. Untuk ayam boleh digoreng atau langsung disuwir.,Masukkan minyak soto (bisa diskip), dan irisan daun bawang,masak hingga meresap. Matikan api.,Penyajian: masukkan bihun dan perkedel, taburi ayam, lalu sirami dengan kuah soto. Setelah itu, taburi dengan seledri, terakhir masukkan cabe. Soto ayam siap disantap."
ayam,https://cookpad.com/id/resep/25006143,Ayam Suwir/Giling Utk Aneka Isian Snack,"400 gr ayam fillet,1 bks santan instan Rose Brand,100-200 ml air,Secukupnya garam, gula, lada &amp; kaldu bubuk,6 siung bawang putih,7 siung bawang merah,3 butir kemiri,1 sdt ketumbar,2 lbr daun salam,4 lbr daun jeruk, buang tulangnya,2 ruas jari lengkoas, digeprek,2 ruas jari jahe digeprek (ini tambahan saya),1 btg sereh, digeprek (ini tambahan saya)","Cuci bersih ayam fillet, lalu rebus sampe empuk baru disuwir2 ayamnya. Tapi klo mau cepat & gak mau terlalu cape bisa di blender chopper kasar, ayamnya gak perlu direbus dl ya.,Siapkan bumbu halus & bumbu cemplungnya. Uleg semua bahan bumbu halus, lalu sisihkan.,Tumis bumbu halus bersama dgn bahan bumbu cemplungnya sampe harum. Lalu masukkan ayam suwir/gilingnya, aduk rata sampe tercampur dgn bumbu & ayam berubah warna.,Tuang air & santan instan Rose Brand, aduk2 lagi lalu beri garam, gula, lada & kaldu bubuk, aduk2 lagi sambil koreksi rasa ya.,Klo sdh pas rasanya, diamkan tapi sesekali diaduk2 ya sampe airnya menyusut/asat, artinya sdh matang.,Setelah dingin, ayam suwir gurih ini bisa digunakan utk isian aneka macam snack spt sosis solo, lemper, cireng atau roti goreng.,Kemarin itu pas ada pesenan snack, jadi saya pake ayam suwir ini utk isian sosis solo & lemper (ini bisa utk 50 pcs sosis solo aja atau 50 pcs lemper aja)."
ayam,https://cookpad.com/id/resep/25003571,Homemade Chicken Frankfurter,"650 gr Fillet paha ayam (mix 400 Sapi + 250 Paha Ayam),50 gr Lemak ayam/Kulit Ayam Rebus,50 gr Tepung tapioka,5 gr Baking powder double acting,50 gr Putih telur,190 gr Air es/es serut,1,5 sdt Bumbu Frankfurter,1 sdm Smoked powder,1 sdt Parsley kering,1 sdt Onion powder,1 sdt Garlic powder,20 gr Garam,1/2 sdt Micin,25 gr Gula,1/2 bagian Selongsong sosis kolagen uk 18,45mm,secukupnya Benang woll,secukupnya Air es untuk merendam","Siapkan semua bahan, pastikan ayam segar dan lemak diambil dari paha atas. Giling ayam, lemak, dan putih telur hingga halus. Tambahkan air es, baking powder, tapioka, gula, micin, garam, dan semua bumbu. Aduk rata.,Masukkan adonan ke plastik segitiga, potong ujungnya. Potong selongsong menjadi 2 bagian, Isi selongsong sosis dengan adonan (1 selongsong bisa jd 2 resep), tekan perlahan agar tidak ada rongga udara.

Ukur panjang sosis 17 cm, ikat dengan benang woll. Tusuk sosis dengan jarum untuk mengeluarkan gelembung udara.,Rebus sosis di air 75°C selama 15-20 menit hingga kenyal. Angkat dan rendam sosis di air es, tiriskan.,Oven sosis di suhu 60°-100°C selama 15-20 menit, balik secara berkala. Gunting dan lepas benang, sosis siap diolah atau disimpan. Tahan 10hr di chiller, 2 bln di freezer."
ayam,https://cookpad.com/id/resep/25003338,H159. Ayam Kepal dan Kacang Panjang Kukus (11 month+),"45 gram daging ayam giling,1 butir telur puyuh,Segenggam daun bayam, cincang,1 siung bawang putih ukuran kecil, cincang halus,1 sdt bawang merah cincang,1/2 sdm kelapa parut,20 gram kacang panjang, potong2","Campur dan aduk rata semua bahan kecuali kacang panjang. Bentuk lonjong sebanyak 6 bagian.,Kukus ayam kepal dan kacang panjang selama 15 menit."
ayam,https://cookpad.com/id/resep/24994338,Oseng Ayam,"6 potong ayam (sy sudah diungkep),1 papan Pete, ambil bijinya, belah dua,1 buah tomat, potong-potong,5 siung bawang merah, iris,3 siung bawang putih, iris,1/4 buah bawang bombay, iris,2 butir kemiri (sy skip),1 ruas kunyit (sy skip),5 lembar daun jeruk,2 lembar daun salam,1/2 sdt garam,1 sachet royco sapi (sy pakai 1 sdt saus tiram),1 sdm gula pasir (sy skip),5 buah cabe merah, iris serong,5 buah cabe hijau, iris serong,Secukupnya Minyak goreng,200 ml Air","Rebus /ungkep dulu ayam hingga masak. Potong-potong atau iris bahanny. Sisihkan.,Panaskan minyak untuk menumis, kemudian tumis bahan iris, Aduk rata sama daun jeruk, daun salam dan petenya, tumis hingga harum.,Tambahkan air masak sampai mendidih, lalu masukkan ayamnya juga, aduk sebentar hingga bumbu tercampur rata.,Lalu tambahkan tomat, garam dan saus tiram, aduk2 dan cek rasa nya. Tunggu hingga bumbu meresap dan kuah menyusut.,Angkat dan sajikan👍👍."
ayam,https://cookpad.com/id/resep/25000378,Ayam Bakar (Menu Anak),"250 gr ayam (5 potong ukuran sedang),2 lembar daun salam,2 lembar daun jeruk,1 sdm bumbu ayam goreng instan,1 gayung air bersih,3 sdm santan instan,1 sdt kecap manis,5 siung bawang merah,3 siung bawang putih,1 ruas kunyit,1 buah kemiri,1/2 sdt ketumbar butiran","Siapkan bumbu halus. Giling hingga halus,Dalam wajan tata ayam, masukkan daun salam, daun jeruk, bumbu instan ayam goreng dan bumbu halus,Masukkan air. Lalu ungkep 30-40 menit dengan api kecil dengan wajan ditutup,Setelah air menyusut (tidak sampai kering) buka tutup wajan. Masukkan santan instan. Aduk rata, ungkep lagi hingga air tersisa sedikit,Tiriskan ayam ke dalam piring. Biarkan hingga uap panas hilang,Sisa kuah ungkep ayam tadi beri kecap manis, aduk rata. Kuah ini untuk baluran ayam saat dipanggang,Setelah uap panas ayam hilang, panggang diatas teflon dengan api paling kecil. Baluri bagian atas dengan bumbu kecap tadi,Balikkan ayam setelah bagian bawah yang dipanggang kecoklatan. Lalu balur dengan bumbu kecap,Balikkan kembali sisi atas, lalu panggang hingga bumbu kecap kecoklatan (tidak gosong),Setelah matang, tata ayam bakar dalam piring,Siap untuk disantap, yummy 🤤"
ayam,https://cookpad.com/id/resep/25000485,Ayam Semur Pedas," Sereh, Daun Jeruk, Daun salam, Garam, Kaldu Jamur, Gula pasir, Kecap, Air, Ayam yg sudah direbus, Bawang merah, Bawang putih, Kemiri, Cabe Keriting, Cabe rawit","Tumis bumbu yang sudah dihaluskan.,Kemudian masukkan daun jeruk dan sereh, daun salam. aduk hingga harum,Masukkan ayam yg sudah direbus dan diaduk,Kemudian masukkan air. beri penyedap rasa, kecap. tunggu bumbu hingga mengental. dan jangan lupa koreksi rasa"
ayam,https://cookpad.com/id/resep/24997882,*Homemade Chicken Luncheon*,"500 gr paha ayam fillet,60 gr putih telur,50 gr bawang putih, parut halus,85 gr bawang Bombay. Cincang halus,1 buah wortel, parut halus,1 sdt Desaku cabe bubuk,1 sdt ladaku bubuk,Sejumput garam,1 Sdm kecap asin,1 Sdm kecap ikan (me, saus tiram),1 sdt kaldu bubuk,1 sdt gula pasir Rose Brand,80 gr tepung maizena Rose Brand,80 ml minyak goreng","Siapkan bahan, keluarkan ayam dari frezzer lalu potong kecil2 (agar mudah menghaluskannya), masukkan kechopper bersama semua bumbu, kecuali maizena dan minyak goreng, haluskan,Lalu masukkan minyak goreng dan maizena,haluskan kembali dan ratakan dan biarkan 30 detik. Siapkan loyang atau cetakan tahan panas, oles dengan minyak dan alasi bagian dasarnya dengan baking paper,Tuang adonan ke dalam cetakan lalu kukus ± 30 menit, angkat dan biarkan hingga dingin,Lalu keluarkan dari cetakan, potong2 dan bisa langsung dinikmati atau dipanggang diteflon dengan margarine atau juga simpan dalam wadah tertutup dan simpan dalam kulkas untuk Frozen."
ayam,https://cookpad.com/id/resep/24939391,Tongseng ayam,"300 g ayam sayap dipotong2,1 santan instan 65 ml,1 daun salam,1 batang serai,3 daun jeruk,700 ml air,sesuai selera Kecap,1,5 sdt garam,sesuai selera Lada bubuk,6 cabe rawit merah,2 buah cabe merah iris. (Kalo mau diulek boleh),secukupnya Kol,2 tomat,5 bawang merah,3 bawang putih,1 sdt ketumbar,1 ruas kunyit,1 ruas jahe","Ayam dipotong kecil2, saya pakai sayap ayam. Siapkan bumbu halus.,Haluskan bumbu halus. Tumis bumbu halus, salam, sereh, daun jeruk hingga harum.,Masukkan ayam, masak hingga berubah warna,Tambahkan air, masak hingga mendidih. Masukkan santan, garam, lada bubuk. Masak hingga meresap kira-kira 30 menit.,Menjelang diangkat, masukkan tomat, cabe iris dan kol. Masak sampai agak layu.,Siap dihidangkan"
ayam,https://cookpad.com/id/resep/24977003,Ayam pop,"4 potong ayam (aku 2 paha fillet seadanya),1 buah wortel (skip lg kosong😅),1 batang sereh geprek,1 jari lengkuas,1/2 ruas jahe (aku skip),3 lembar daun jeruk,4 lembar daun salam,2 siung bamer,1 siung baput, Gula garam penyedap,Secukupnya air,65 ml santan","Tumis semua bumbu sampai wangi, tambahkan air,Masukan ayam, rebus sampai matang,Tambahkan santan dan bumbu2, koreksi rasa, masak lagi sebentar sampai ayam empuk. Ayam pop siap disajikan dengan nasi 😋"
ayam,https://cookpad.com/id/resep/24993332,Cah sayur asin ayam udang,"300 grm sayur asin (kira2),1 buah tahu kuning,100 grm ayam fillet,50 gran udang,10 baso ikan kecil,3 siung bawang putih geprek,1 sdm saos tiram,1/2 sdt garam,1/2 sdt penyedap,1 /2 sdt gula,secukupnya air","Cuci. bersih. sayur asin dan potong2,Potong tahu.,Udang kupas secukupnya,Tumis. bawang putih hingga. harum,masukkan ayam,udang,tumis sampai berubah warna, masukkan. tahu, tambahkan air. dan bumbu2,Koreksi rasa. dan siap d hidangkan"
ayam,https://cookpad.com/id/resep/24957741,Ayam Petis Khas Banjarnegara,"4 potong paha ayam,500 ml air,65 ml santan instan,1/4 keping gula merah,100 gr kelapa parut,2 lembar daun salam,2 lembar daun jeruk,2 tangkai sereh,1 ruas jahe,1 sdt ketumbar bubuk,1/2 sdt kunyit bubuk,3 butir kemiri,7 siung bawang putih,7 siung bawang merah,1,5 sdt garam,Secukupnya lontong,Secukupnya sayur lodeh","Membuat koya : 
Sangrai kelapa parut hingga kering kemudian haluskan hingga keluar minyak.,Siapkan bumbu lain, haluskan bumbu kemudian tumis bersama bumbu aromatik hingga harum dan tanak,Masukkan paha ayam, masak hingga berubah warna kemudian tambahkan santan dan air.,Masukkan gula merah dan koya, aduk rata. 
Masak hingga kuah meresap dan mengental.
Sajikan dengan lontong dan sayur lodeh"
ayam,https://cookpad.com/id/resep/24997483,Luncheon ayam,"500 gr paha ayam fillet (freezer dulu 1 jam),2 butir putih telur (skip kuningnya),5 siung bawang putih (haluskan),1 buah bawang Bombay (haluskan),1 1/2 sdt angkak (saya ganti pala bubuk),1/2 sdt merica,3/4 sdt garam,1 sdm kecap asin,1 sdm kecap ikan,1/2 sdt kaldu jamur,2 sdt gula pasir rose brand,80 gr tepung maizena rose brand,80 ml minyak goreng","Siapkan bahan,Masukkan semua bahan kecuali tepung maizena dan minyak goreng. Masukkan bumbu halus lalu campur rata,Setelah itu masukkan maizena dan minyak goreng.icip dengan menggoreng sedikit adonan,Siapkan wadah anti panas lalu olesin minyak goreng dan lapisi dengan baking paper.tuang adonan lalu padatkan,Panaskan kukusan lalu kukus adonan selama 30 menit,Iris saat luncheon sudah di suhu ruang lalu sajikan. Boleh lgsg dimakan dan boleh juga di panggang dengan margarin atau bisa juga untuk stok Frozen food (mealprep)"
ayam,https://cookpad.com/id/resep/25009271,18) Chicken Buttermilk Sederhana,"200 g Dada ayam fillet,50 g Tepung serbaguna,200 ml Minyak goreng,2 siung Bawang putih,2/3 lembar daun jeruk,20 g Mentega,100 ml Susu cair,30 g Keju parut,1/4 sdt Garam","Potong ayam, balur dengan tepung, lalu goreng hingga keemasan. Tiriskan.,Tumis bawang putih cincang dengan mentega hingga harum. Masukkan potongan daun jeruk.,Masukkan susu cair, keju, dan garam. Aduk hingga keju larut dan saus mengental.,Masukkan ayam goreng ke dalam saus, aduk rata, sajikan hangat."
ayam,https://cookpad.com/id/resep/25003629,Ayam Bakar Bumbu Kacang ala Sunmor Jogja,"1 kg ayam negeri (saya pakai dada),1 bh jeruk nipis,1/2 sdm garam,10 butir bawang merah,6 butir bawang putih (saya pake kating),2 sdt ketumbar bubuk,4 sdm kecap manis,Secukupnya garam,Secukupnya air panas,200 gr kacang tanah yang sdh digoreng dan di haluskan,10 bh cabe merah besar,100 gr gula merah (saya pake 2 keping kecil),1 bh santan instan kecil 65 gr (saya pake sasa santan),3 btg serai memarkan,2 cm lengkuas memarkan,4 cm kunyit,4 cm jahe,4 lembar daun salam,4 lembar daun jeruk,2 sdm gula pasir","Ayam kucuri air jeruk nipis dan garam. Aduk rata, diamkan sebentar (10menit).. lalu cuci bersih dan sisihkan. Haluskan terpisah bumbu ayam (bawang merah dan putih) haluskan juga tersendiri (cabe merah, jahe, kunyit, ketumbar),Tumis bawang merah bawang putih yang sdh dihaluskan hingga harum, masukkan bumbu aromatik (serai, lengkuas, daun salam dan daun jeruk) setelah wangi baru tuang bumbu halus lainnya (cabe merah, jahe, kunyit, ketumbar) aduk rata, masukkan air panas dan kacang yang sudah dihaluskan. Masak hingga mendidih,Masukkan ayam aduk rata, masukkan bumbu lain (gula merah, kecap, garam, gula pasir, juga santan instan) masak hingga kuah mengering dan menyusut. Test rasa. Bakar di teflon agar ada aroma smokey.. siap disajikan dengan ditaburi bawang goreng dan nasi hangat"
ikan,https://cookpad.com/id/resep/24467153,Ikan Nila bakar 🐟(airfryer),"2 ekor ikan nila, bersihkan lalu marinasi dgn bumbu racik ikan,Secukupnya margarin,Secukupnya kecap manis, Sambal kecap:,Secukupnya cabe rawit merah,Secukupnya cabe rawit hijau,1 buah tomat merah,1 buah jeruk limo,4 siung bawang merah,1/2 sdt gula pasir,1/2 sdt garam,Secukupnya kecap manis","Siapkan bahan"" nya
Bersihkan ikan nila, lalu dimarinasi dgn bumbu racik ikan
Iris cabe, bawang dan tomat.. 
Tambahkan gula, garam & perasaan jeruk limo
Aduk rata.. Sisihkan dulu,Masukan ikan ke air fryer masak sampai setengah matang.. 
Lalu oleskan dengan margarin & kecap manis.. 
Masak di air fryer suhu 150 selama 7-10 menit 
Balik ikan, lakukan hal sama,Comot ikannya..siram dengan kecap & potongan cabe bawang tomat nya..
MasyaAllah.. Nikmat mana lagi yg kau dustakan..

Selamat mencoba yaa 😊👌❤"
ikan,https://cookpad.com/id/resep/24609032,Gurame Panggang Oven,"9 siung bawang merah,5 siung bawang putih,5 cabai keriting merah,1 ruas jahe,1 ruas kunyit,1 sdt ketumbar,1 sdt merica,1.5 sdt garam,1 sdm gula jawa,2 buah perasan air jeruk nipis untuk mencuci ikan,3 sdm kecap manis,1 sdm saos tiram,1 sachet kaldu bubuk (8g),2 sdm minyak goreng","Cuci ikan dengan perasan jeruk nipis secukupnya. Blender semua bumbu halus sampai lembut, tambahkan bumbu tambahan. Campur sampai rata.,Marinasi ikan yang sudah dibaluri bumbu, masukkan ke dalam pendingin minimal 4-5 jam dengan wadah tertutup. Panggang ikan selama 30 menit di alas yang sudah diberi margarin. Lalu balik ikan, panggang lagi selama 15 menit di suhu 280 decel. Cek kematangan ikan. Sajikan bersama dengan sambal dan lalapan."
ikan,https://cookpad.com/id/resep/24574094,201. Dori Katsu,"1 ekor dori frozen,1/2 sdm terigu,1 butir telur,1 sdm susu cair,Secukupnya tepung roti,Secukupnya minyak, untuk menggoreng","Siapkan bahan. Potong dori. Kocok telur dengan susu, campur dengan terigu,Masukkan dori ke campuran telur lalu ke tepung roti sambil agak ditekan,Panaskan minyak. Goreng dalam minyak panas, api stabil sedang sampai kuning kecoklatan. Masukkan ke freezer dalam wadah tertutup jika tidak langsung digoreng"
ikan,https://cookpad.com/id/resep/15824304,Sambal ikan bakar,"1 potong sisa ikan bakar,2 siung bawang merah,5 buah rawit,1/2 sdt terasi bubuk,1/2 sdt garam,1/4 sdt gula pasir,Secukupnya Minyak goreng untuk menumis,Secukupnya air bersih","Ulek bumbu halus, jangan terlalu halus yaa..,Tumis bumbu halus, tambahkan terasi bubuk.,Suir ikan bakar, masukan dalam tumisan sambal,beri sedikit air, aduk rata.,Masak sampai air menyusut dan set, tes rasa. Siap dihidangkan"
ikan,https://cookpad.com/id/resep/24605454,47. Tumis Ikan Cue Keranjang,"3 keranjang ikan cue (1keranjang isi 2ikan), cuci bersih,4 siung bawang merah, iris,3 siung bawang putih, iris,5 buah cabe rawit,5 buah cabe ijo,1 buah tomat,secukupnya garam,secukupnya penyedap,secukupnya gula,secukupnya minyak untuk menumis,2 helai daun salam,2 potong kecil lengkuas","Goreng ikan cue sampai matang/ agak kecoklatan, lalu tiriskan.,Tumis bawang bawang, cabe cabean sampai harum,Masukkan ikan cue, tambahkan sedikit air.,Tambahkan penyedap dan gula,Masak lagi, tunggu sampai bumbu meresap,Angkat dan sajikan"
ikan,https://cookpad.com/id/resep/24597302,Ikan Nila Acar Kuning,"2 ekor ikan nila,1 buah timun,1 buah wortel,10 buah cabe rawit,1 buah jeruk nipis,1 sdm air jeruk nipis,4 siung bawang putih,6 butir bawang merah,2 butir kemiri,1 ruas kunyit,secukupnya Garam,secukupnya Gula,secukupnya Kaldu bubuk,1 batang serai digeprek,4 butir bawang merah digeprek","Bersihkan ikan nila, kucuri jeruk nipis dan garam biarkan ± 5 menit, lalu bilas sampai bersih,Panaskan minyak dalam wajan, lalu ikan nila digoreng sampai matang kuning kecoklatan, tiriskan,Kupas timun dan wortel lalu dipotong, potong memanjang atau sesuai selera,Tumis bumbu sampai harum lalu tambahkan air, masak sampai mendidih,Masukkan ikan nila, masak sampai mendidih dengan api sedang, tambahkan garam, gula dan kaldu bubuk,Lalu masukkan irisan wortel, bawang merah yg sudah digeprek, masak sampai layu, tambahkan air jeruk nipis,Terakhir masukkan irisan timun dan cabe rawit, aduk pelan pelan, masak sampai mendidih, koreksi rasa,Sajikan"
ikan,https://cookpad.com/id/resep/24607858,Sayur Labu ikan asin jambal roti,"100 gram ikan asin jambal roti,1 ikat sayur (daun labu/daun katu),250 gram labu kuning,500 mL santan encer,Sedikit minyak goreng untuk menggoreng ikan asin,7 buah bawang merah,3 buah bawang putih,2 buah cabe merah keriting,1 ruas kunyit,1 ruas laos,1 batang sereh,Secukupnya garam, gula dan bubuk kaldu","Sayur dibersihkan, ikan asin jambal rotinya di rendam dalam air diberi sedikit garam (saya rendam 1 jam lalu dibilas air bersih), bumbu diiris. Labu di potong kecil,Goreng terlebih dahulu ikan asinnya. Masak bumbu iris dalam panci bersama air santan encer dan labu, setelah labu agak lembut baru masukkan sayur,Masak hingga sayuran layu, masukkan ikan asin, jangan lupa beri garam, gula dan bubuk kaldu, test rasa,Ini rasa ikan asinnya sudah lebih tawar dan lembut"
ikan,https://cookpad.com/id/resep/24613916,Pempek Lenjer Ikan Gabus,"1 kg ikan gabus giling,2 butir putih telur,1 sdt bawang putih halus,700 ml air dingin,30 gram garam halus,10 gram penyedap rasa,700 gram tepung tapioka,Secukupnya tepung tapioka (baluran),Secukupnya air (merebus),2 sdm minyak goreng","Mixer ikan giling,air,putih,telur,dan bawang putih selama 1 menit.,Tambahkan garam dan penyedap. Mixer selama 1 menit sampai adonan kental (tidak jatuh saat diangkat dengan spatula).,Tambahkan tepung tapioka,mixer selama 4 menit.,Sambil mengadon,didihkan air yang ditambahkan minyak goreng. Mulai bentuk pempek saat air mendidih. Timbang adonan 250 gram. Siapkan telenan,lumuti telapak tangan dengan tapioka,,rounding adonan,lalu giling memanjang. Tekan kedua ujungnya dengan jari agar rata. Masukkan ke dalam air mendidih.,Rebus pempek sampai mengambang (tanda sudah matang). Angkat pempek,tiriskan airnya dan dinginkan.,Pempek bisa langsung disajikan atau digoreng. Potong pempek sesuai selera. Goreng di minyak panas sebentar saja. Siap disantap dengan cuko pedas manis🥰"
ikan,https://cookpad.com/id/resep/24612297,Mpek-Mpek Ikan Tengiri,"2 kg ikan tengiri,100 gr bawang putih,4 butir putih telur,1 kg tapioka cap pak tani,1 sz masako,Secukupnya garam","Cuci bersih ikan, fillet. Giling ikan bersama bawang putih hingga halus lalu tambahkan telur, tapioka, garam dan penyedap rasa. (Me: bawa ke penggilingan daging),Didihkan air lalu bentuk adonan bulat-bulat seperti bakso. Masak hingga adonan mengapung lalu angkat dan tiriskan.,Untuk membuat cuko: Sangrai ebi (udang kering) lalu haluskan. Bawang putih dan cabe rawit dihaluskan juga.,Rebus gula merah, air hingga mendidih lalu masukkan ebi, cabe yang sudah dihaluskan. Jangan lupa asam Jawa. Biarkan mendidih lalu angkat dari perapian dan saring.,Goreng Mpek-Mpek hingga kuning kecoklatan. Sajikan bersama cuko dan irisan timun."
ikan,https://cookpad.com/id/resep/24609789,Mangut lele,"5 ekor ukuran sedang (saya potong 3 bagian),7 buah rica kriting,10 buah cabai merah,6 bawang putih,1 ibu jari lengkuas,1/4 ibu jari jahe,1/4 ibu jari kunyit,2 lembar daun salam,2 batang serai (memarkan),4 lembar daun jeruk,1 sdm bubuk ketumbar (desaku),1/2 sdt merica bubuk,5 buah kemiri,1 buah kelapa menghasilkan 500 ml santan encer dan 75 ml santan kental,secukupnya Garam,2 sdm Masako,secukupnya Penyedap","Cuci lele sampai bersih dengan air yang mengalir, lumuri dengan garam dan jeruk nipis cuci lagi sampai lendirnya hilang, terus kasih garam, di goreng,1 buah ukuran apapun, di sini kelapa kecil ya yang saya pakai lalu parut, peras ambil air dari yang kental dan encer (bisa menggunakan santan kara),Semua bumbu dasar di ulek sampai halus kecuali perdaunan, tumis dengan minyak secukupnya goreng hingga harum, setelah dirasa harum masukkan perdaunannya, lele yang di goreng dan santan encer tutup, tunggu sampai mendidih setelah masukkan garam, masako dan penyedap dan terakhir masukkan santan kental sambil diaduk-aduk agar tidak pecah,,,,Selemat mencoba 🤭🙏🏻🙏🏻"
ikan,https://cookpad.com/id/resep/24608740,Iwak Karing Saluang Cacapan Asam (ikan asin seluang),"2 genggam ikan asin seluang,2 bh bawang merah,2 bh bawang putih,2-3 bh cabe rawit (sy ganti sambal korek),2 sdt pasta asam jawa (sesuaikan selera),1 sdm gula pasir,1/2 sdt garam,Secukupnya penyedap,Secukupnya air panas","Goreng sebentar ikan saluang (tipis), angkat, tiriskan (foto dipenggorengan burem),Iris-iris bawang merah, bawang putih, dan cabe, masukkan dalam wadah,Tambahkan asam jawa, garam, gula, dan penyedap (sempet kelupaan cabe),Kemudian tambahkan sedikit air panas, aduk merata, diamkan (bawang akan agak layu). Sajikan dan masukkan ikan dalam cacapan"
ikan,https://cookpad.com/id/resep/16274864,Sambal Ikan Kering Teri,"150 gr ikan teri nasi,12 siung bawang merah,1/2 buah bawang bombai, potong kasar,4 siung bawang putih,80 gr cabe rawit,20 gr cabe merah keriting,1 batang sereh, iris tipis,1/2 sdt terasi,400 ml minyak goreng,Secukupnya gula garam dan kaldu bubuk","Rendam teri dengan air panas dan dialas kertas selama 1 jam, tiriskan. Kemudian goreng hingga kering. Sisihkan,Goreng bawang merah, bawang putih dan bawang bombai hingga layu. Sisihkan,Goreng cabe rawit dan cabe merah keriting hingga layu, sisihkan,Dinginkan minyak sisa menggoreng bahan tadi, setelah minyak dingin ambil sebagian untuk memblender cabe, bawang merah, bawang putih, sereh dan terasi. Kemudian tumis sambal dengan semua sisa minyak tadi, tambahkan gula garam dan kaldu bubuk, masak hingga matang dan tanak, jangan lupa koreksi rasa. Tunggu sampai sambal dingin.,Setelah sambal dingin, masukkan ikan teri yang sudah kita goreng tadi, aduk rata, dan siap di santap atau simpan di toples.,Tips sambal awet hingga 7 hari di suhu ruang : 
1. Masak sambal hingga tanak/matang.
2. Tunggu benar - benar dingin baru masukkan ke dalam wadah/toples.
3. Gunakan Toples bersih dan kering serta memiliki tutup yang rapat.
4. Setiap mengambil sambal gunakan selalu sendok bersih dan kering.
5. Selalu tutup rapat sambal setelah mengambil sambal ya dibutuhkan."
ikan,https://cookpad.com/id/resep/24403078,Makarel Bakar Simpel,"1 kg ikan makarel,1 sachet bumbu marinasi instan","Setelah ikan dicuci bersih lalu sayat-sayat badannya dan marinasi dengan bumbu marinasi ikan. Marinasi ikan minimal 30 menit agar bumbu meresap,Lalu grill ikan di atas pen hingga kedua sisinya matang. Jangan lupa sering dibolak-balik. Atau beri sedikit oleh semi minyak supaya tidak terlalu gosong,Sajikan ikan makarel bakar dengan sambal kecap atau sesuai sambal kesukaan"
ikan,https://cookpad.com/id/resep/24606046,Sambal Tongkol,"1 ekor ikan tongkol,1 buah terong, potong-potong dan goreng (tambahan dari saya),5 siung bawang merah,5 siung bawang putih,2 buah cabai merah besar,10 buah cabai rawit (suka pedas bisa ditambah lagi cabainya),6 buah tomat ukuran sedang,Secukupnya gula,Secukupnya garam,Secukupnya kaldu bubuk,Secukupnya minyak untuk menggoreng dan menumis","Siapkan ikan tongkol dan bahan sambalnya,Bersihkan ikan, lalu potong sesuai selera. Dan lanjut digoreng jangan sampai terlalu kering,Rebus terlebih dahulu bumbu untuk sambalnya, lalu dihaluskan,Tuang ke wajan jangan lupa beri bumbu gula, garam, kaldu bubuk...masak sampai agak susut airnya, lalu beri secukupnya minyak,Setelah diberi minyak masak lagi sampai matang, jangan lupa koreksi rasa, lalu masukkan ikan tongkolnya (me: plus terong goreng).,Selamat mencoba 😍"
ikan,https://cookpad.com/id/resep/24553387,Sop ikan gurame kuah segar,"1 ekor ikan gurame sedang,4 buah tomat hijau","Bersihkan ikan cuci bersih potong potong sesuai selera beri perasan jeruk nipis biarkan beberapa saat (15 menit) cuci kembali. Potong potong wortel, iris bawang merah, bawang putih, tomat daun jeruk dan sereh, langkuas, jahe cukup digeprek siangi daun kemangi.,Tumis bawang putih, bawang merah masukkan daun jeruk, langkuas, jahe sampai harum tambahkan air secukupnya. Setelah mendidih masukkan potongan ikan gurame masak sampai air agak berkurang. Masukkan juga cabe rawit merah utuh dan wortel masak sampai wortel empuk. Tambahkan lada bubuk, garam dan kaldu bubuk jamur.,Setelah masak koreksi rasa, terakhir masukkan tomat iris, daun bawang iris serta kemangi (maaf lupa kemanginya) 🙈. Sajikan selagi panas segar."
ikan,https://cookpad.com/id/resep/24600142,Asam pedas ikan lele," Ikan, Bawang merah, Bawang putih, Kemiri, Jahe, Lengkuas, Cabe, Asam matang, Cabe keriting, Daun jeruk","Marinasi ikan lalu goreng sembentar,Bumbu halus bawang merah, bawang putih, kemiri, jahe, lengkuas, cabe, cabe keriting,Tumis bumbu halus sampai matang masukan air,Tambahkan juga asam matang, dan daun jeruk lalu tambahkan penyedap rasa dan gula,Masukan ikan yang sudah di goreng lalu tunggu sampai mendidih koreksi rasa selesai"
ikan,https://cookpad.com/id/resep/17179312,Ikan Nila Goreng,"2 ekor ikan nila,1 bh jeruk nipis,Secukupnya garam,1/2 sdm bubuk kari,1/2 sdt bawang putih bubuk","Campurkan semua bahan
Marinasi kurleb 30 menit,Goreng hingga kuning keemasan,Sajikan dengan sambal favoritemu 
Selamat mencoba moms 💕"
ikan,https://cookpad.com/id/resep/24607599,Sambal Ikan Teri Kacang,"1 ons ikan teri nasi,1 ons kacang tanah,10 buah cabe merah keriting,15 buah cabe merah rawit,10 siang bawang merah,11 siung bawang putih, daun jeruk","Siapkan bahan bumbu halus nya cuci dan haluskan sisihkan terlebih dahulu,Lalu cuci ikan teri dan goreng setengah matang sisihkan,Kemudian goreng kacang sampai kecoklatan (maaf disini kacang terlihat gosong karena ada iklan si kecil minta diambilkan sesuatu 😥) sisihkan,Tumis Bumbu yang sudah dihaluskan tadi beri air sedikit masak sampai air menyusut,Beri garam, gula secukupnya dan daun jeruk,Setelah agak menyusut airnya masukan teri dan kacang yang sudah digoreng tadi aduk sampai matang,Hidangkan dengan nasi panas dijamin bikin boros nasi 😄maaf keen ya kalau Masak ada aja iklannya jadi ada yg terlihaat sedikit gosong 😄 selamat mencoba"
ikan,https://cookpad.com/id/resep/24470095,Ikan Bumbu Woku,"1 ekor ikan gurame fillet ukuran sedang,1 ikat daun kemangi,1 butir tomat merah potong kotak,3 lembar daun jeruk,1 batang bawang daun,2 buah cabai rawit,Secukupnya minyak goreng,Secukupnya air,Secukupnya garam gula merica micin,Opsional saus tiram,6 siung bawang merah,3 siung bawang putih,4 buah cabe merah,2 buah cabai rawit,2 biji kemiri,1 ruas kunyit,1 cm jahe","Goreng gurame sampai garing. Sisihkan. Blender halus semua bumbu beri sedikit air,Panaskan minyak goreng, tumis bumbu sampai harum, masukkan air. Masukkan semua bahan lalu beri perasa. Koreksi rasa lalu tunggu sampai mendidih."
ikan,https://cookpad.com/id/resep/24607134,Belanak Goreng ala Tintin Rayner,"500 gr ikan belanak,4 siung bawang putih,2 sdt ketumbar,3 cm kunyit,sesuai selera Garam,10 buah cabai merah besar,1 blok terasi kemasan kecil, bakar,2 butir bawang merah kecil,1 siung bawang putih,secukupnya Jeruk limau","Bersihkan dan cuci ikan belanak,Lalu lumuri dengan bumbu halus. Diamkan selama 2 jam,Panaskan minyak agak banyak lalu goreng ikan dengan api sedang sampai kecoklatan dan matang,Sambal terasi ulek semuanya jadi satu, lalu beri perasan jeruk limau Sajikan dengan sambal terasi"
ikan,https://cookpad.com/id/resep/24606153,Sambal Ijo Ikan Asin Kapasan,"45 gr ikan asin kapasan,Secukupnya garam, gula, kaldu bubuk,1 sdm air jeruk nipis,18 buah cabe hijau keriting,4 buah cabe rawit hijau,4 buah cabe hijau besar,5 siung bawang merah,3 siung bawang putih,Secukupnya minyak goreng","Siapkan bahan-bahannya,Blender bumbu-bumbunya. Jangan sampai halus ya,Goreng ikan asin kapasan, jangan sampai kering ya nanti keras. Tiriskan,Siapkan wajan panas, masukan adonan sambal ijo, tambahkan garam, gula dan kaldu bubuk. Masak sampai matang.,Pindahkan sambal ijo kedalam mangkuk, diamkan hingga adem. Setelah adem, campur ikan asin dengan sambal ijo, tambahkan jeruk nipis. Kemudian aduk rata. Plating di wadah saji. Siap disantap bersama nasi hangat dan krupuk."
ikan,https://cookpad.com/id/resep/24619724,"H5. Bubur Tuna, Wortel dan Buncis (6 month+)","20 gram beras,30 gram fillet tuna, cincang,10 gram wortel, cincang,10 gram buncis, iris tipis,400 ml air","Siapkan bahan2nya.,Tumis tuna dengan sedikit air hingga berubah warna. Masukkan air, masak hingga mendidih. Masukkan beras, masak hingga air berkurang setengahnya. Masukkan wortel dan buncis. Masak hingga bubur matang dan sayuran empuk.,Saring bubur. Ambil bubur yg di bagian bawah saringan. Buang ampas yg di atas saringan. Bagi dua dan simpan dalam wadah tertutup. Masukkan kulkas kalau belum dimakan.,Kukus bubur selama 5 menit sebelum dimakan, kalau dari kulkas.,Catatan : tambahkan sedikit air saat ingin dimakan apabila bubur terlalu kental."
ikan,https://cookpad.com/id/resep/16489266,Kotokan Iwak PE,"300 g Ikan Pe’ (Ikan Pari Asap), potong serasi, lalu goreng sebentar,75 g Tahu putih, potong serasi,75 g Kacang Panjang, potong serasi,75 g Terong, potong memanjang serasi,7 buah Cabe Hijau, potong serong,10 buah Cabe Rawit Merah utuh,5 buah Cabe Keriting,2 buah Cabe Merah,3 buah Bawang Merah,2 siung Bawang Putih,1 sdt Desaku Ketumbar Bubuk,1/4 sdt Desaku Kunyit Bubuk,1/4 sdt Jintan Bubuk,5 butir Kemiri, goreng,2 cm kencur,1 sdt Terasi, goreng,2 lembar Daun Jeruk,1 lembar Daun Salam,3 cm Lengkuas, memarkan,1 1/2 sdt Garam,1 sdm Gula Pasir,650 ml Air,3 sdm Minyak Goreng","Cuci bersih ikan pe. 
Potong potong sesuai selera 
Kemudian goreng sebentar.sisihkan,Potong tahu menjadi 4 bagian 
Kemudian goreng kering,Siapkan terong. Belah sesuai selera,Goreng kemiri 
 (Angkat dan sisihkan),Siapkan cobek.
Masukkan bawang merah, bawang putih, cabai,terasi, kemiri, Kunyit serrta ketumbar. Haluskan,Panaskan minyak.. lalu. Tumis bumbu hingga harum. Tambahkan daun Salam. Masukkan pula cabai utuh,Tuang air 
 Aduk rata. Masak hingga air mendidih. Masukkan tahu lalu Kemudian tambahkan terong yang sudah dipotong,Tambahkan irisan ikan pe yang telah digoreng. Aduk hingga tercampur rata,Tes rasa. Lalu matikan api.,Sajikan selagi hangat"
ikan,https://cookpad.com/id/resep/24625051,Paprika isi adonan ikan dace,"4-5 bh paprika(saya pakai paprika panjang),secukupnya Adonan ikan dace,secukupnya Minyak goreng,1 sdt Tepung maizena,larutkan dg 2 sdm air","Cuci paprika,lalu potong jd 4 bagian/bh,buang bijinya,sisihkan.,Olesi bagian dalam paprika dg larutan tepung maizena,lalu isi dg adonan ikan dace,lakukan sampai habis.,Panaskan minyak goreng secukupnya,masukkan paprika lalu goreng sampai matang, angkat dan tiriskan ditisu dapur, lakukan sampai habis,Tata dalam piring,siap untuk disajikan."
ikan,https://cookpad.com/id/resep/24613341,Tuna Rica Kemangi,"10 potong Ikan Tuna,3 buah Jeruk Nipis,10 buah Cabai Keriting,9 buah Cabai Rawit (sesuai selera),1 buah Tomat,7 helai Daun Jeruk,1 batang Serai,4 siung Bawang Putih,8 siung Bawang Merah,2 ruas Jahe,2 ruas Kunyit,3 buah Kemiri,1/2 ikat Daun Kemangi (sesuai selera), Garam (sesuai selera),1 sdm Gula,1/2 sdm Penyedap Jamur, Minyak Wijen (sesuai selera), Merica (secukupnya)","Marinasi ikan tuna dengan campuran jeruk nipis dengan 2 sdt garam selama 10 menit,Goreng ikan hingga berwarna kecoklatan,Tumbuk kasar cabai keriting, cabai rawit, bawang putih dan sedikit garam,Tumbuk halus kunyit dan kemiri,Siapkan tomat yg dipotong menjadi 4 bagian, jahe yang sudah dibersihkan, irisan lengkuas, daun jeruk yg dibersihkan batangnya, cabainrawit utuh, serta bawang merah yang telah dirajang,Tumis campuran bumbu yg dihaluskan dengan api sedang, aduk. Lalu, masukan bawang merah serta lengkuas.,Jika sudah hampir matang, masukan daun jeruk, jahe, cabai rawit utuh, dan terakhir tomat.,Jika sudah matang, masukan air dan tambahkan garam, gula, merica, serta penyedap jamur lalu aduk rata.,Masukan ikan lalu daun kemangi, aduk hingga daun kemangi layu, lalu matikan api.,Ikan tuna rica rica daun kemangi, sudah siap disajikan~"
ikan,https://cookpad.com/id/resep/24595718,Balado Ikan Asin Kapas Pedas Manis,"500 gr Ikan Asin Kapas,5 sdm Air asam jawa,2 sdm Gula merah,3 sdm gula pasir,10 lbr Daun Jeruk buang tulang daunnya,100 ml air,1 sdt Kaldu bubuk,1/2 sdt garam (disesuaikan dengan asinnya ikan),Secukupnya minyak goreng,100 gr Cabe merah besar,10 bh Cabe merah keriting,10 siung Bawang putih","Rendam dgn air selama 30 menit kemudian cuci 3x ikan kapas asin kemudian tiriskan (utk mengurangi asin). Kemudian goreng dengan minyak agak banyak, agar ikan terendam minyak sehingga hasilnya ikan akan garing dan kering.,Haluskan bumbu kemudian tumis bumbu halus + daun jeruk hingga matang dan wangi. Ditandai dengan bumbu sdh terpisah dengan minyaknya tandanya bumbu sdh matang.,Masukkan air asam jawa + gula pasir + gula merah + air + garam + kaldu bubuk. Aduk hingga rata dan air menyusut dan bumbu menjadi karamel. Tes rasa,Masukkan ikan kapas aduk dengan bumbu sampai tercampur rata. Dengan menggunakan api kecil sekali.,Sajikan Balado Ikan Asin Kapas dengan ketupat, sayur godog dan sambal 😍😋"
ikan,https://cookpad.com/id/resep/24549357,Oseng Pindang Tongkol,"15 potong pindang tongkol,3 papan Pete, kupas, Bumbu iris ;,8 bh bawang merah,2 siung bawang putih,1 ruas lengkuas,10 bh cabe rawit saya pakai yg hijau,5 bh cabe hijau besar,4 bh tomat ijo kecil-kecil, Bumbu Cemplung : tambahan dari saya,2 lbr daun salam,1 lbr daun jeruk,100 ml air mineral, Bumbu seasoning :,1 sdt garam,1 sdm kecap,1 sdm saos tiram,1 sdt gula,1 sdt kaldu bubuk","Cuci ikan tongkol kemudian goreng setengah kering & sisihkan. (Beli ikan tongkol di pasar sudah dipotong rapi),Siapkan bumbu iris dan kupas Pete belah jadi dua bagian.,Tumis bumbu iris, pete, lengkuas & bumbu Cemplung sampai layu & harum, setelah itu masukkan air & bumbu seasoning. Masukkan juga ikan tonggol masak sampai air agak menyusut & bumbu meresap.,Tuang kedalam piring saji. Siap dinikmati. Menu buka puasa atau saur."
ikan,https://cookpad.com/id/resep/16893833,Tongkol Bumbu Spaghetti Arabian Sauce,"250 gr tongkol siap saji (kemasan dlm minyak canola),250 gr spaghetti arabian sauce,100 gr jamur enoki,2 siung bawang merah,2 siung bawang putih","Siapkan semua bahan yang akan digunakan
Cincang duo bawang kemudian tumis hingga harum dan matang,Tambahkan arabian sauce, masukkan air masak hingga mendidih
Masukkan tongkol,Tambahkan jamur enoki, masak hingga layu.
Tongkol bumbu spaghetti arabian sauce siap disajikan"
ikan,https://cookpad.com/id/resep/24628023,Bakwan ikan teri,"100 gram ikan teri segar,6 SDM tepung bumbu,3 SDM tepung beras,5 SDM air","Ikan teri segar dicuci bersih, campur semua bahan, aduk rata,Panaskan minyak goreng Dengan api sedang, goreng bakwan hingga matang,Tiriskan bakwan, bakwan ikan teri siap dihidangkan 😋😋😋"
ikan,https://cookpad.com/id/resep/24086565,Ikan Kembung Dabu-dabu,"500 gr ikan kembung,1 saset racik ikan goreng,5 siung bawang merah,3 batang serai,3 lembar daun jeruk,15 buah cabe rawit merah,1/2 sdt garam,3 sdm minyak goreng panas,1 buah jeruk purut","Siapkan bumbu-bumbu dan iris tipis semua. Masukkan dalam mangkok, tambahkan garam dan siram dengan minyak panas.,Goreng ikan yang sudah di marinasi dengan bumbu racik ikan. Angkat setelah ikan benar-benar matang.,Letakkan ikan pada piring saji, lalu tuangkan sambal dabu-dabu diatasnya dan beri jeruk purut untuk melengkapinya."
ikan,https://cookpad.com/id/resep/24617008,Bihun Goreng Tongkol Suwir,"2 keping bihun rebus,2 siung bawang merah iris,2 siung bawang putih iris,Secukupnya minyak,1/2 sdt garam,1/2 sdr merica bubuk,1/2 sdt kaldu bubuk,1 sdm saus tiram,1 potong tongkol goreng suwir,Secukupnya daun bawang","Siapkan bihun, tumis duo bawang iris hingga harum.,Masukkan bihun, garam, merica, kaldu bubuk.,Masukkan tongkol suwir. Aduk rata. Masukkan daun bawang."
ikan,https://cookpad.com/id/resep/24140167,Pecel Lele dan sambal lamongan,"1 kg ikan lele, isi 6 ekor,1 bgk bumbu instant ikan goreng,200 g Cabai Rawit,150 g Cabai Merah Keriting,50 g Tomat,6 butir bawang merah,5 butir Kemiri,1 sdm Gula Merah,1 sdm Kacang Tanah,1 potong Terasi,1 sdt Garam,1/2 sdt Gula pasir, Jeruk Nipis untuk perasan sambal,Secukupnya kemangi, timun, selada, kol","Lele dicuci bersih dan marinasi dengan bumbu instant,Panaskan wajan dan taburi dengan sedikit tepung supaya tidak lengket di wajan saat digoreng. Goreng hingga agak kering, angkat dan tiriskan,Goreng secara bersamaan cabai, tomat, bamer, kemiri, kacang tanah, terasi (sebelum aku goreng aku iris dulu supaya tidak meletup letup waktu digoreng).,Siapkan cobek tambahkan gula merah dan garam. Uleg jadi satu sampai lembut dan tambahkan minyak goreng dan perasan jeruk nipis.,Sajikan lele bersama sambal dan lalapan"
ikan,https://cookpad.com/id/resep/24615396,Pindang Tongkol Bumbu Sarden," Pindang Tongkol Secukupnya,2 bh tomat, blender,1 bh cabai merah dan hijau besar (me : skip),2 siung bawang putih,2 butir bawang merah,3 cm jahe,2 cm lengkuas,1/2 buah bawang bombay, Secukupbya garam, gula pasir, merica bubuk,1/2 bh gula merah,Secukupnya saos tiram, saos sambal, saos tomat, kecap manis","Goreng ikan sebentar supaya tidak hancur ketika dimasak,Tumis bumbu iris dengan sedikit minyak bekas menggoreng ikan, tumis sampai harum. Lalu masukkan blenderan tomat. Tambahkan semua bumbu, test rasa.,Masukkan ikan goreng dan masak sampai air agak asat atau sesuai selera,Pindang tongkol bumbu sarden siap disajikan"
ikan,https://cookpad.com/id/resep/24612961,Lodeh ikan asap,"5 ikan asap,1 labu,10 btg kacang panjang,1 terong ungu,1 papan pete, Bumbu halus:,8 bawang merah,6 bawang putih,6 cabe merah,1 sdm ebi,3 kemiri,2 cm kunyit,10 rawit merah,4 Daun jeruk, Salam,serai,lengkuas,1 sdt garam,1 sdt kaldu,1 sdt gula dan penyedap,1 daun bawang","Potong labu,kacang panjang. Haluskan bumbu lalu tumis sampai matang dan beri air dan daun bawang,Tambahkan ikan,labu dan terong serta pete,Masukkan no kacang panjang,Tambahkan labu,masak sampai semua bahan matang dan sajikan"
ikan,https://cookpad.com/id/resep/24444138,Otak-otak ikan Tenggiri,"300 gram ikan tenggiri fillet,100 gram tepung tapioka,1 butir putih telur,100 ml santan kental,150 gram es batu,2 btg daun bawang iris,5 bawang merah,2 bawang putih,1 sdt garam,1 sdt kaldu jamur,1 sdt gula pasir,Secukupnya daun pisang untuk membungkus","Dalam chopper masukkan ikan tenggiri, es batu bawang merah dan bawang putih chopper sampai lembut.

Kemudian tambahkan tepung, santan, putih telur, daun bawang yg sudah diiris, jangan lupa beri bumbu garam, kaldu jamur dan gula pasir. Chopper kembali sampai membentuk adonan.,Setelah selesai siapkan daun pisang yang sudah dibersihkan dan di panaskan diatas kompor lalu tuang adonan ke daun pisang. Panggang diatas teflon balik kedua sisi sampai matang.,Setelah selesai dan matang otak otak ikan siap disajikan dengan saus kacang sebagai pelengkap.

Selamat mencoba."
ikan,https://cookpad.com/id/resep/24614767,Pempek ikan,"1 kg Ikan tenggiri giling,300 ml Air,600 gr Sagu,1/2 - 1 kg  Telur (1 butir buat adonan),2 sdm Garam (bisa tambah penyedap,b8sa skip jg)","Campurkan air sedikit demi sedikit ke dalam ikan giling sampai merata,Masuk kan telur aduk sampai rata,Tambahkan garam kemudian aduk perlahan sampai rata,Tambahkan sagu aduk sampai merata,Taburkan sagu ditangan agar tidak lengket siap dibentuk.,Didihkan air dalam wajan/panci yg sebelumnya sudah ditambahkan sedikit minyak agar tidak lengket, rebus pempek yang sudah dibentuk.. bisa langsung dimakan atau digoreng terlebih dahulu"
ikan,https://cookpad.com/id/resep/24386719,Sei Ikan Masak Kecombrang,"500 gram Sei Ikan,3 buah bunga kecombrang dirajang,2 sdm minyak untuk menumis,8 siung bawang merah,5 siung bawang putih,10 buah cabe keriting merah,5 buah cabe rawit merah,3 buah sereh (diambil putihnya),10 lembar daun jeruk,1 buah jeruk nipis,1/2 sdt garam,1/4 sdt kaldu bubuk,1/2 sdt terasi matang,1/4 sdt gula pasir","Siapkan bahan-bahan yang diperlukan,Rajang bawang merah, bawang putih, cabe-cabean, sereh dan daun jeruk. Sei Ikan disuwir-suwir.,Panaskan minyak, tumis semua bumbu sampai layu lalu siapkan bumbu penyedap. Tambahkan bumbu penyedap ke bumbu yang sudah ditumis. Aduk sampai rata.,Lalu tambahkan kecombrang. Tutup sebentar agar matang.,Terakhir masukkan Sei Ikan suwir. Aduk sampai rata. Terakhir kucuri dengan air jeruk nipis. Aduk rata dan test rasa. Koreksi rasa jika diperlukan.,Siap dikemas di rantang sebagai hantaran. Siap disajikan."
ikan,https://cookpad.com/id/resep/24614030,Abon ikan balado,"3 ekor ikan tongkol asap,5 siung bawang merah,3 siung bawang putih,1 ruas lengkuas,1 batang sereh,3 buah cabe besar,1 SDM saos tiram,1 Sdt garam, Penyedap rasa secukupnya (jika suka)","Ikan tongkol di suwir halus, sisihkan,Tumis bumbu halus sampai harum, masukkan ikan tongkol yang sudah di suwir,aduk rata hingga kering, kemudian dinginkan"
ikan,https://cookpad.com/id/resep/24628000,Dori Krispi penuh gizi,"250 gr Dori fillet,1 Jeruk Nipis,1 ST Garam,1/2 ST Lada bubuk,3 siung Bawang Putih cutting dihaluskan,1 ST Kaldu Jamur,1/2 ST Lada Bubuk,1/2 ST Cabe Bubuk/Paprika Bubuk,1/4 gelas Air Es,100 gr Segitiga Biru,20 gr Tepung Beras,1/2 ST Kaldu Jamur,1/2 ST Baking Powder","Potong Ikan Dori kecil - kecil dan cuci bersih. Masukkan perasan jeruk nipis, garam, lada dan bawang putih. Simpan dalam chiller selama 15 sampai 30 menit,Siapkan bahan tepung basah. Campurkan semua bahan dan masukkan Dori dalam tepung basah,Masukkan kembali Dori dalam tepung kering yang sudah disiapkan. Tepuk - tepuk perlahan supaya adonan tepung kering menempel secara merata,Goreng Dori dalam minyak panas dengan api sedang. Goreng sampai golden brown,Dori Krispi siap dinikmati dengan saos atau sambal kesukaan.,Mohon saran ya Mamah Cookpad dan Buntik kesayangan"
ikan,https://cookpad.com/id/resep/24624790,Telur dan ikan bumbu bali," Ikan mubara 250 gr (yang sudah dipotong-potong),5 buah telur yang sudah direbus,5 siung bawang putih,5 buah kemiri,10 cabai merah besar,secukupnya Merica,1 ruas Laos,1 ruas Jahe,secukupnya Garam dan penyedap,secukupnya Kecap,secukupnya Gulmer,secukupnya Air","Siapkan bumbu bali terlebih dahulu sisihkan, telur rebus dan ikan mubara (ikan jenis apapun sesuai selera) yang telah dicuci bersih setelah itu digoreng,Panaskan minyak goreng untuk menumis diatas kompor api sedang untuk menumis bumbu bali yang telah dihaluskan hingga harum setelah harum, masukkan garam dan penyedap secukupnya, gulmer yang telah digerus, kecap serta air secukupnya setelah itu tutup tunggu sampai mendidih baru masukkan ikan dan telur diaduk rata,,, sampai air tersebut menyusut dan berubah warna tapi tetap diaduk-aduk sampai rata dan tidak gosong,setelah itu hidangkan...,Tips buncan kalau menggoreng ikan jenis apapun diatas minyak yang panas jangan kasih api yang besar, cukup sedang setelah minyak itu taburkan sedikit tepung terigu agar terciprat saat menggoreng kalau untuk telur cukup di tusuk-tusuk. Semoga berkenan dengan resep saya walaupun penyajian tidak menarik 🙏🏻🙏🏻,Haluskan bumbu bali tersebut bisa diulek atau di chopper sisihkan"
ikan,https://cookpad.com/id/resep/24627932,Sambal Ikan Asin Pakkang,"100 gr ikan asin pakkang,2 sm sambal botol belibis,1 sm sambal botol asli ABC,1.5 st gula,1 sm minyak goreng","Cuci bersih ikan asin pakkang lalu goreng dgn api kecil sp kecoklatan. Angkat & tiriskan.,Masukkan minyak goreng dikualu, api sedang lalu masukkan sambal, masak sp mendidih.,Masukkan gula pasir, jangan diaduk dulu, diamkan sebentar sp gula larut, aduk2 masak sp berbuih, lalu aduk2 sp agak sedikit buihnya. Matikan api & masukkan ikannya yg telah digoreng, aduk2 sp merata.,Selesai & siap disajikan."
ikan,https://cookpad.com/id/resep/24627108,Ikan Mas Goreng Mentega,"1 ekor ikan mas,1/2 buah air jeruk nipis,1/2 sdt garam,1/4 sdt lada bubuk,1 sdm penuh margarin,1/2 buah bawang bombai iris memanjang,2 siung bawang putih cincang halus,1 sdm saos tiram,2 sdm kecap manis,1 sdm kecap Inggris,1 batang daun bawang iris kasar,1 buah cabe merah besar potong bulat,1 buah cabe hijau besar iris bulat,75 ml air,1/4 sdt lada bubuk,1/4 sdt kaldu bubuk,1/8 sdt garam,1 buah jeruk limau","Bersihkan ikan potong 4 bagian lalu campur dengan bumbu marinasi aduk rata diamkan ±10 menit, siapkan bumbu iris dan saos nya,Panaskan minyak goreng ikan hingga matang angkat tiriskan panaskan margarin,Tumis bawang bombai hingga kayu masukan bawang putih cincang tumis hingga wangi masukan campuran saos aduk rata masukan ikan aduk rata,Tambahkan air beri seasoning aduk rata tambahkan perasan jeruk limau aduk rata cek rasa,Taburi irisan daun bawang aduk rata,ikan mas goreng mentega siap disajikan dengan nasi hangat dan lalapan"
ikan,https://cookpad.com/id/resep/24599722,Orak Arik Tongkol,"250 gr Bawang merah iris tipis,200 gr Bawang putih iris tipis,125 gr Cabe merah keriting iris tipis,125 gr Cabe hijau keriting iris tipis,125 gr Cabe rawit iris tipis,100 gr Udang kupas kulit,125 gr Tomat hijau iris tipis,2 butir Telur,1 ekor Tongkol asin potong dadu,Secukupnya Garam,Secukupnya Gula pasir,2 papan Petai iris tipis,250 ml Santan,Secukupnya Kaldu bubuk","Siapkan bahan2nya..iris bawang, cabe, tomat, petai, ikan asin tongkol,Goreng satu persatu semua bahan,Baru campur jadi satu..tambahkan santan.. Aduk rata..,Masukkan telur..aduk rata..cek rasa,Angkat.. Sajikan..Mantap suratap👍👍😍😍"
ikan,https://cookpad.com/id/resep/24609215,Pepes ikan pindang tempe pedas,"2 keranjang ikan pindang/ikan Cue,1/2 papan tempe,5 siung bawang merah,3 siung bawang putih,20 buah cabe rawit,10 buah cabe keriting,5 butir kemiri sangrai,1/4 sdt ketumbar sangrai (bisa pakai ketumbar bubuk),1 1/4 sdt gula pasir (untuk pengganti MSG),1/2 sdt garam (disesuaikan selera saja),2 buah tomat,5 buah tomat segar, iris tipis2,10 lembar daun pisang","Cuci bersih ikan pindang, sisihkan, potong dadu tempe.,Haluskan bahan bumbu halus dan campurkan dengan tomat iris.,Masukkan ikan pindang dan tempe yang sudah dipotong dadu, campur rata dengan bumbu halus.,Siapkan daun pisang yang sudah dilap dan diasapi supaya layu dan tidak mudah sobek saat digunakan.,Jika ingin dipanggang supaya bumbu lebih meresap dan aroma smokynya keluar juga bisa ya bund..oh ya itu juga untuk mengawetkan ya.,Selamat mencoba,Kukus selama 30-45 menit menit, angkat.,Pepes ikan pindang sudah bisa disajikan dengan nasi hangat dan krupuk tentunya."
ikan,https://cookpad.com/id/resep/24624860,Mangut Ikan Pe,"2 lonjor ikan pe, potong-potong,1 papan tempe,6 siung bawang merah,3 siung bawang putih,2 btr kemiri,2 Cm kencur,3 bh cabe merah besar,1 ruas kunyit,1 Sdt ketumbar,9 bh cabe rawit (sesuai selera),2 lembar daun salam,4 lembar daun jeruk,1 ruas Laos geprek,1 ruas jahe geprek,1-2 sachet santan instan (kl suka kuah kental pakai 2 sachet, suka santan encer 1 sachet),sesuai selera Gula pasir, gula merah, lada, garam","Blender bumbu halus kemudian gongso hingga harum,Rebus ikan pe, air rebusan 1 dibuang supaya bau asapnya tidak menyengat. Kemudian rebus lagi bersama Laos, jahe, daun salam dan daun jeruk hingga air mendidih,Masukkan bumbu yg sudah di gongso ke dalam air rebusan ikan asap,Tambahkan santan instan, gula merah, gula pasir, lada dan garam,Koreksi rasa. Masak hingga mendidih dan matikan apinya. Sajikan dengan tambahan bawang goreng biar lebih maknyus."
ikan,https://cookpad.com/id/resep/24625652,997. Salmon Cream Soup,"100 gr Salmon frozen,1/2 buah Kentang,1/2 buah Wortel,1/2 batang Daun Bawang Pre,30 gr Butter,150 ml Krim kocok (me : 20gr Krim bubuk), Dill kering (me : 1 sdt parsley bubuk),1/2 sdt Merica,1/3 sdm Garam,1-2 tetes Stevia (atau gula pasir),1 sdt Kayumanis bubuk,5 buah Cengkeh,1/3 sdm Kaldu bubuk ikan (me : kaldu salmon PURA) atau kaldu bubuk lainnya","🥙Potong dan iris sayuran
🥙Didihkan air
🥙Panaskan butter, masukkan wortel dan irisan daun bawang pre, merica, serta parsley,🥙Tuang air yang sudah mendidih ke tumisan wortel, lalu masukkan potongan kentang dan beri bumbu lainnya
🥙Setelah kentang hampir matang, kecilkan api kompor, masukkan potongan salmon dan krim bubuk
🥙Jika salmon sudah matang, tes rasa,🥙Sajikan, lebih enak diseruput panas-panas 🙃"
ikan,https://cookpad.com/id/resep/24625778,Sarden Kol ABC,"1 Kaleng Besar Sarden ABC,12 bulat Mie Kering Kuda Menjangan,4 sdm Saos Tomat ABC (opsional), Air Putih, Minyak Goreng, Garam, Gula, Micin/MSG,5 Siung Bawang Putih,3 Siung Bawang Merah,8 Cabe (opsional, dapat di iris maupun tidak), Kol (8 lembar, opsional)","Didihkan Air tambahkan sedikit Minyak Goreng lalu masukan Mie Kering, rebus selama 3 menit atau setengah matang lalu tiriskan.,Siapkan bahan iris berupa: Bawang Merah, Bawang Putih, Cabe, dan Potong kol sesuai keinginan.,Siapkan Wajan bersih lalu tuangkan Minyak Goreng, lalu tumis semua bahan iris kecuali kol hingga harum. Lalu masukan kol, tumis sebentar hingga layu.,Tuangkan 1 Kaleng Besar Sarden ABC ke dalam Wajan aduk sebentar, masukan Mie Kering Kuda Menjangan yang tadi telah ditiriskan lalu aduk.,Lalu masukan Saos Tomat ABC, Garam, Gula, Micin/MSG dan Air secukupnya aduk hingga merata. Jangaan lupa untuk dicoba dan sesuaikan dengan selera. Didihkan selama 5 menit, masakan siap dihidangkan."
ikan,https://cookpad.com/id/resep/24625123,Ikan Asin Jambal Tahu Kuah Santan,"3 potong Ikan Asin Jambal,3 potong tahu putih,1 batang daun bawang iris serong,65 ml santan instan,Sejumput garam, atau skip,1 sdt Gula pasir,500 ml Air,2 lembar daun salam,1 ruas lengkuas geprek,4 sdm minyak goreng,5 butir Bawang Merah,3 siung Bawang putih,3 buah cabe merah keriting,5 buah Cabe merah setan, sesuai selera,3 buah Cabe Hijau besar","Siapkan bahan, dan iris cabe bawang. Goreng tahu setengah matang. Rendam ikan asin ke dalam air mendidih dan beri sedikit garam. Untuk mengurangi rasa asinnya. Setelah 15 menit cuci di air mengalir dan tiriskan, kemudian potong-potong,Panaskan sedikit minyak, tumis ikan asin hingga berubah warna. Masukkan bawang dan tumis hingga harum. Kemudian masukkan irisan cabe, tumis hingga agak layu,Tambahkan sedikit air, tambahkan gula, lengkuas dan daun salam. setelah kuah mendidih masukkan tahu, aduk rata, masak hingga air berkurang, sesuai selera,Koreksi rasa, jika kurang asin tambahkan sedikit garam, tambahkan santan aduk-aduk jangan sampai santan pecah. Setelah mendidih tambahkan daun bawang, masak sebentar, matikan kompor,Ikan asin jambal tahu kuah santan siap disajikan"
ikan,https://cookpad.com/id/resep/24401516,Ikan Bawal Asam Manis,"2 ekor Ikan Bawal,1 buah Tomat,2 sdm Saus tomat,3 sdm Saus Cabai,Secukupnya Lada bubuk,1 batang Daun bawang,1/2 buah Bawang Bombay,3 siung Bawang putih,1 ruas Jahe,1 ruas Lengkuas,1 buah Jeruk nipis,Secukupnya Garam,1 sdm Tepung Maizena,Secukupnya Gula Halus","Siapkan bahan : Geprek Jahe dan lengkuas. Iris tomat, Bawang Bombay, daun Bawang. Cincang halus Bawang putih.,Goreng ikan bawal. Tiriskan.,Tumis Bawang putih, Bawang Bombay, jahe, lengkuas hingga harum. 
-Masukan saus tomat, saus cabai, Lada, Gula dan Garam.
-Masukan Daun bawang. 
Aduk rata, lalu masukan larutan tepung Maizena.,Sajikan ikan dengan siraman saos Asam manis."
ikan,https://cookpad.com/id/resep/24600603,Patin Masak Kuning,"500 gr patin,1/2 buah jeruk nipis,3 sdm minyak untuk menumis,1 batang sereh (geprek),1 sdt gula,1 sdt kaldu bubuk,Secukupnya garam,7 siung bawang merah,4 siung bawang putih,4 butir kemiri,1/2 ruas jahe,1 ruas lengkuas,1 ruas kunyit","Bersihkan ikan lalu lumuri dengan perasaan jeruk nipis, diam kan sebentar kemudian bilas,Tumis bumbu halus mengunakan api kecil sambil terus di aduk hingga bumbu mateng / tanek.,Lalu tambahkan air, jika sudah mendidih masukan ikan. Tambahkan garam, gula dan penyedap, koreksi rasa. Jika ikan sudah matang sempurna matikan kompor.,Siap di hidangkan bersama nasi hangat🔥"
ikan,https://cookpad.com/id/resep/24619013,Bajabu' ikan (Abon Ikan versi Bugis),"2 biji kelapa parut peras santan menjadi 2 liter,1 ekor daging ikan tongkol yg sdh kukus,10 siung bawang merah,8 siung bawang putih,1 ruas jari lengkuas,4 batang sereh,10 buah cabe keriting,8 buah cabe besar buang biji,1 bungkus ketumbar bubuk,1/4 kg gula merah,1 bungkus chicken powder,secukupnya Garam,secukupnya Gula pasir,1 buah kelapa sangrai haluskan","Haluskan bumbu bawang merah, bawang putih, lengkuas,sereh, cabe keriting dan cabe besar dan ketumbar.,Masak santan diatas wajan, kemudian masukkan bumbu halus,Haluskan ikan tongkol (Chopper),Aduk santan sampai mendidih kemudian masukkan ikan tongkol,,Tambahkan garam, gula merah Jawa, chicken powder.,Aduk santan sampai ngeset (airnya habis), aduk terus sampai kering, bisa berlangsung selama 1-2 jam.,Jika sudah ngeset masukkan kelapa sangrai, kemudian aduk sampai tercampur rata, tdk ada bagian yg menggumpal.gunakan api kecil sampai api sedang,Semakin kering teksturnya maka akan semakin awet dalam penyimpanannya.,Jika dirasa sdh dapat tekstur yg tdk menggumpal seperti berpasir dan kering matikan kompor, angkat dan dinginkan lalu simpan dalam wadah yg kedap udara."
ikan,https://cookpad.com/id/resep/24580189,Ikan Lunjar Goreng Tepung,"1/2 kg ikan lunjar,1/2 sdm ketumbar bubuk,1 ruas jahe, parut,1/2 sdt kaldu bubuk,1/2 sdt bumbu ngohiong (bisa di skip),7 sdm tepung beras,Sejumput baking powder,1/4 sdt kaldu bubuk,1 sdt lada bubuk","Siapkan bahan2nya,Cuci ikan hingga bersih, tiriskan lalu ikan dimarinasi dg bumbu yg sudah disiapkan, aduk2 lalu diamkan sesuai keinginan (aku marinasi ½ hari),Setelah dimarinasi lalu baluri tepung yang sudah dicampur dg bahan tambahan lainnya, aduk2 rata kemudian goreng hingga kering (aku goreng ½ kering dulu dan besoknya digoreng lagi).,Siap dinikmati bersama sayur urap, nasi jagung/nasi anget dan sambal terasi."
ikan,https://cookpad.com/id/resep/24421550,Ikan dori goreng tepung cabe garam,"500 gr ikan dori, potong kotak2,5 siung bawang putih, haluskan,1/2 sdt garam,1/2 sdt lada,5 sdm tepung terigu,1 sdm tepung maizena,1 butir telur,3 siung bawang putih, cincang halus,10 bh cabe rawit merah, potong2,5 bh cabe merah keriting, potong2,2 batang daun bawang, iris kasar,3 batang daun kari,Secukupnya garam, gula dan kaldu jamur","Marinasi ikan dengan bumbu marinasi, aduk2, diamkan 1 jam,Masukkan telur ke ikan yg SDH dimarinasi, lalu aduk rata.,Campur duo tepung, aduk rata. Ambil ikan, taruh di tepung sambil dicubit2,Goreng dalam minyak panas sampai golden brown, angkat dan sisihkan,Panaskan sedikit minyak, tumis bawang putih hingga harum, lalu masukkan cabe beri perbumbuan duniawi. Masak hingga cabe agak layu,Tambahkan ikan, aduk2 lalu beri daun kari dan daun bawang, aduk rata, koreksi rasa dan sajikan"
ikan,https://cookpad.com/id/resep/24543367,Balado tuna,"1 kg tuna, pot 15,1 bh jeruk nipis, buat perasan jeruk nipis,1 sdt garam,Secukupnya garam, gula dan penyedap,8 bh bawang merah,1/4 kg cabe merah keriting,1 bh tomat,2 lembar daun jeruk","Cuci bersih ikan tuna, beri perasan jeruk nipis dan garam. Diamkan 30 menit. Kemudian Goreng ikan sampai kecoklatan, angkat dan sisihkan,Tumis bumbu halus hingga matang, tambahkan garam, gula dan penyedap,Masukkan ikan tuna, aduk rata, masak hingga ikan benar2 matang dan menyerap bumbu. Koreksi rasa. Angkat dan sajikan"
ikan,https://cookpad.com/id/resep/24392066,Ikan Cue Bumbu Balado,"4 ekor ikan cue keranjang,5 sdm minyak sayur,1 lembar daun kunyit, sobek,1 potong asam kandis,1 batang serai, memarkan,2 lembar daun jeruk,1 lembar daun salam,5 buah cabe merah besar,5 buah cabe merah keriting,3 buah cabe rawit merah,5 butir bawang merah,3 siung bawang putih,1 cm kunyit,1 cm jahe,1/2 sdt merica butiran,1 sdt gula pasir,2 sdt garam","Goreng ikan cue dalam minyak panas dan banyak hingga kering. Angkat dan tiriskan.,Panaskan minyak dalam wajan, tumis bumbu halus bersama asam kandis, daun jeruk, daun kunyit, daun salam dan aduk hingga mendidih dan matang.,Masukkan ikan cue goreng, aduk hingga seluruh terbalut bumbu.
Angkat dan sajikan hangat."
ikan,https://cookpad.com/id/resep/24626064,Kembung Bakar Teflon Simple,"2 ekor ikan kembung,1 jeruk nipis,1 sdt ketumbar bubuk,1/2 sdm garam,2 bawang putih,1 saset kecap manis,2 saset saus sambal","Siapkan bahan,Cuci ikan dgn jeruk nipis. Haluskan bumbu lalu marinasi ikan dengan bumbu halus selama 15 menit,Campurkan kecap dan saus sambal dalam satu wadah,Panaskan Teflon. Olesi minyak. Panggang ikan diatasnya sambil dioles bumbu,Bolak-balik sambil dioles ulang sampai matang."
ikan,https://cookpad.com/id/resep/24617393,Abon Ikan Tongkol,"5 ekor ikan tongkol,180 gram kelapa parut (bisa skip),5 SDM santan instan,1 batang serai,2 lembar daun salam,3 lembar daun jeruk purut,1/2 sdt garam,1/2 sdt kaldu jamur,80 gram gula merah,50 ml air,Secukupnya minyak untuk menumis,8 siung bawang merah,4 siung bawang putih,3 butir kemiri,2 cm jahe,2 cm kunyit,1 sdt ketumbar,Sejumput lada bubuk","Kukus ikan tongkol, setelah dingin kemudian suwir2 & buang durinya.,Panaskan minyak & tumis bumbu halus sampai harum. Masukkan lengkuas, serai, daun salam, & daun jeruk purut. Tambahkan sedikit air kemudian masukkan ikan tongkol yang sudah disuwir. Tambahkan kelapa parut & aduk rata.,Masukkan santan instan, gula merah, garam, & kaldu jamur. Aduk rata. Masak sambil diaduk supaya tidak gosong. Gunakan api kecil.,Abon ikan siap disajikan. Kali ini abon ikan bersanding dengan nasi pulut. Selamat menikmati."
ikan,https://cookpad.com/id/resep/24606167,Tumis Pare Ikan Asar,"1 buah pare,1/2 ekor ikan asar,1 lembar daun salam,1 ruas lengkuas,150 ml air,1/2 sdt garam,1/2 sdt kaldu ayam,1 buah tomat iris,2 SDM santan instan,Secukupnya minyak untuk menumis,5 siung bawang merah,3 siung bawang putih,2 buah cabe merah,2 cm jahe,1 cm kunyit","Siapkan bahan-bahan. Iris pare kemudian remas dengan garam, cuci & tiriskan. Suwir2 ikan asar.,Panaskan minyak & tumis bumbu halus sampai harum. Tambahkan lengkuas, daun salam, tomat, & air.,Masukkan pare & ikan asar. Tambahkan garam & kaldu jamur. Tambahkan santan instan & aduk rata. Masak sampai matang.,Tumis pare ikan asar siap disajikan. Selamat menikmati."
ikan,https://cookpad.com/id/resep/24630437,692.Ikan Patin Asam Manis," 📌Bahan utama :,350 gr fillet Ikan Patin,1/2 buah jeruk nipis,secukupnya Minyak goreng, 📌Bahan marinasi :,1/2 sdt ketumbar bubuk,1 sdt bawang putih bubuk,1/2 sdt lada bubuk,1/2 sdt garam, 📌Bahan pelapis :,2 sdm tepung bumbu serbaguna + 75 mL air,4 sdm tepung maizena, 📌Bahan saus asam manis :,1/2 buah Bawang Bombai,2 siung Bawang Putih,1 buah wortel (potong korek api),2 sdm margarine,1 sdm tepung maizena + 50 mL air,3 sdm saus tomat,1 sdm saus tiram,1/2 sdm cuka,1 sdm gula pasir,1/2 sdt garam,1/2 sdt lada bubuk,300 mL air","Cuci bersih fillet ikan lalu potong - potong. Kucuri dengan air jeruk nipis dan diamkan selama 15 menit. Setelah itu cuci kembali dan tiriskan. Beri bumbu marinasi dan diamkan selama 1 jam.,Sambil menunggu marinasi siapkan bahan pelapis.,Buat bahan saus asam manis. Tumis bawang putih dan bawang Bombai sampai harum menggunakan margarine. Masukkan wortel dan tumis sampai ½ layu. Tambahkan air. Masukkan saus dan bumbu yang lain. Aduk rata dan tes rasa. Terakhir masukkan campuran tepung maizena sebagai pengental. Angkat dan sisihkan.,Masukkan fillet ikan ke dalam adonan tepung bumbu basah lalu gulingkan dalam tepung maizena kering. Lakukan sampai habis. Goreng sampai matang kekuningan.,Penyajian. Tata fillet ikan goreng di atas piring dan siram dengan saus asam manis hmmm....yummy 😋🤩"
ikan,https://cookpad.com/id/resep/24632028,Sewir Tongkol Pedas,"1 bungkus pindang tongkol,secukupnya Gula,secukupnya Garam,secukupnya Penyedap rasa,1 sdm kecap manis,secukupnya Air,secukupnya Minyak,3 siung bawang putih,5 siang bawang merah,3 cabe keriting,1 buah tomat","Tongkol di sewir,,,lalu goreng sebentar,Siapkan bumbu ulek..cabe kepiting,tomat,bawang merah bawang putih ulek halus...lalu masukan minyak digoreng hingga matang...,Setelah matang bumbu masukan sewir yg sudah di goreng tadi....kasih sedikit air..lalu tunggu hingga matang...beri gula..garam dan masako secukupnya..serta beri kecap manis secukupnya...dan sewir siap di hidangkan"
ikan,https://cookpad.com/id/resep/24582413,Sayur Pedas Terong Ikan Salai," 👉 5 ekor ikan salai / iwak pe, cuci bersih,Segenggam kacang panjang, potong ±4cm,1 buah labu siam, kupas, potong kotak,2 buah terong ungu, potong kotak,2 buah cabe hijau besar, potong tebal,3 lembar daun jeruk,2 lembar daun salam,8 siung bawang merah,4 siung bawang putih,Segenggam cabe merah keriting+ rawit (selera),3 butir kemiri sangrai, 👉 1 sdt garam,1 sdt kaldu jamur bubuk,1 sdt gula merah / gula palm, 👉 1 liter santan sedang,2 batang daun bawang, iris","Tumis bumbu halus dengan 2 sdm minyak sampai matang. Tambahkan potongan cabe hijau besar dan santan, aduk rata.,Masukkan daun jeruk, daun salam, ikan salai dan potongan terong. Bumbui dengan garam, gula merah dan kaldu bubuk, aduk rata,Masukkan kacang panjang dan labu siam, aduk dan masak sampai bumbu meresap. Koreksi rasa sampai sesuai dengan selera. Sebelum diangkat, beri irisan daun bawang. Siap disajikan"
ikan,https://cookpad.com/id/resep/24632112,Ikan Kembung Asam Pedas,"2 ekor ikan kembung (350 gr),1/2 buah jeruk nipis,200 ml air,1 jempol asam jawa +2 sdm air remas² buang ampas nya,1 sdt garam,1 sdt gula pasir,1/2 sdt kaldu bubuk,8 butir bawang merah,2 siung bawang putih,1 ruas jahe,2 butir kemiri,5 buah cabe merah keriting,1 /2 sdt terasi bubuk matang,1 batang serai keprek,4 lembar daun jeruk,1 jempol lengkuas keprek","Siapkan bahan, bersihkan ikan lalu beri perasan air jeruk nipis rata kan diamkan 10-15 menit, sisihkan,panaskan minyak tumis bahan aromatik hingga wangi,Masukan bumbu halus tumis hingga bumbu tanak dan wangi beri air asam tumis kembali tambahkan air,Masak hingga mendidih,beri seasoning aduk rata masukan ikan,Masak hingga ikan matang dan bumbu meresap cek rasa harus berasa asam pedas nya yaa, matikan api sajikan dengan nasi hangat dan lalapan daun selada dan potongan timun lalap"
ikan,https://cookpad.com/id/resep/24521256,Ikan Goreng Sambal Iris Bawang Merah,"3 ekor ikan kembung goreng,1 buah jeruk nipis,2 siung bawang putih,2 cm kunyit,1 cm jahe,1 sdt garam,10 butir bawang merah, iris halus,2 bh cabe merah keriting, iris tipis,20 buah cabe rawit hijau, iris kasar,3 sdm air jeruk nipis,1 sdt terasi bubuk,1/2 sdt garam,1/2 sdt gula pasir","Siangi ikan. Kerat-kerat badannya jika ukurannya besar. Lumuri ikan dengan Bumbu Halus lalu sisihkan sebentar.,Panaskan minyak banyak dengan api sedang. Goreng ikan hingga seluruhnya matang dan kering. Angkat lalu tiriskan ikan.,Sambal Iris Bawang Merah: Campur dan aduk semua bahan hingga menyatu rata. Diamkan selama 15 menit.,Taruh ikan di piring saji, siram dengan Sambal Iris Bawang Merah"
ikan,https://cookpad.com/id/resep/24630751,Ikan Nila Kuah Asam Pedas,"550 gr (3 ekor) ikan nila, resep aslinya 500 gr ikan nila,secukupnya Kemangi,2 batang serai, geprek,3 lembar daun salam,2 buah tomat, potong,,1 sdt gula pasir,1/2 sdt garam,secukupnya Kaldu ayam,400 ml air,5 buah cabai rawit merah,tambahan saya,5 buah cabai rawit hijau, tambahan saya, Air jeruk nipis sesuai rasa, tambahan saya, ❄️Bumbu Halus,4 siung bawang merah,4 siung bawang putih,5 buah cabai merah,1 sdt lada bubuk,1 butir kemiri,1 cm kunyit, ❄️ Bumbu Marinasi,3 siung bawang putih ulek halus, resep aslinya cincang halus,ruas kunyit, ulek halus,secukupnya Garam,,secukupnya Air","Siapkan ikan yang sudah di marinasi selama 1 jam,baru goreng sampai kuning kecoklatan,Siapkan bumbu halus, tumis bumbu halus bersama serai dan daun salam,masak hingga bumbu harum dan matang,Tambahkan air setengah mendidih, masukkan ikan nila goreng serta cabai rawit merah hijau tomat,air jeruk,gula, garam dan kaldu ayam masak hingga mendidih,beri kemangi jika suka aduk rata sebentar koreksi rasa Angkat,Sajikan"
ikan,https://cookpad.com/id/resep/24369118,Ikan Kwee goreng bumbu marinasi,"1 kg ikan Kwee, bersihkan beri perasan jeruk nipis dan garam,4 siung bawang putih,1 ruas jari kunyit,1/2 jempol jahe,Secukupnya garam dan penyedap, Sambal kecap","Marinasi ikan dengan bumbu marinasi, diamkan selama kurang lebih 1 jam atau semalaman,Panaskan minyak, goreng hingga matang,Sajikan dengan sambal kecap"
ikan,https://cookpad.com/id/resep/24631456,Dadar Telur Sarden,"1 kaleng kecil sarden, dibuang sausnya dan disisakan sedikit,3 butir telur,1/4 Bawang Bombay,2 sdm maizena,4 sdm minyak untuk menggoreng (tidak ada di foto),1 sdt bawang putih bubuk,1/4 sdt garam,1/2 sdt merica bubuk,3 lembar Daun Jeruk, dirajang","Siapkan bahan-bahan yang diperlukan. Rajang bawang Bombay dan daun jeruk. Sisihkan.,Campur tepung maizena dan bumbu-bumbu. Aduk sampai rata lalu buka sarden dan buang sausnya agar tersisa sedikit. Hancurkan daung ikan sarden tapi jangan terlalu halus, lalu campur sarden dengan tepung yang sudah dibumbui.,Pecahkan telur dan aduk sampai rata dan tidak bergerindil. Lalu masukkan rajangan bawang bombay dan jeruk nipis. Aduk sampai rata.,Setelah adonan tercampur rata, panaskan wajan dan minyak lalu ambil 1 sendok sayur dan digoreng sampai kedua sisinya kering. Jangan pakai banyak minyak saat menggoreng agar tidak menyisakan minyak dengan bergelumbung bayak.,Jika kedua sisinya kering. Siap disajikan."
ikan,https://cookpad.com/id/resep/24631005,Asam Padeh Lele,"500 gram ikan lele segar,1/2 buah jeruk nipis,4 buah tahu putih (skip),250 ml air,4 buah blimbing wuluh, diganti 1 buah tomat hijau,6 cabe rawit hijau belah 2,5-6 biji asam Jawa cairkan dengan air panas,1 sdt garam,1 sdt kaldu jamur,1 ons cabe merah kriting,7 siung bawang merah,5 siung bawang putih,1 ruas jahe,1 ruas kunyit,1 lembar daun kunyit,1 lembar daun jeruk,1 batang sereh,2 cm lengkuas","Cuci bersih ikan yg sudah di siangi kemudian lumuri dengan air jeruk nipis dan garam.,Siapkan semua bumbu, lalu cuci bersih, kemudian blender bumbu hingga halus (jgn lupa beri air sdikit agar cepat halus) tuang dalam wajan.,Tambahkan air, lalu nyalakan kompor, dan masak hingga mendidih. Lalu masukkan bumbu rempah, air asam dan garam, aduk rata.,Tambahkan lele, masak hingga berubah warna. Masukan tomat dan cabe rawit yg sudah dipotong-potong dan kaldu jamur.,Masak hingga air mulai menyusut dan bumbu meresap ke dlm ikan. Cek rasa, angkat dan sajikan"
ikan,https://cookpad.com/id/resep/24631383,Tumis Ikan Layur,"2 ekor ikan layur,1 buah jeruk nipis,1/3 sdt garam,10 pcs cabe rawit merah,15 pcs cabe merah,10 pcs cabe hijau,6 siung bawang merah,3 siung bawang putih,2 ruas jahe,2 sdt cabe merah yang sudah di goreng,250-280 ml air,2 lembar daun salam,1/2 sdt garam,1/2 sdt kaldu bubuk","Bersihkan ikan layur, lalu beri garam dan air perasan jeruk nipis. Diamkan ± 10 menit lalu bilas,Iris semua bahan tumis, lalu sisihkan,Goreng ikan layur hingga matang, kemudian angkat dan sisihkan,Tumis bawang merah dan bawang putih hingga harum, setelah itu masukkan irisan cabe, irisan jahe serta daun salam. Aduk rata,Tambahkan cabe goreng, air, garam, kaldu bubuk, serta masukkan ikan layur aduk rata. Masak hingga bumbu meresap dan air menyusut,Tumis ikan layur siap untuk di hidangkan"
ikan,https://cookpad.com/id/resep/14033226,Ikan Kuah Kuning,"3 potong ikan tenggiri,1 buah jeruk nipis,1 lembar daun salam,2 cm lengkuas, geprek,5 buah cabe rawit merah utuh, sesuai selera,1 batang sereh, geprek,1 buah tomat,2 ikat kemangi,1 batang daun bawang, iris tipis,400 ml air,1 sdt garam,1 sdt gula pasir,1/2 sdt kaldu jamur,4 butir bawang merah,3 siung bawang putih,2 cm kunyit,2 cm jahe,2 butir kemiri,2 buah cabe merah besar (optional)","Ikan dicuci bersih, kucuri air jeruk nipis. Campur garam sedikit. Aduk rata. Diamkan 15menit. Cuci bersih kembali.,Tumis bumbu halus bersama sereh, lengkuas dan daun salam, sampai harum.,Masukkan ikan dan daun bawang, aduk rata.,Tuangkan air. Tunggu sampai air mendidih. Masukkan garam, gula, dan penyedap, aduk rata. Masak sampai ikan matang sempurna.,Tambahkan perasan air jeruk nipis, cabe rawit, tomat, dan daun kemangi. Masak sebentar. Angkat."
ikan,https://cookpad.com/id/resep/24172911,Mangut Tuna Asap,"250 gr ikan asap, === Bumbu halus :,10 buah cabe merah,7 buah bawang merah,4 siung bawang putih,1 buah tomat besar, ini saya potong²,1/2 sdt ketumbar bubuk,1/4 sdt lada bubuk,1/4 sdt kunyit bubuk, === Bumbu aromatik :,2 lembar daun salam,2 batang sereh,2 lembar daun jeruk,2 cm lengkuas,2 cm jahe geprek, === Bumbu lain :,100 ml santan kental,150 ml air, Cabe utuh,secukupnya garam, gula dan kaldu","Tumis bumbu halus dan bumbu aromatik hingga harum. Lalu tambahkan air. Dan masukkan ikan asapnya,Tambahkan tomat dan juga santan. Sambil koreksi rasa masukkan juga cabe utuh,Mangut ikan asap pun siap disajikan dengan nasi hangat"
ikan,https://cookpad.com/id/resep/23967977,Pepes Kembung,"secukupnya Daun pisang,2 ekor ikan, 500 gr,2 ikat daun kemangi,secukupnya Daun salam, Bumbu halus :,6 buah bawang merah,4 siung bawang putih,2 cm kunyit,2 cm jahe,3 butir kemiri,1 sdm garam,1/2 sdt kaldu bubuk,1/2 sdt gula pasir","Tumis bumbu halus hingga matang. Halo amis selembar daun pisang dan letakkan ikan lalu beri bumbunya. Jangan lupa beri daun salam dan daun kemangi,Lalu ikat ikan atau tusuk bagian atas atasnya. Kukus selama kurang lebih 25 menit,Sajikan ikan sebagai lauk andalan. Bisa juga pakai sambal dan nasi hangat"
ikan,https://cookpad.com/id/resep/24403076,Makarel Goreng Simpel,"1 kg makarel,1 sachet bumbu marinasi instan","Bersihkan ikan lalu sayat-sayat badannya. Dan marinasi dengan bumbu selama minimal 30 menit. Kalau saya bisa semalaman,Goreng ikan hingga matang kedua sisinya,Sajikan dengan sambal kesukaan"
ikan,https://cookpad.com/id/resep/24561364,Martabak Mini Abon Tongkol,"9 sdm abon ikan (boleh ganti corned atau isian lain),3 butir telur,2 daun bawang,secukupnya Garam, Kaldu bubuk,6 lembar kulit lumpia","Masukkan abon, iris iris daun bawang,Tambahkan telur aduk rata. Beri beri 2 sendok isian, lipat amplop seperti melipat risol,Panaskan api, Goreng hingga golden brown"
ikan,https://cookpad.com/id/resep/24564906,Pesmol Ikan Tenggiri 🐠🐠🐠,"500 gr ikan tenggiri, lumuri garam &amp; perasan jeruk nipis, diamkan 15 menit lalu bilas. Goreng hingga kecoklatan. Tiriskan, sisihkan,1 buah tomat, potong²,Secukupnya cabai rawit merah utuh,1/2 cangkir air,10 siung bawang merah,5 siung bawang putih,4 butir kemiri,3 cabai merah keriting,1.5 sdt kunyit bubuk,1 sdt jahe bubuk,1 sdt ketumbar bubuk,1/2 sdt lengkuas bubuk,1/2 sdt serai bubuk,1 sdt daun salam bubuk,1 sdt daun jeruk bubuk,1/2 sdt penyedap rasa Ajinomoto,1/2 sdt garam,1 sdt gula pasir,1/2 sdt lada bubuk","Siapkan bahan² terlebih dahulu,Tumis bumbu halus hingga harum kemudian masukkan bumbu penyedap, cabai rawit dan potongan tomat, tambah sedikit air, masak hingga air mengental,Masukkan tenggiri goreng, aduk merata, cek rasa. Angkat, sajikan dengan nasi hangat. Enjoy! 🧡"
ikan,https://cookpad.com/id/resep/24494907,Ikan Tuna Crispy Saus Rica-rica,"300 gr Ikan Tuna putih fillet,1 batang Daun bawang,1 sdm minyak wijen,2 sdm kecap asin,1/4 sdt lada bubuk,1/2 sdt gula pasir,3 siung Bawang putih / 1 sdt bubuk bawang putih,1/2 bonggol Bawang Bombai,5 Cabai merah keriting / rawit,1 buah Tomat/ 1 sdm saus tomat,2 sdm Saus sambal,1 sdm Saus tiram,1 sdm Kecap Inggris,1/4 sdt Merica,Sedikit air,1 butir telur,1 sdm Tepung Maizena,5 sdm Tepung Terigu,1/3 sdt Baking powder,1 sdt Garam","🐟 potong sesuai selera ikan tuna, cuci bersih
🐟 siapkan bumbu marinasi. Dan marinasi paling sebentar 15 menit,🐟 kocok lepas telur
🐟 siapkan bahan tepung baluran aduk rata
🐟 campurkan ikan tuna ke telur aduk rata
🐟 siapkan minyak panas api sedang, kemudian balurkan ikan ke tepung sambil di pijat perlahan agar tepung merata dan jadi krispi
🐟 kemudian goreng. Sampai keemasan,🐟 siapkan bumbu rica-rica,🐟 lelehkan margarin tumis bawang putih, bawang Bombay dan cabai sampai harum
🐟 masukkan sisa bumbu, aduk rata tunggu agak mengental sedikit,🐟masukkan daun bawang dan ikan tuna crispi. Aduk rata sajikan"
ikan,https://cookpad.com/id/resep/24632784,Sambal Picit Ikan Kembung,"2 ekor ikan kembung,1 buah terong, bakar,1 sdm asam jawa,2 buah jeruk cui (opt),5 cabe rawit,4 cabe rawit hijau atau 2 cabe keriting hijau (saya pakai cabe hijau 1),1 sdt terasi goreng/bakar (saya pakai terasi puger),Secukupnya garam dan penyedap,Secukupnya air,Secukupnya sayuran rebus (saya bayam dan kacang)","Bersihkan ikan, taruh di wajan, tuang air secukupnya, garam, penyedap dan asam jawa aduk rata rebus hingga ikan matang,Di mangkuk atau piring taruh cabe, terasi, sedikit garam lalu picit2 (dipencet2) cabe boleh direbus boleh mentah, tuang air rebusan ikan sambil disaring, koreksi rasa. Bisa ditambahkan perasan air jeruk limo/jeruk cui/jeruk nipis/limau kuit jika suka lebih asam, saya bikin 2 versi tanpa jeruk dan pakai jeruk,Tata daging ikan rebus, terong bakar dan sayuran di tempat saji, siram dengan kuah ikan siap disajikan, foto ke-3 pakai air jeruk cui"
ikan,https://cookpad.com/id/resep/24550023,Lele Goreng Krispy,"1 kg lele isi 5,1 bungkus bumbu instan marinasi,1/2 lt  minyak goreng,250 g  tepung serbaguna","Cuci bersih lele lalu taburi bumbu marinasi instan diamkan sampe 2 jam,lalu goreng dengan tepung serba guna yg sudah diadonin goreng,Campur bahan tepung aduk masukkan lelenya goreng sampe kering / matang,Rebus bahan sambel lalu blender tumis sampa wangi tambahkan garam gula kaldu bubuk cek rasa,Selesai sajikan"
ikan,https://cookpad.com/id/resep/24593156,Pesmol Ikan Nila,"500 g nila goreng,5 biji  bawang merah,3 siung  bawang putih,5 biji  kemiri,1 ruas  jahe,1 ruas  kunyit,2 lembar  daun jeruk,1 sdt  garam,1 sdt  kaldu bubuk,1/2 sdt  gula pasir,2 sdt  cuka masak","Siapkan semua bahan bumbu dan siapkan ikan goreng nyahaluskan bumbu lalu tumis,Tambahkan sedikit cabe bubuk masak sampe wangi tambahkan sedikit air dan cuka garam gula kaldu bubuk,masukkan ikannya,Masak sampe kuahnya mendidih cek rasa selesai"
ikan,https://cookpad.com/id/resep/24349120,Sambal Ikan Roa Pedas Paling Mantap & Nikmat,"1 kg cabai rawit merah,100 gr cabai rawit hijau,150 gr bawang merah,150 gr bawang putih,secukupnya Minyak goreng,secukupnya Garam,secukupnya Kaldu,300-500 gr ikan roa (bubuk)","Chopper cabai, sisihkan,Chopper bawang merah dan putih, sisihkan,Sangrai ikan roa,Chopper/blender ikan roa sangrai, sisihkan,Tumis bawang hingga wangi,Masukkan cabai, garam dan kaldu,Masak dengan api sedang kecil, hingga warna berubah (bau langu hilang) sambil diaduk-aduk,Masukkan bubuk ikan roa, aduk hingga rasa (koreksi rasa). Dinginkan,Simpan dalam wadah tertutup & bisa buat ide jualan"
ikan,https://cookpad.com/id/resep/24563056,Pempek Adaan Palembang (Ikan Tenggiri mix Ikan Kakap),"1 kg ikan giling kakap super,1 kg ikan giling tenggiri super,2 cuil gula pasir (saya skip),4 putih telur,1200 gr tepung sagu tani (Rose Brand),2 sdm minyak goreng,secukupnya Minyak goreng untuk menggoreng,4 sdm peres garam halus,secukupnya Minyak goreng untuk menggoreng,800-1200 ml air dingin (sesuaikan dengan tekstur ikan),4 sdm bawang putih halus,2 sdt lada bubuk,2 pc santan kara ukuran besar/santan murni (total) 400 ml masukkan ke freezer sebentar supaya dingin saja jangan sampai beku,2 bawang bombay, cincang halus/ pakai bawang biasa juga bisa disesuaikan,3 batang daun bawang, iris tipis,Secukupnya daun seledri, iris,secukupnya Cuka pempek,Irisan timun secukupnya","Aduk ikan, gula, air, bawang putih dan putih telur hingga tercampur merata (bisa pakai mixer juga/spatula kayu kurleb 10 menit),Masukkan garam bertahap sambil diaduk-aduk hingga mengental (5-10 menit),Masukkan tepung bertahap,Tambahkan 2 sdm minyak goreng,Masukkan bahan isian,Tambahkan santan, aduk merata,Panaskan minyak goreng kemudiaan kecilkan api. Cetak adonan dengan menggunakan tangan hingga membentuk bulat (seperti mencetak baso). Adonan sampai tenggelam (Minyak harus banyak),Besarkan api di api sedang, kalau sudah terapung bolak balik adonan. Jika ingin di simpan masak pempeknya jangan terlalu matang.,Dinginkan, bisa di simpan di freezer atau di olah lebih lanjut dan sajikan dengan cuka pempek dan irisan timun"
ikan,https://cookpad.com/id/resep/24444703,Ikan Bawal Goreng,"500 gram Ikan bawal hitam,1/2 sachet Bumbu instan (racik),1,5 sdt Garam halus,Secukupnya minyak goreng, Sambal tomat, Mentimun","Siapkan 500 gram Ikan bawal hitam yang sudah dicuci bersih, potong atau kerat sesuai selera.,Lumuri ikan dengan bumbu instan dan garam halus hingga merata. Marinasi selama 15-30 menit.,Goreng ikan dalam minyak goreng panas hingga matang (berwarna kuning keemasan). Angkat dan tiriskan.,Ikan bawal goreng siap disajikan."
ikan,https://cookpad.com/id/resep/24630826,Tongkol Jengkol Balado,"250 gr ikan tongkol,1/2 buah jeruk asam,30 gr cabe rawit,15 buah cabe merah,3 siung bawang putih,6 siung bawang merah,Secukupnya minyak,1/2 sdt garam,1/4 sdt penyedap,1/4 sdt gula pasir,1/2 bungkus bumbu ayam/ikan goreng,1/2 kg jengkol agak muda,1 helai daun jeruk","Bersihkan ikan tongkol, lalu peras jeruk asam. Tambahkan bumbu ikan/ayam goreng.,Aduk rata lalu marinasi -+30 menit.,Siapkan cabe dan bawangnya, lalu rebus air setelah mendidih masukkan semua bumbu ke dalam air, rebus -+5menit. Matikan kompor.,Kupas jengkol lalu rendam di air dingin agar mudah mengupas kulitnya. Jengkolnya jangan terlalu muda atau terlalu tua.,Setelah 30 menit, goreng ikan tongkol di minyak panas dengan api sedang cenderung kecil. Setelah ikan matang, lanjut goreng jengkol sebentar saja.,Blender kasar bumbu yang telah direbus tadi, tambahkan daun jeruk, garam, penyedap dan gula. Masukkan jengkol, setelah mau matang masukkan ikan tongkol yang sudah di goreng, lalu sajikan."
ikan,https://cookpad.com/id/resep/24601730,Ikan Tenggiri Panggang Madu,"3 potong ikan tenggiri ukuran agak besar,dibersihkan,cuci bersih,peras dengan jeruk lemon/nipis,1 sdm air perasan jeruk lemon,2 sdm madu,1 sdm kecap manis,1 sdm olive oil untuk olesan teflon,150 ml air putih, Bumbu Halus (marinasi) :,4 siung bawang putih,5 siung bawang merah,5 sdm gula aren,disisir,1 sdt jahe bubuk,1/2 sdt lada bubuk,1/2 sdm garam, Bahan Taburan :,secukupnya wijen putih","Siapkan bahan-bahan marinasi,tambahkan air putih & perasan air jeruk lemon,aduk rata.
Rendam ikan dalam bahan marinasi selama 20 menit.Angkat,pisahkan ikan dengan bahan marinasinya.,Bahan marinasi nya ditambahkan kecap & madu.Aduk merata.,Panaskan teflon,oles dengan olive oil,taruh ikan sambil tuang campuran bahan marinasi tadi sedikit demi sedikit,panggang dibolak-balik sambil dituang merata bahan marinasinya sampe habis.
Panggang hingga ikan matang & kecoklatan.
Angkat,tuang dalam piring saji,taburi dengan wijen putih.Siap dinikmati👌"
ikan,https://cookpad.com/id/resep/24629838,Tuna Steak Garlic Butter,"500 gr daging ikan tuna,Secukupnya lada,Secukupnya olive oil,Secukupnya thyme kering,Secukupnya rossemarry kering,Secubit garam,5 siung bawang putih, cincang,1/2 buah Lemon, ambil airnya,2 sdm butter,Secukupnya kaldu jamur,Secukupnya rossemarry segar (opsional),Secukupnya Kentang goreng,Secukupnya mix vegetables (buncis, wortel &amp; jagung)","Siapkan bahan""nya, marinasi potongan ikan dengan bumbu marinasi.. Siapkan bawang putih cincang, lemon & butter,Panas wajan..masukaan ikan tuna.. Balik jika warna sudah berubah.. Jgn di tekan""yaa,Tambahkan butter,ikannya di pinggirkan dulu ya..lalu tumis bawang putih sampai harum, masukan rossemarry dan air lemon.. Tambahkan air secukupnya dan kaldu jamur.. Aduk hingga rata..,Masak sampai bumbu meresap.. Pisahkan ikan dengan saus nya.. Untuk mendapatkan warna yg cantik ikannya saya pan sebelum dihidangkan.☘️Happy Cooking♥"
ikan,https://cookpad.com/id/resep/24417548,Gulai Ikan Emas Endesss,"7 Ekor Ikan Emas,2 buah jeruk nipis,2 bungkus santan instan,2 batang serai, geprek,3 lembar daun salam,4 lembar daun jeruk, sobek sobek,1 keping asam gelugur,10 cabe besar merah (buang biji),5 cabe rawit merah,10 bawang merah,5 bawang putih,2 ruas kunyit,2 ruas jahe,2 ruas lengkuas,Secukupnya garam,Secukupnya kaldu jamur,Secukupnya Air,4 sdm minyak goreng","Bersihkan kotoran ikan, buang sisik ikan, cuci bersih, kucuri jeruk nipis. diamkan selama 10 menit, kemudian bilas kembali. cuci bersih lagi.,Dalam pand, masukkan semua bumbu cemplung dan bumbu halus, beri minyak goreng,Tumis bumbu hingga wangi dan matang,Masukkan ikan,Beri sedikit air dan masukkan santan,Beri garam dan kaldu jamur. aduk rata. biarkan ikan matang.,Koreksi rasa. jika sudah enak dan pas, angkat dan pindahkan ke piring saji. selamat mencoba yaa, semoga bermanfaat !"
ikan,https://cookpad.com/id/resep/24627433,Ikan teri masak pare,"50 gram ikan teri, cuci, lalu goreng sampai kering,1 buah pare,secukupnya air untuk merendam pare,1 buah tomat, potong kotak kecil,2 buah cabai merah keriting, potong potong,1 batang bawang daun, potong potong,6 butir bawang merah, iris tipis,2 siung bawang putih, iris tipis,2 sdt gula pasir,1/4 sdt kaldu jamur Koken,5 sdm air","Cuci pare, potong potong, lumuri garam, beri air, diamkan 30 menit. Bilas pare, tiriskan.,Tumis bawang merah dan bawang putih hingga harum. Masukkan bawang daun, cabai dan tomat, tumis hingga agak layu. Masukkan gula. Aduk sebentar, masukkan pare, air dan kaldu jamur.,Masukkan ikan teri, aduk lagi. Tes rasa. Angkat, siap disajikan."
ikan,https://cookpad.com/id/resep/24541851,Asem asem lele bungkus daun (15_GAS2025),"4 buah lele ukuran sedang,2 buah tomat,4 siung bawang putih,5 siung bawang merah,5 buah cabe iris iris,5 buah cabe rawit utuh,1 sdm garam,2 sdm gula,secukupnya penyedap,1 bungkus santan (65 ml),500 ml air,secukupnya daun pisang,5 buah plastik putih,lidi secukupnya","🌸Bersihkan lele potong jadi 3 bagian kemudian cuci bersih
🌸Goreng lele setengah kering
🌸iris perbumbu bumbuan,🌸siapkan baskom:tuang santan instan beri bumbu garam,gula,dan penyedap serta air aduk2 kemodian koreksi rasa
🌸Bagi potongan lele goreng menjadi 5 bungkus plastik,🌸Tambahakan irisan bawang merah putih cabe,tomat dan sebiji cabe rawit
🌸beri kuah santan 2-3 centong sayur ikat simpul plastik,🌸ambil daun pisang bungkus bungkusan lele dengan daun pisang kemudian kukus selama 30 menit
🌸setelah matang angkat dan sajikan,rasanya pas gurih asin manis dan tidak terlalu pedas untuk yg tidak suka pedas,,kl mo pedas bisa nyeplus cabenya"
ikan,https://cookpad.com/id/resep/24579266,Fuyunghai isi ikan Tuna,"6 sdm tepung terigu,2 sdm tepung sagu (sy.pakai tepung tapioca),2 sdm tepung k*be(bakwan),1 sdt kaldu jamur,1/2 sdt lada hitam+lada putih,1 sdt garam,3 butir telur (Sy. 4 butir telur),3 btg daun bawang,1/4 sayur kol, iris tipis,1/2 wortel, potong memanjang,2 buah cabai hijau,iris tipis,1 buah tuna kaleng,5 buah cherry tomatoes, potong 2,5 sdm saus tomat,2 siung bawang putih, geprek dan cincang,1/2 sdt garam,1/2 sdt kaldu jamur,1/2 sdt lada hitam+lada putih,1 sdm tepung maizena(larutkan dlm air)","Siapkan bahan-bahannya,Campur bahan tepung dan air, aduk rata lalu masukkan lada,garam,kaldu jamur dan 2 sdm tepung k*be.,Masukkan telur,aduk hingga tercampur rata. Lalu masukkan ke dalam wadah yang berisi irisan sayur dan saya tambahkan ikan tuna kalengan, aduk hingga tercampur rata ya.,Panaskan minyak...lalu goreng/panggang hingga matang.,U/ sausnya...tumis bawang putih cincang hingga harum,lalu masukkan potongan tomat,saus tomat dan air. Masak hingga mendidih lalu beri garam,lada,kaldu jamur dan larutan tepung maizena. Matikan kompor dan sisihkan.,U/penyajiannya..bisa disiram bisa juga gak ya(alias ambil fuyunghai lalu siram sendiri,pas mau makan). Ini saya tambahkan acar bikin sendiri"
ikan,https://cookpad.com/id/resep/24591997,Ikan Kembung Suwir dengan Jagung,"4 butir bawang merah iris,2 siung bawang putih iris,2 buah cabai merah keriting iris,3 lembar daun jeruk, iris,3 potong (150 gram) ikan kembung goreng,1/2 buah jagung manis rebus, pipili,1 sdm saos tiram,1 sdm kecap manis,secukupnya Garam, merica,100 ml air,1/4 buah jeruk lemon,secukupnya Minyak goreng","Pisahkan ikan dari tulang dan durinya lalu suwir -suwir ikan,Panaskan wajan, tuang minyak, tumis bawang sampai wangi. Masukkan cabai dan daun jeruk, aduk rata,Masukkan ikan dan jagung, aduk rata.. Bubuhi saos tiram dan kecap manis. Tambahkan sedikit garam dan merica. Aduk rata,Boleh tambahkan sedikit air, aduk sampai air mengering, peresi dengan jeruk lemon, aduk dan segera sajikan."
ikan,https://cookpad.com/id/resep/24633289,Tongkol Suwir Asam Manis,"1 ekor ikan tongkol kukus,3 buah bawang merah, cincang kasar,2 siung bawang putih, cincang halus,1 buah tomat, potong tipis,150 ml air,1 batang daun bawang, potong kasar,1 sdm minyak goreng, untuk menumis,1 sdm saos tomat,1 sdt kecap manis,1 sdt kecap asin,1 sdt saos tiram,1/4 sdt garam,1/2-1 sdt gula pasir,1/4 sdt merica bubuk,1/2 sdt kaldu jamur","Buang kepala dan duri ikan tongkol, kemudian suwir kasar ikan tongkol.,Panaskan minyak, tumis bawang merah dan bawang putih cincang hingga harum. Tambahkan potongan tomat, tumis hingga layu.,Masukkan tongkol suwir, aduk rata dengan bumbu. Kemudian tambahkan air.,Masukkan bahan saos, aduk rata. Kemudian bumbui dengan bumbu penyedap. Jangan lupa koreksi rasa.,Setelah bumbu meresap, tambahkan irisan daun bawang. Aduk rata, sajikan hangat."
ikan,https://cookpad.com/id/resep/24609136,Ikan Kembung Bakar Bumbu Jimbaran,"1 kg Ikan kembung (isi ± 8 ekor), siangi &amp; kerat sisi²nya,1-2 sdm Cuka apel,2 mata Asam jawa,2 sdm Minyak goreng,2 sdm Saos tiram,6 sdm Kecap manis,secukupnya Garam &amp; Gula,8 siung Bawang putih,10 butir Bawang merah,1 sdm Ketumbar bubuk,8 butir Kemiri, sangrai,2 ruas jari Lengkuas,3 buah Cabai merah besar (jumlahnya disesuaikan saja ya)","Lumuri ikan dengan cuka apel, diamkan ±15 menit.,Tumis bumbu halus hingga harum & matang. Masukkan kecap manis, saos tiram, asam jawa, garam & gula aduk rata. Tuang sedikit air kalau terlalu kering. Jangan lupa tes rasa ya. Matikan api & tunggu hingga bumbu hangat.,Kemudian lumuri ikan dengan bumbu hingga merata. Diamkan ± 15-30 menit.,Bakar/panggang diatas bara api/teflon hingga matang. Saya panggang dengan air fryer (supaya praktis 😁) dengan suhu 180°C selama 12 menit, balik ikan kemudian lanjutkan memanggang selama 8-10 menit. Angkat & sajikan dengan sambal kecap/sambal favorit."
ikan,https://cookpad.com/id/resep/24575232,102 ☆ NASI TIM IKAN DORI BROKOLI MPASI ☆,"6 sdm beras cuci bersih,100 gram ikan dori fillet,40 gram kuntum brokoli cincang kasar,1/2 sdm saus tiram,250 ml air,1 siung bawang putih cincang halus,1 siung bawang merah cincang halus,1 sdm mentega","Panaskan mentega tumis bawang merah dan bawang putih hingga harum,Masukan ikan dori giling masak hingga berubah warna, masukan beras, tuang saus tiram tumis hingga harum,Tuang air, masak hingga hampir matang,Tambahkan brokoli, masak hingga matang, angkat,Sajikan hangat"
ikan,https://cookpad.com/id/resep/24631266,Ikan Kembung Masak Tauco,"3 ekor ikan kembung,1 bh jeruk nipis,2 bks kecil.tauco,6 bawang merah,3 bawang putih,1 bh tomat,1 btg daun bawang,10 cabe rawit merah (sesuaikan dengan selera),3 cabe merah keriting,2 daun salam,1 btg sereh, geprek,Secukupnya gula,.garam, kaldu jamur","Bersihkan ikan kembung, cuci bersih dengan air mengalir, kucuri jeruk nipis, diamkan 10 menit, kemudian bilas sampai bersih,Goreng ikan setengah matang saja, sisihkan,Tumis bawang putih, bawang merah, cabe merah besar dan cabe rawit sampai harum. Tambahkan daun salam dan sereh lalu Masukkan tauco ke dalam wadah mangkok kasi air panas, lumatkan, masukkan tauco ke dalam tumisan. Tunggu mendidih, beri garam-gula,kaldu jamur secukupnya. (Hati2 penggunaan garam ya krn tauco ada yg rasa asinnya sdh kuat),Masukkan ikan kembung yg telah digoreng ke dalam tumisan tauco, biarkan rasa ikan menyatu dengan tauco. Kemudian masukkan potongan tomat dan daun bawang. Koreksi rasa, siap disajikan."
ikan,https://cookpad.com/id/resep/24610133,Oseng Gereh Besek,"3 kotak Gereh besek (atau ikan pindang),secukupnya Minyak (untuk menggoreng),5 siung Bawang merah,3 siung bawang putih,5 bh Cabai keriting merah,5 bh Cabai keriting hijau,3 bh Cabai Rawit Putih (opsional),2 bh Tomat hijau,2 helai Daun Jeruk,1 helai Daun Salam,1 btg Sereh (Iris besar),2 iris Lengkuas,secukupnya Garam,secukupnya Gula,secukupnya Penyedap rasa,3 sdm Kecap manis","Goreng ikan hingga matang agak kering.,Tumis bawang, cabai, dan tomat hingga wangi. Tambahkan seasoning dan aromatik. Masak sebentar hingga kecap sedikit mengental.,Masukkan ikan goreng. campurkan hingga merata.,Oseng Gereh siap disajikan."
ikan,https://cookpad.com/id/resep/24547162,Balado Ikan Patin,"1 kg ikan patin potong 10,1 ons  cabe campur,2 biji  tomat,3 siung  bawang putih,5 biji  bawang merah,1/2 sdm  garam,1/2 sdm  gula pasir,1 sdt  kaldu bubuk,Secukupnya  minyak goreng,50 ml  air","Keluarkan ikan dari frezzer biar sampe suhu ruang lalu goreng,Rebus bumbu balado sampe Mateng lalu haluskan tumis sampe wangi,beri garam gula dan kaldu bubuk,Masukkan ikan patin gorengnya beri sedikit air cek rasa sajikan"
ikan,https://cookpad.com/id/resep/24633220,Pesmol ikan,"3 siung bawang putih,4 siung bawah merah,1 tomat kecil,3 biji kemiri di belah,1/2 sdt ladaku,1/2 sdt ketumbar,1 buku jari kunyit,1 buku jari jahe,secukupnya Royco,secukupnya Gula putih,secukupnya Garam,secukupnya Pecin,Secukupnya daun salam,1 sereh di geprek,Secukupnya cengek domba","Ikan dicuci bersih, lalu di marinasi pakai garam,Sesudah di marinasi, ikan di goreng sampai matang,Lalu bumbu bumbu yang di sebutkan tadi di blender sampai halus,Panaskan minyak, lalu tumis perbumbuan sampai harum, masukan daun salam dan sereh geprek,Sesudah bumbu matang, kasih air secukupnya,Kasih royco, gula putih, garam, pecin sesuai selera.. icip icip, dan masukan ikan yang sudah digoreng tadi, tunggu sampai air nya menyusut atau di kira sudah matang..,Lalu siap di hidangkan dengan nasi panas ditambah kerupuk.. 🥰"
ikan,https://cookpad.com/id/resep/17266605,Gulai Ikan Tongkol,"1 ekor ikan tongkol segar (7 potong),1 buah jeruk nipis,1 jempol lengkuas,2 batang sereh,3 lembar daun salam,1 bungkus santan,Secukupnya daun kemangi,Secukupnya garam gula dan kaldu jamur,Secukupnya air,7 siung bawang merah,5 siung bawang putih,10 buah cabe merah kriting,5 buah cabe rawit merah,1 sdt ketumbar,3 butir kemiri matang,1 ruas jahe,2 telunjuk kunyit","Cuci bersih ikan tongkol kucuri dengan jeniper diamkan 10 menit lalu cuci bersih lagi
Goreng ikan tongkol sampai matang angkat dan tiriskan,Tumis bumbu halus sampai harum dan matang masukan juga salam sereh dan lengkuas aduk rata
Masukan secukupnya air, garam gula dan kaldu jamur masak sampai air mendidih,Setelah air mendidih masukan ikannya aduk perlahan masak sampai bumbu menyerap lalu masukan santan,Masukan daun kemanginya aduk perlahan masak sebentar saja jgn lupa icip rasa,Gulai ikan tongkol ala rumahan siap dihidangkan
Selamat mencoba 🥰 
Happy cooking 🥰"
ikan,https://cookpad.com/id/resep/24465088,Ikan Baronang Goreng Simple,"500 gram ikan baronang,1 sdm bumbu dasar putih,1/2 sdt kunyit bubuk,1 sdt ketumbar bubuk,1 sdt kaldu bubuk,1/2 sdt garam,1/4 sdt lada bubuk,1 buah jeruk nipis,1 buah jeruk sambal,2 buah tomat goreng,20 buah cabe rawit goreng,1 sdt terasi goreng,1 sdt gula merah,1/2 sdt garam","Bersihkan ikan, cuci dan beri jeruk nipis. Bilas lagi,Beri semua bumbu marinasi, aduk rata,Biarkan selama 10-15 menit di kulkas,Goreng di minyak panas hingga matang,Haluskan tomat dan cabe goreng, beri gula garam dan terasi goreng tes rasanya. Cek sesuai selera. Terakhir beri jeruk sambal, aduk rata,Sajikan ikan baronang goreng dengan sambal terasi. Selamat mencoba 💜"
ikan,https://cookpad.com/id/resep/24395035,Bekal Kerja Nasi Ikan Cue,"2 ikan cue ukuran besar,2 cabe rawit,10 cabe bawang merah ukuran kecil,1 bawang putih,Secukupnya gula,Secukupnya garam,Secukupnya royco","Bersihkan ikan cue + buang durinya lalu cuci bersih...
Iris bawang + cabenya...
Panaskan minyak sekitar 3 SDM..,Masukkan ikan cue goreng hingga agak kering...
Lalu masukkan cabe bawang masak sebentar...
Beri gula garam...,Tambahkan Royco lalu tes rasa...
Ini untuk bekal kerja suami aku🫰"
ikan,https://cookpad.com/id/resep/24632806,Pepes ikan Selar Basah,"400 ± gr ikan selar,3 siung Bawang merah,2 siung bawang putih,10 buah cabai rawit,2 buah cabai merah kriting,1 ruas jari kunyit,3 butir kemiri,1 ruas jari jahe,Secukupnya garam,Secukupnya micin,1 sdm minyak goreng,Secukupnya sereh,Secukupnya salam,Secukupnya daun kemangi","Cuci bersih ikan lumuri dengan jeruk nipis diamkan 10 menit bilas tiriskan. Haluskan bumbu halus dengan blender tuang ke ikan masukan kemangi aduk merata,Ambil beberapa ikan letakan di atas daun pisang beri 1 lembar daun salam dan sereh (1/3 bagian geprek) bungkus kunci kedua ujungnya dengan tusuk gigi/lidi lakukan sampai selesai.,Siapkan alat bakarnya (me: genteng) panaskan diatas kompor dengan api sedang taruh pepesan bolak balik sampai matang,Sajikan dengan nasi hangat"
nasi,https://cookpad.com/id/resep/24682587,Nasi pecel komplit,"5 lembar kol,1 buah wortel,6 lonjor kacang panjang,100 gr tauge,50 gram kacang tanah goreng,10 buah cabai rawit merah,3 lembar daun jeruk buang tulangnya,2 siung bawang putih,3 cm kencur,1 keping gula merah,1 sdt garam halus,200 ml air,1 sdm gula pasir, Mendoan, Tahu goreng, Telur krispi","Rebus kol, tauge, kacang panjang, dan wortel satu persatu.,Goreng cabai, kencur, bawang putih, dan daun jeruk hingga layu. Lalu blende dengan kacang tanah, air, gula merah, asam jawa, garam halus, dan gula pasir.,Goreng tempe mendoan hingga kuning keemasan angkat dan tiriskan.,Goreng juga tahu kuning angkat dan tiriskan.,Buat telur krispi.,Tata nasi di piring, lalu sayuran, mendoan, tahu goreng, telur krispi. Siram sayuran dengan sambal pecel. Siap disajikan."
nasi,https://cookpad.com/id/resep/24647802,Nasi Goreng-Gorengan bekas Kuali Sambal,"2 sdm sisa sambal pada kuali,3 sdm mixed vegetable,1 porsi nasi putih (dingin),1 butir telur rebus/mata sapi","Bekas sisa sambal pada kuali, mensiapkan berapa sendok mixed vegetable dan nasi,Panaskan bentar, toh semuanya sudah masak. Kecuali kalau mau masak telur mentah dulu (kalau mau versi orek). Karena sambal sudah cukup berasa, gak perlu tambah apa² lagi (kecuali bila perlu) 😅. Selamat makan 😋😋"
nasi,https://cookpad.com/id/resep/24685095,Nasi Pecel Madiun,"Secukupnya bayam,Secukupnya toge,Secukupnya kerupuk melarat,Secukupnya garam,Secukupnya bumbu pecel madiun","Pitili bayam dan akar toge. Pitili tuh bahasa Indonesianya apaan, dah? Mendadak hilang diksi wkakaka,Cuci bersih sayurannya di bawa air mengalir,Panaskan air hingga blubub blubub,Ambil bumbu pecel dan larutkan dengan air mendidih biar gampang larut. Aduk sampai kekentalannya pas,Sisa air, pakai buat rebus sayuran. Kasih garam secukupnya biar gurih,Sajikan dengan kerupuk melarat kesukaan. Ada sih gendar. Tapi, males goreng. Wkakakakak Yang menghabiskan si Tengah. Si Sulung dan si Bungsu nggak mau. Ahaha Cedih"
nasi,https://cookpad.com/id/resep/24654459,Nasi Pindang khas Kudus,"500 gr daging sengkel,1500 ml air,65 ml santan instan,Segenggam daun melinjo,2 lembar daun salam,1 batang sereh,2 cm lengkuas,3 lembar daun jeruk,50 ml air asam jawa,1 keping gula merah,1 sdt gula pasir,2 sdt garam,1 sdt kaldu bubuk,5 siung bawang merah,5 siung bawang putih,3 butir kemiri,1/2 sdt lada butir,1 sdt ketumbar,1/2 sdt jinten,1/4 sdt terasi,5 butir kluwek,4 butir Telur pindang,Secukupnya kerupuk udang,Secukupnya sambel,Secukupnya bawang goreng,Secukupnya jeruk nipis","Rebus daging dengan daun salam, daun jeruk, sereh dan lengkuas. Siapkan bumbu kemudian haluskan.,Tumis bumbu hingga harum dan tanak, kemudian masukkan pada rebusan daging.,Daging dipotong² sesuai selera, masukkan kembali pada kuah rebusan. Tambahkan gula dan kaldu serta santan. Masak hingga mendidih, koreksi rasa.,Siapkan semua bahan pelengkap, simak resep yang disematkan. Penyajian : susun nasi, potongan daging, telur pindang, daun melinjo dan kerupuk. Siram dengan kuah, sajikan selagi hangat, tambahkan perasan jeruk nipis sesuai selera."
nasi,https://cookpad.com/id/resep/24693240,Liwet Nasi Sisa,"1000 gr nasi sisa,100-150 ml air untuk memasak bumbu,2 sdm minyak untuk menumis,6 siung bawang merah,3 siung bawang putih,3 buah cabe merah tanpa biji (atau sesuai selera,3 sdm udang rebon goreng,2 batang serai,1 cm lengkoas,1 cm jahe,1/2 sdt garam (sesuaikan lagi),1/2 sdt kaldu bubuk","Siapkan nasi sisanya. Saya menggunakan nasi sisa kemarin dari rice cooker dan nasi sisa paket ayam goreng yg sudah disimpan di kulkas.,Tumis irisan bawang merah dan bawang putih sampe layu.lalu masukkan cabe merah iris, jahe geprek dan lengkoas geprek. Aduk sampai cabe layu dan bumbu terasa lebih harum. Tambahkan daun salam dan serai geprek. Tambahkan air.,Tambahkan juga garam dan kaldu bubuk. Aduk rata. Lanjutkan memasak sampai air yg tersisa tinggal sedikit. Matikan api.,Tambahkan nasi dan rebon goreng, aduk rata. Cicipi dan sesuaikan asinnya dengan selera. Di tahap ini nasi sudah enak dan harum. Bisa dilanjutkan mengaduk nasi sampai panas di penggorengan, dikukus atau melanjutkan ke rice cooker.,Saya memanaskan lagi nasi liwet di Rice Cooker. Pindahkan ke panci rice cooker. Tekan on dan tunggu sampai panas kembali. Memang agak lama ssmpai nasi liiwetnya menjadi panas, sekitar 1 jam, tapi kemudahannya bisa ditinggal.,Pindahkan ke wadah saji dan hidangkan dengan lauk pauk yg sesuai."
nasi,https://cookpad.com/id/resep/24527763,Nasi Goreng Jawa Uleg,"1 butir telur,Secukupnya garam,Secukupnya kaldu bubuk,2 piring nasi putih,6 buah bawang merah,2 siung bawang putih,6 buah cabai rawit,7 buah cabai merah keriting,1/2 sdm ketumbar,1/4 buah terasi kemasan kecil,Secukupnya garam,Secukupnya kaldu bubuk,Secukupnya minyak goreng,Secukupnya ayam goreng, suwir","Untuk telur dadar
Ceplok telur kemudian bumbui dengan garam dan kaldu bubuk
Panaskan wajan, oles minyak tipis tipis kemudian buat dadar telur tipis. Gulung dan potong. Sisihkan,Haluskan ketumbar dan garam hingga halus merata,Haluskan juga bawang merah, bawang putih, terasi, cabai rawit dan cabai merah keriting hingga halus,Panaskan minyak, tumis bumbu halus hingga harum dan matang,Masukan nasi putih kemudian aduk rata dan bumbui lagi dengan garam dan kaldu bubuk. Aduk,Masukan ayam goreng yang sudah disuwir tadi
Aduk rata dan koreksi rasa,Siap disajikan"
nasi,https://cookpad.com/id/resep/24669160,Nasi Ulam Betawi,"1 liter beras pulen sedang,3 lembar daun salam,1 batang sereh di geprek,1 ruas lengkuas di geprek,1/2 sdt garam,Secukupnya air,5 buah cabe merah besar,5 siung bawang merah,3 siung bawang putih,1 sdt ketumbar bubuk,1 sdm ebi,1/2 sdt kunyit bubuk,1/2 ruas jempol kencur,1/4 sdt jintan,1/2 butir kelapa setengah tua parut,4 sdm minyak goreng,2 lembar daun salam,1 batang sereh,1 ruas lengkuas di geprek,1 sdt gula pasir,1 sdm gula merah,1/2 sdt garam,1/4 sdt micin (optional), Telur balado/ayam goreng/telur dadar, Tempe orek, Mentimun, Toge pendek, Bawang goreng, Kerupuk, Kemangi","Beras cuci bersih tambahkan daun salam serai lengkuas juga garam dan secukupnya air kemudian aduk rata lalu masak seperti masak nasi biasa di dalam magic com (takaran air sama seperti masak nasi biasa),Siapkan semua bumbu cuci bersih termasuk ebi rendam air panas sebentar kemudian haluskan, saat diblender tambahkan sedikit air.,Panaskan minyak goreng, masukkan bumbu yang dihaluskan tambahkan sereh daun salam juga lengkuas aduk rata tambahkan garam gula dan micin masak sampai matang.,Masukkan kelapa dan gula merah aduk sampai tercampur rata, masak dengan api kecil sampai kadar santannya berkurang atau lembab namun tidak sampai terlalu kering (harus sering diaduk agar matang merata dan tidak gosong),Cuci bersih mentimun lalu potong dadu, cuci bersih toge pendek kemudian seduh dengan air panas diamkan selama 5 menit kemudian tiriskan. Sajikan nasi ulam bersama semua lauk pelengkapnya."
nasi,https://cookpad.com/id/resep/24682126,Nasi Gandul Khas Pati Jawa Tengah,"250 gram daging sapi / tetelan,1500 ml santan cair (saya 1200ml),500 ml santan kental,5 cm kayu manis,Secukupnya kecap manis (saya 1 sdm),Secukupnya gula merah (saya 3 sdm gulmer sisir),Secukupnya garam (saya 2 sdt),1 sdt gula pasir (tambahan saya),1/2 sdt ketumbar, sangrai,1/2 sdt jinten, sangrai,25 gr kemiri (saya 3 bh), sangrai,125 gr bawang putih (saya 13 siung),50 gr bawang merah (saya 5 butir),1 ruas jari lengkuas,1 ruas jari jahe,1 ruas jari kencur,1 sdm merica (saya 1 sdt),50 gram cabe merah, rebus (saya 6 bh cabe merah),1/2 ruas jari pala,1 sdt terasi bakar,4 buah kentang, kupas, bersihkan, potong2, goreng,2 sdm bawang merah goreng,Secukupnya lada bubuk, gula, garam,1 butir telur, kocok lepas untuk celupan perkedel,1 papan tempe,3 siung bawang putih,1/2 ruas jari kunyit,1/2 sdt ketumbar bubuk,3/4 sdt garam,Secukupnya air","Rebus daging / tetelan sebentar untuk menghilangkan darahnya, buang airnya, lalu rebus sampai daging/ tetelan empuk.,Haluskan bumbu, tumis bumbu, tambah kayu manis, tumis sampai wangi..,Masukkan daging, kaldu daging, santan encer/cair, gula merah, kecap, garam, dan gula, aduk rata..,Setelah mendidih, masukkan santan kental. Koreksi rasa. Masak sampai benar2 matang / taneg..,Taburi dengan bawang goreng..,Siapkan bahan perkedel kentang..,Haluskan kentang yang sudah digoreng, tambahkan bawang merah goreng, gula, lada bubuk, garam, aduk rata, bentuk bulat, celupkan telur, lalu goreng hingga matang.,Potong2 tempe agak lebar, kerat2, haluskan bumbu tempe, beri air, aduk rata, celupkan tempe, lalu goreng kering..,Cara penyajian, tata nasi di atas daun pisang. Taruh daging dan kuahnya, taburi bawang merah goreng, tambah kecap, perkedel, sambal dan tempe goreng..Siap disajikan 🤤🤤"
nasi,https://cookpad.com/id/resep/24624612,Nasi Liwet Daun Jeruk,"2 liter beras,Secukupnya garam,Secukupnya minyak goreng,Secukupnya air,50 gr bawang putih,100 gr bawang merah,50 gr daun Jeruk,50 gr bawang putih,100 gr bawang merah,10 gr daun jeruk,2 batang Serai","Siapkan semua bumbu yang akan di haluskan potong2 semua bawang (merah dan putih) kemudian Tumis hingga harum, masukkan ke dalam blender bersama dengan daun jeruk beri sedikit air agar mudah di blender.,Cuci bersih beras, kemudian masukkan bumbu yg sudah di blender kedalam beras yang sudah bersih. Kemudian tambahkan bumbu yg sudah di iris2. Setelah itu masukkan garam dan air, aduk rata.,Kemudian nyalakan listrik, masak hingga nasi matang. Setelah matang aduk kemudian pindahkan ke dalam Penghangat nasi. Bila tidak dipindah juga tdk apa2 ya Bun, bs langsung di sajikan dengan lauk kesukaan.,Selamat menikmati"
nasi,https://cookpad.com/id/resep/24680080,Nasi uduk mudah part 1,"2 cup beras,3 siung bawang putih,4 siung bawang merah,1 bungkus santan kara kecil,1 sdt garam,1/2 sdt gula pasir,Secukupnya penyedap, Daun salam,serai, daun jeruk, Untuk pelengkap bisa, Telur dadar,ayam goreng, Teri kacang balado,timun, Bawang goreng","Cuci beras, tambahkan garam,gula dan penyedap serta santan,Cincang bawang merah dan bawang putih kemudian goreng hingga kecoklatan (awas gosong ya hehehe),Masukkan air sesuai biasa kita masak ya (tergantung banyak beras ya),serai,daun jeruk dan daun salam serta bawang yang sudah digoreng aduk rata baru Masukkan kedalam magic com masak seperti biasa ya jangan lupa di aduk.,Jika sudah matang aduk lagi ya terus tutup dan tunggu kurleb 5 menit hingga benar-benar tanak.,Siap dihidangkan dengan bahan pelengkap ya. Untuk saya pakai ayam tepung goreng aja anak-anak gak suka ada bawang goreng soalnya hehehe. Semoga bermanfaat"
nasi,https://cookpad.com/id/resep/24017273,Nasi Liwet,"3 Cup beras setara dg 450 gr,450 ml air /sesuaikan dengan beras,65 ml santan instan,5 siung bawang merah, iris,3 siung bawang putih, iris,2 batang serai,2 buah cabe merah,1 lembar daun pandan,1 sdt kaldu ayam bubuk","Panaskan minyak, tumis bumbu iris dan bumbu aromatik kecuali daun pandan, hingga harum.,Masukkan beras yang telah dicuci kedalam Rice Cooker. 
Tambahkan bumbu tumisan, air dan santan. Aduk hingga rata.,Masak seperti masak nasi biasa,Sajikan dengan tahu goreng pandan."
nasi,https://cookpad.com/id/resep/24681013,Nasi lengko,"1/2 papan tempe, goreng, potong,4 buah tahu, goreng potong,1/2 bks toge, siram dengan air panas,1 buah timun (mentah),2 porsi nasi,1 bks bumbu kacang instan,1 bua telur untuk dadar,Secukupnya kecap dan bawang goreng","Siapkan tempe, tahu timun, potong sesuai selera. Tiriskan toge yang sudah direndam,Seduh bumbu kacang instan. Siapkan nasi putih,Tambahkan telur dadar, kecap dan bawang goreng. Siap disajikan"
nasi,https://cookpad.com/id/resep/24678129,1038. Nasi Telor Ceplok Ayong 999 Pontianak,"3 butir Telur,5 siung Bawang Putih, geprek lalu cincang (me : 3 siung),2 buah Cabe Rawit,1 sdm Kecap Manis (me : 2 sdm),1 sdm Kecap Asin/Soy Sauce,1/2 sdt Merica bubuk,5 sdm Air (me : 20 ml),4 sdm Minyak Goreng (me : 10 ml)","🍳Panaskan minyak, lalu goreng bawang putih sampai kecoklatan dan harum, gunakan api kecil
🍳Angkat bawang putih goreng dengan saringan kecil, tiriskan, gunakan minyaknya untuk menggoreng telur,🍳Campur bawang putih goreng, kecap manis, kecap asin, dan merica bubuk, lalu tambahkan air, aduk rata,🍳Selanjutnya dengan minyak bekas menggoreng bawang putih, ceplok telur lalu siram bagian atas telur dengan minyak panasnya, angkat, tiriskan
🍳Telur ketiga setelah matang, masukkan dua telur goreng lainnya, tuang kuah kecap, gunakan api kecil, siram kuah kecap ke telur secara merata,🍳Sajikan telur kecap keatas nasi"
nasi,https://cookpad.com/id/resep/24678291,125. Nasi Liwet Gudeg Komplit,"1/2 buah gori/nangka muda,1/2 kg telur rebus (8 butir),1 ltr santan (dari 1 butir kelapa parut),10 lembar daun salam,5 lembar daun jeruk,5 batang serai geprek,2 iris lengkuas geprek,1/4 gula jawa merah pekat,3 kantong teh,8 butir bawang merah,5 butir bawang putih,5 butir kemiri,1 sdm ketumbar,1/2 sdm garam,1/2 sdm penyedap,1/4 cecek/brabasan,1/4 Kulit sapi,500 ml santan,3 buah cabai ketiring iris serong,6 buah bawang merah iris,3 lembar daun jeruk,3 lembar daun salam,1 batang serai geprek,1 iris lengkuas geprek,8 buah cabai keriting,2 buah cabai rawit,6 bawang merah,5 bawang putih,3 buah kemiri sangrai,2 cup beras,300 ml santan+air (sesuaikan mejicom masing&quot;),5 lembar daun salam,1/2 dada ayam,500 ml air,1 ruas kunyit,3 bawang merah,3 bawang putih,1/2 sdt ketumbar,1 sdt garam,1 sdt penyedap,65 ml santan,2 butir putih telur,Sedikit air","Siapkan semua bahan gudeg,Campurkan semua bahan didalam wajan tambahkan 3 kantong teh, gula jawa, garam dan penyedap,Masak selama 10 menit, ambil kantong tehnya lalu masak lagi selama 1 jam, setelah 1 jam masukkan kedalam mejicom tekan tombol cook lalu biarkan diposisi warm selama 6-9 jam (semakin lama semakin berwarna cokelat),Untuk sambal Goreng cecek kulit sapi, dalam wajan tumis bawang merah dan bawang putih masukkan bumbu halus tambahkan cecek dan kulit sapi masukkan santan beri seosening cek rasa lalu sisihkan (untuk foto dilangkah saya lupa masukkan bumbu halus jadi saya tumis pakai teflon sendiri),Untuk nasi liwet, cuci beras masukkan daun salam dan air santan sesuaikan mejicom masing* lalu masak seperti masak nasi pada umumnya,Untuk areh santan masukkan semua dalam satu wadah panci masak sampai keluar bulir-bulir anehnya, angkat sisihkan,Masukkan dada ayam dan air, haluskan bumbu lalu masukkan kedalam panci aduk rata masak sampai air menyusut, angkat selagi panas langsung suwir dengan bantuan 2 garpu, buang tulangnya dan sisihkan,Platting dalam satu piring, sajikan dengan siraman areh santan,Alhamdulillah nikmat sekali ma syaa Allah 🤤"
nasi,https://cookpad.com/id/resep/24670413,Nasi Goreng Jadul," Telur,Sepiring penuh nasi (utk 2 orang),5 cabai rawit,2 cabai keriting merah, Garam, penyedap, sedikit gula (bisa di-skip sesuai selera),3 siung bawang putih","Haluskan cabai dan bawang putih,Panaskan sedikit minyak goreng, orak arik telur, tiriskan,Tumis bumbu halus di sisa minyak goreng (bisa ditambahkan jika kurang). Setelah bumbu wangi, masukkan nasi,Bumbui dengan garam dan penyedap serta gula (bisa di-skip),Tes rasa dan nikmati selagi hangat"
nasi,https://cookpad.com/id/resep/24679918,Nasi goreng sehat,"1 papan Tempe,2 butir telur,2 siung bawang putih,2 siung bawang merah,1 tangkai bawang daun,secukupnya Bawang bombay,secukupnya Kaldu jamur,1 sdm Saos tiram,secukupnya Garam,5 buah cabai","Panaskan minyak dan masukkan tempe yang di bejek bejek kasar lalu tiriskan,Kemudian masukkan bumbu bawang merah, bawang putih dan bawang bombay serta cabai,Masukkan telur dan orak arik,Masukkan tempe yang sudah digoreng,Tambahkan bawang daun,Masukkan saos tiram dan kaldu jamur,Nasi goreng sehat siap dihidangkan"
nasi,https://cookpad.com/id/resep/24701129,Nasi uduk / nasi Liwet,"2 batang sereh,4 lembar daun salam,7 siung bawang merah,4 siung bawang putih,1 jempol Laos,1 SDM Garam, Penyedap (saya tidak pakai), Beras 3 putaran setara dengan 450 gr,3 biji Cabe kecil / merah","Tumis bumbu hingga harum, lalu masukkan air.,Campur bumbu di nasi, rebus seperti memasak nasi biasa. Dengan ketinggian air seperti biasanya.,Jika sudah habis airnya, nasi dikukus sampai tingkat kematangan yang diinginkan."
nasi,https://cookpad.com/id/resep/24699068,Nasi Tim Ayam,"250 gr paha ayam, potong dadu kecil,3 siung bawang putih, cincang,1/2 butir bawang bombay, saya skip tidak punya,3 sdm kecap manis,1 sdm saos tiram,1/2 sdt garam,1 sdt kaldu bubuk ayam,1/4 sdt lada bubuk,800 ml air,250 gr tulang ayam (resep asli pakai ceker),2 lembar daun salam (tambahan dari saya),1 sdm garam,1 sdt lada bubuk,1 sdt bawang putih bubuk,Secukupnya telur rebus,Secukupnya nasi putih","Rebus bahan kuah, selama 30 menit. Sisihkan.,🍛Tumis bawang putih hingga harum.
🍛Masukkan potongan paha ayam, tumis sebentar hingga ayam berubah warna.,🍛Tambahkan bumbu tabur.
🍛Tumis hingga rata, koreksi rasa, sisihkan.,🍛Siapkan wadah anti panas.
🍛Tata potongan telur rebus didasar wadah.
🍛Beri tumisan paha ayam secukupnya.
🍛Beri nasi secukupnya, sambil ditekan supaya padat.
🍛Tuang kuah kaldu tulang ayam hingga nasi terendam.,Kukus selama 35 menit.,Nikmati Nasi Tim Ayam selagi hangat, selamat mencoba! 😊"
nasi,https://cookpad.com/id/resep/24698291,Menu Mpasi mudah tim nasi telur,"1 siung bawang putih kalau kecil bisa 2,1 siung bawang merah,1 centong  nasi,1 butir telur","Ulek bamer dan baput sampai halus
Tambahkan sedikit minyak lalu tumis sebentar saja,Masukkan air dan juga nasi aduk sampai rata,Setelah mendidih baru 1 butir telur dikocok dulu baru dimasukkan ke panci 
Aduk sampai rata masukkan sedikit garam dan juga kaldu jamur,Tunggu sambil sesekali diaduk sampai airnya benar2 meresap dan teksturnya seperti bubur 
Tinggal dihidangkan
Lebihnya taruh kulkas di angetin bentar buat mkn siang dan malam"
nasi,https://cookpad.com/id/resep/24697755,Lontong dari Nasi Aron,"2 gelas belimbing beras,600 ml air,1 sdt garam,2,5 ml air kapur sirih,secukupnya daun pisang","Cuci bersih nasi kemudian tambahkan air.,Tambahkan air kapur sirih, garam dan aduk rata,Setelah air set, matikan api dan tutup aron. Biarkan sekitar 15 menit.,Masak hingga mendidih. Setelah mendidih kecilkan api. Kemudian terus masak hingga air set.,Bejek-bejek aron, kemudian bentuk memanjan. Letakkan diatas daun pisang dan linting sesuai selera. Lakukan hingga habis,Rebus lontong dengan presto sekitar 30 menit (setelah peluit presto berbunyi).,Tiriskan dan biarkan dingin.siap dinikmati. Makin dingin makin pulen,Catatan, 🍀 untuk beras terlalu pera, kurang penambahan air, jadi hasil lontongnya tidak halus."
nasi,https://cookpad.com/id/resep/24696857,Nasi tutug oncom,"2 piring munjung nasi putih,150-200 gr oncom,1 ikat kemangi,6 siung bawang merah,3 siung bawang putih,10 buah cabe rawit merah,3 buah cabe merah keriting,3 ruas kencur,secukupnya Garam,Secukupnya kaldu. Bubuk,Secukupnya gula pasir, Minyak goreng (untuk menumis),1/2 sdt terasi(optional)","Oncom dibakar diatas teflon (tanpa minyak),Setelah rata, hancurkan oncom pakai ulekan/chopper tapi jangan sampai terlalu halus (bergerindil),Haluskan semua bumbu, termasuk terasi dan kencur l, lalu tumis sampai harum dan benar-benar matang supaya tidak langu,Masukkan oncom yg uda dihancurkan tadi, tambah garam, gula, dan penyedap rasa, sambil diaduk rata,Masukkan daun kemangi, lalu diaduk, sampai daun layu,Terakhir masukkan nasi putih, lalu aduk sampai tercampur rata, lalu tes rasa,Hidangkan nasi TUTUG oncom dengan lauk lainnya. Boleh juga kalau mau ditambah pakai sambel terasi goreng kalau kurang pedas yaa,Selamat mencoba ya buibu. Jangan lupa baca bismillah sebelum masak. Semoga bermanfaat, Barakallahufiikum💛"
nasi,https://cookpad.com/id/resep/24491356,Nasi Merah Isi Daging Kukus,"3 sdm beras merah,1 siung bawang putih,1 lembar daun salam,200 ml air,3 sdm santan murni,60 gram daging sapi giling,1 siung bawang putih cincang,1 sdm bawang bombay cincang,2 sdm minyak daging malbi,1 buah tomat,3 lembar daun pandan","🍚Rendam beras merah selama 1 jam. Masak semua bahan nasi beras merah sampai air asat dengan api kecil.,🍳Panaskan minyak malbi. Tumis irisan tomat,bawang putih,bawang bombay sampai harum. Masukkan daging cincang. Masak sampai matang.,🍙Ambil 1 lembar daun pandan yang sudah dicuci dan dilap. Lipat ujungnya membentuk corong. Isi dengan 1 sdm nasi merah,kemudian 1 sdm tumis daging,lalu timpa dengan 1 sdm nasi merah. Gulung sisa daun pandan mengikuti bentuk segitiga sampai menutup nasi. Lakukan sampai adonan habis.,🔥Panaskan kukusan. Kukus selama 20 menit. Angkat. Tunggu agak dingin. Sajikan untuk si kecil tercinta. Yummy🥰"
nasi,https://cookpad.com/id/resep/24695622,41. Nasi Briyani Ayam,"10 potong ayam segar,500 gr Nasi Basmati,1 bks Bumbu Nasi Briyani Beurawe,1/2 siung bawang bombai besar (iris),3 siung bawang putih (geprek, iris),3 sdm minyak,1/2 sdm garam,350 ml Air,2 sdm mentega,5 buah tomat,1/2 siung bawang bombai besar,Seruas kunyit, Pelengkap : Acar Timun Wortel","Siapkan bahan. Cuci beras basmati dan rendam 30 menit.,Blender bumbu halus.,Tumis bawang putih hingga harum, lalu masukkan bawang bombai.,Tuang bumbu halus dan bumbu briyani instan. Masak hingga mendidih.,Masukkan ayam, air dan garam. Masak hingga ayam lembut dan matang.,Angkat dan sisihkan ayam utk di panggang diatas pan. 

(Ini saya kelupaan angkat, jadi ribet misahkan ayam dan nasi nya)

Masukkan beras basmati.,Panaskan kukusan. Kukus nasi kira2 15-20 menit.,Masak ayam diatas pan dengan 2 sdm mentega hingga kecoklatan. Siapkan juga acar timun sebagai pelengkap."
nasi,https://cookpad.com/id/resep/24682400,Nasi Goreng Kecap Manis,"1 porsi nasi pera (disini saya pakai nasi beras coklat),1 butir telur,100 gram ayam slice (atau protein lain),3 butir bawang merah,2 siung bawang putih,2 gram terasi (½ saset),sesuai selera cabai,1 sdm kecap manis,1/2 sdt kaldu jamur,secukupnya lada bubuk,1 buah telur ceplok,irisan tomat sesuai selera,irisan timun sesuai selera,sesuai selera kerupuk,sejumput bawang goreng","Siapkan semua bahan, iris tipis bawang merah dan cabai, cincang bawang putih, sisihkan. Potong-potong daging ayam slice sesuai selera, sisihkan,Panaskan sedikit minyak, tumis bawang dan cabai hingga layu, jangan lupa masukkan terasi, hancurkan, aduk rata, masak hingga harum, pinggirkan ke sisi wajan,Ceplok sebutir telur lalu orak-arik, beri sedikit ruang di tengah wajan, masukkan irisan ayam, masak hingga berubah warna dan sudah tidak ada bagian yang 'transparan',Masukkan nasi pera dingin ke dalam wajan, aduk rata, bumbui dengan kecap manis, kaldu jamur, dan lada bubuk aduk hingga tercampur rata, koreksi rasa. Disini saya sudah tidak menambah garam lagi. Masak hinga bumbu meresap dan nasi goreng matang. Siap disajikan bersama pelengkap sesuai selera, saya menambahkan irisan tomat, telur ceplok setengah matang, dan sisa paru goreng😋"
nasi,https://cookpad.com/id/resep/24695408,Resep Bola-bola Nasi Uduk,"500 g nasi putih,10 butir telur puyuh,1 sakset bumbu nasi uduk,1 btg daun bawang","Siapkan bahan. Tempatkan nasi putih di piring, tambahkan bumbu nasi uduk,aduk rata,Tambahkan irisan daun bawang,aduk kembali. Ambil 3 sdm Nasi uduk tempatkan ke plastik, beri isi rebusan telur puyuh,bulaykan,Tambahkan Bone Cabe level 15, ratakan, sajikan. Terimakasih..🙏🙏🥰🥰"
nasi,https://cookpad.com/id/resep/24674708,Nasi Goreng Kencur ala Sunda,"400 gr nasi dingin,6 buah bakso, iris,1 butir telur,1 batang sawi, iris (bisa di ganti kol atau tauge),Secukupnya kunyit bubuk,1/4 sdt garam,1/2 sdt kaldu bubuk,1 sdt kecap asin,10 siung bawang merah,5 siung bawang putih,1 jempol kencur,3 buah cabe merah keriting,5 buah cabe rawit,1 sachet terasi","Ulek semua bahan bumbu,Tumis bakso di minyak panas, sampai setengah matang. Lalu masukan bumbu yang sudah di ulek & kunyit bubuk, tumis sampai bumbu harum. Kemudian masukan telur, aduk rata.,Bumbui dengan garam, kaldu bubuk & kecap asin, tambahkan nasi dingin. Aduk sampai semua tercampur rata.,Masukan sawi masak sampai sayuran matang. Tes rasa sesuaikan dengan selera. Angkat dan sajikan"
nasi,https://cookpad.com/id/resep/24706896,Nasi Porang Almond Toping Mangga,"1 sachet beras Porang,100 gram buah mangga,2 SDM sliced kacang almond,secukupnya Air","Siapkan bahan-bahan,Cuci beras, masukkan dalam rice cooker, tambahkan Sliced kacang Almond, tambahkan air, beri sedikit garam, masak hingga matang.,Potong mangga,Cara penyajian. Ambil nasi Porang letakkan dalam piring beri toping mangga. Makanan ini simple, sehat bergizi. Makan hangat lebih sedap, Selamat mencoba"
nasi,https://cookpad.com/id/resep/24689072,Pizza Nasi,"200 gr nasi,100 gr putih telur,1/4 sdt lada bubuk, Topping:,1 buah sosis,1 buah crab stik,3 buah jamur kancing,1/2 pack keju cepat leleh,Secukupnya saus bolognese,1 sdt oregano","Campur Nasi,putih telur, kaldu bubuk, lada. Blender hingga halus.,Tuang diatas teflon yg telah diolesi tipis minyak. Ratakan. Masak hingga bagian bawah kuning, kemudian balik.,Olesi dengan saus bolognese, tata topping diatasnya.,Taburi dengan keju leleh parut.tutup dan masak dengan api kecil hingga keju leleh. Angkat.,Potong-potong dan sajikan😍"
nasi,https://cookpad.com/id/resep/24690074,Nasi Goreng Abon Ayam,"1 piring nasi kemarin,50 gr abon ayam,1/2 buah wortel,1 butir telur,2 siung bawang putih,7 biji rawit,1 biji cabe merah,1/4 St merica bubuk,secukupnya Garam dan bumbu kaldu,secukupnya Minyak","Siapkan nasi dan abon ayam serta telur,Iris"" wortel, duo bawang dan rawit serta cabe merah,Goreng duo bawang hingga wangi masukkan wortel dan cabe, rawit,Tambahkan abon ayam, dan telur aduk"" kemudian masukkan nasi,Beri merica bubuk, garam dan bumbu kaldu secukupnya biarkan proses memasak dan bumbu meresap,Setelah nasi agak kering tes rasa matikan kompor Hidangkan......"
nasi,https://cookpad.com/id/resep/24694902,Nasi goreng sosis,"Sepiring nasi putih dingin,1 butir telur ayam,2 buah bawang putih,1/2 buah cabe merah,1 cabe rawit,1 sdt saus pedas,1/2 sdt kecap manis,1/4 sdt garam,Seujung sdt royco,3 lembar sawi putih,1 buah sosis merk apa saja","Haluskan bawang putih, cabe, beserta garam dan penyedap,Tumis bumbu yang telah di haluskan sebelumnya dengan 2 sdm minyak goreng dengan api sedang,Setelah harum, masukkan sosis dan kocokan telur kemudian diaduk hingga menjadi telur orak arik,Masukkan nasi sambil diaduk rata, tambahkan saos dan kecap,Setelah rata, masukkan sayur sambil di aduk. Gunakan api besar untuk medapatkan rasa nasi goreng yang khas.,Angkat nasi goreng dan sajikan"
nasi,https://cookpad.com/id/resep/24690157,Nasi Kuning Ayam Crispy,"500 gram nasi hangat,1 sachet (15 g) Kobe Bumbu Aduk Nasi Kuning,150 gram (2 pcs) ayam potong (me: dada ayam slice),1 bungkus (75 gr) Kobe Tepung Kentucky SuperCrispy,175 ml air,Secukupnya minyak goreng,Secukupnya telur dadar iris (pelengkap)","Cuci ayam hingga bersih. Siapkan mangkuk, tuang Kobe Tepung Kentucky SuperCrispy dan tambahkan air.,Aduk rata hingga menjadi adonan basah. Rendam ayam dalam adonan basah. Sisihkan.,Siapkan nasi hangat dalam wadah. Tuang Kobe Bumbu Aduk Nasi Kuning. Aduk hingga rata dan warna merata. Cetak dalam cetakan nasi dan tata dalam piring. Sisihkan.,Panaskan minyak goreng dalam wajan. Ambil ayam dalam adonan basah dan goreng hingga matang berwarna kuning kecoklatan. Angkat dan tiriskan.,Letakkan ayam sebagai pelengkap nasi kuning. Tambahkan telur dadar iris. Siap disajikan....selamat mencoba 😍"
nasi,https://cookpad.com/id/resep/24690756,Nasi Goreng Sederhana Enak,"1 piring nasi dingin,1 butir telur,1 siung bawang putih,1 buah cabai rawit,2 sdm margarin/minyak,1 sdt saus sambal,1 sdt kecap manis,1/2 sdt garam,1/2 sdt pecin","Panaskan wajan lalu masukin 1 sdm margarin dan ratakan, lalu ceplokan telur dan oseng-oseng, sisihkan telur ke samping lalu masukan lagi margarin dan tumis bawang putih yang sudah dicincang dan cabai rawit yang sudah dipotong kecil, segera masukan nasi dingin lalu oseng2 merata,Setelah rata nasinya masukan garam dan pecin, lalu tuangkan kecap dan saus sambal ke wajan(harus ke wajan biar terbakar dulu) lalu setelah itu oseng-oseng lagi sampai semua rata lalu oseng sampai sedikit berasap agar enak, koreksi rasa lalu hidangkan"
nasi,https://cookpad.com/id/resep/24692136,Nasi goreng jawa pedas,"2 piring nasi putih bumbung tinggi,3 butir telur, kocok lepas dan digoreng orak arik,1 sdm saos tomat,1 sdm kecap manis,1 sdt garam,1 sdt merica bubuk,2 sdt minyak wijen,5 pentol bakso sapi,8 batang Sayur sawi sekitar,1/2 batang Wortel, Minyak untuk menumis, Bumbu Halus :,8 butir bawang merah,5 butir bawang putih,30 pcs cabai rawit hijau (sesuaikan dengan selera), Pelengkap :,potong Telur dadar, Kerupuk, Bawang Goreng (saya skip), Lalapan (saya skip)","Blender semua bahan bumbu halus. Tumis sampai matang.,Sebelumnya rebus bakso dan wortel dulu sampai matang, sisihkan. Dan orak arik telur.sisihkan.,Setelah bumbu halus matang, masukan telur, bakso dan wortel serta nasi. Aduk rata.,Masukkan saos tomat,kecap manis,garam dan merica bubuk dan sawi. Aduk hingga rata. Lakukan test rasa.,Masukkan minyak wijen,aduk rata.,Angkat, tata di piring saji, taburi lagi dengan telur dadar yg telah di potong-potong. Siap di nikmati.,Untuk takaran pedasnya, silahkan disesuaikan dengan selera masing-masing ya.,Selamat mencoba ^^"
nasi,https://cookpad.com/id/resep/24704558,*Cireng Nasi Isi Abon Ayam Pedas*,"100 gr nasi sisa,50 ml air hangat,300 gr tepung tapioka,2 sdm terigu,1/2 sdt garam,150 ml air panas mendidih, Bahan isian :,Secukupnya abon ayam pedas, Minyak untuk menggoreng","Rendam nasi dengan air hangat hingga dingin lalu blender hingga halus, tuang dalam wadah, campur dengan tepung dan garam, kemudian tuang air panas, aduk dengan spatula/sendok kayu,Setelah hangat uleni dengan tangan bersih hingga adonan Kalis dan bisa dipulung/dibentuk (jika masih lembek dan belum bisa dibentuk tambahkan sedikit lagi tepung tapioka). Siapkan adonan, isian dan cetakan. Ambil adonan secukupnya, Gilas melebar (jangan terlalu tebal dan jangan terlalu tipis), beri isian,Tekan/tutup cetakan hingga adonan berbentuk, lakukan hingga selesai. Panaskan minyak secukupnya lalu goreng cireng hingga matang kedua sisinya, angkat, biarkan hangat lalu sajikan."
nasi,https://cookpad.com/id/resep/24695006,Nasi Goreng Bilis,"2 piring nasi putih,3 sdm bilis nasi,2 butir telur mata sapi,2 batang seledri iris kasar,1 1/2 sdt garam,2 sdt kaldu jamur, Bawang goreng untuk taburan,5 buah  bawang merah,2 siung  bawang putih,7 batang  cabe rawit,½ sdt terasi","Tumis bumbu halus sampai harum dan matang. Tambahkan bilis, aduk-aduk hingga bilis kekuningan.,Masukkan nasi sambil terus diaduk. Tambahkan garam dan kaldu jamur.,Setelah matang dan semua bumbu merata, tambahkan seledri dan aduk sebentar.,Nasi goreng bilis siap disajikan dengan telur mata sapi dan taburan bawang goreng."
nasi,https://cookpad.com/id/resep/16806635,Nasi Goreng Daun Kencur,"2 piring nasi dingin,15 gr daun kencur, iris halus,20 gr kubis, iris halus,1 sdt kaldu bubuk,1/2 sdt garam,1/4 sdt merica bubuk,5 buah cabai rawit,2 butir bawang merah,1 siung bawang putih,Sejumput terasi bakar","Panaskan minyak, tumis bumbu halus hingga harum,Masukkan daun kencur, tumis sebentar,Masukkan kubis, aduk rata,Masukkan nasi dan beri kaldu bubuk, garam serta merica. Aduk rata, masak dengan api besar. Angkat, sajikan"
nasi,https://cookpad.com/id/resep/24696022,Nasi Gurih,"4 Cup Beras,1 Bh Serai,4 Lembar Daun Salam,4 Lembar Daun Jeruk,3 Ruas Laos,2 Sdt Garam,1/2 Sdt Kaldu Bubuk,1 Sachet Santan Instant,Secukupnya Air","Cuci beras, beri air sesuai takaran beras, masukkan semua bumbu-bumbu kecuali santan. Masak hingga airnya surut.,Setelah asat, masukkan santan instant, aduk rata dan test rasa. Diamkan selama 15 menit.,Siapkan dandang, masukkan beras Aron ke dalam kukusan. Kukus selama 25 menit.,Pelengkap: Telur Dadar Iris, Orek Tempe, Sambal, Abon, Kacang Tanah Goreng dan lalapan.,Sajikan."
nasi,https://cookpad.com/id/resep/16400901,Nasi Goreng Sosis,"2 piring nasi dingin,2 buah sosis sapi,4 butir bawang merah,2 siung bawang putih, cincang,1 batang daun bawang,2 buah cabe merah,1 sdm kecap asin,1 sdm saus tiram,1 sdt minyak wijen,1/4 sdt garam (secukupnya),1/4 sdt merica bubuk,3 sdm minyak goreng","Iris semua bahan.,Tumis bawang merah dan bawang putih sampai harum. Masukkan sosis, cabe, dan daun bawang. Tumis sampai sosis matang sedikit berkulit,Masukkan nasi. Aduk rata. Tambahkan bumbu seasoning. Aduk rata. Tes rasa.,Hidangkan dengan kerupuk dan acar atau lalap sesuai selera."
nasi,https://cookpad.com/id/resep/24683536,Bubur Ayam Jamur Dari Sisa Nasi,"450 gr nasi sisa yg masih bagus,1 liter air kaldu,2 lembar daun salam,1 batang serai, ambil bagian putihnya lalu geprek,Secukupnya garam dan merica bubuk,1/4 buah bawang bombay, cincang,1 siung bawang putih, cincang,140 gr fillet ayam, potong kotak,6 buah jamur Shimeji, rendam air panas lalu iris2/pakai jamur merang,1 sdm saus tiram,1 sdt kecap asin,1 sdm kecap manis,1/4 sdt garam halus,1/4 sdt merica bubuk,1/4 sdt gula pasir,100 ml air,1 batang daun bawang, iris halus,1 sdt minyak wijen,Secukupnya minyak untuk menumis,Secukupnya irisan daun bawang dan biji wijen sangrai","Buat buburnya dulu. Blender nasi dengan sebagian air kaldu. Lalu panaskan diatas api sedang bersama dengan sisa air, salam dan lengkuas hingga menjadi bubur. Beri jaram dan merica. Proses ini harus sering di aduk2 ya. Koreksi rasa. Sisihkan dulu.,Tumis jamur hingga harum kecoklatan. Sisihkan kepinggiran wajan. Lalu tumis duo bawang hingga harum. Masukan ayam, masak hingga berubah warna.,Masukan air dan semua bumbu kecuali daun bawang dan minyak wijen. Masak hingga meresap. Masukan daun bawang dan wijen. Aduk rata. Koreksi rasa.,Penyajian. Siapkan mangkuk saji. Tuang bubur lalu tuang tumisan ayam jamur diatasnya. Beri taburan irisan daun bawang dan biji wijen. Sajikan."
nasi,https://cookpad.com/id/resep/24704208,Cireng Nasi Bumbu Rujak,"200 gr nasi,75 gr tepung bumbu putih,100 ml.air,1 btg daun bawang, Bahan bumbu rujak:,1 sdm kacang tanah goreng (saya tidak pakai),100 gram gula merah,Secukupnya terasi,50 ml air hangat,2 sdm bon cabe,1 sdm air asam jawa","Siapkan bahan-bahan,Aduk nasi dengan air, tekan-tekan agar nasi agak halus. Campurkan Kobe Tepung Bumbu Putih dan daun bawang. Aduk hingga tercampur rata.,Ambil 1/2 sdm adonan lalu pipihkan. Panaskan minyak dalam wajan. Setelah panas, goreng adonan hingga kuning keemasan. Angkat dan tiriskan.,Haluskan gula merah, dan air hangat. Tuang bon cabe. Campurkan dengan air asam jawa dan aduk hingga rata. Cireng nasi siap dinikmati"
nasi,https://cookpad.com/id/resep/24680972,Apem Nasi Gula Palem,"100 gr nasi,85 gr gula palem, bisa pakai gula merah, suka manis bisa pakai 100,1/4 sdt garam halus,250 ml air,1 sdt baking powder,1 sdt ragi instan,185 gr terigu pro sedang/serbaguna,2 lembar daun pandan untuk mengkukus,Secukupnya kelapa parut kukus yg sudah di beri sedikit garam","Blender nasi, gula dan garam dengan sedikit air (ambil dari yg 250m).,Dalam mangkuk besar masukan terigu, baking powder, ragi dan sisa air. Aduk rata. Masukan larutan gula nasi, aduk hingga rata.,Tutup plastik wrap/serbet bersih, diamkan 3 jam.,Siapkan cetakan, alasi dengan daun pisang lalu oles dengan minyak. Saya pakai cetakan diameter 7cm.,Setelah 3 jam panaskan kukusan, beri 2 lembar pandan pada air kukusan, pastikan sudah berupa banyak. Tuang adonan ke dalam cetakan lalu kukus 15 menit.,Setelah matang keluarkan dari cetakan. Nikmat di makan hangat atau dingin.,Sajikan dengan kelapa parut kukus."
nasi,https://cookpad.com/id/resep/16045472,Nasi Goreng Kunyit,"1 piring nasi dingin,2 butir telur ayam,2 bh bawang merah,1 siung bawang putih,1 batang daun bawang,3 bh cabe merah keriting,1/2 sdt kunyit bubuk,1/2 sdt lada bubuk,Secukupnya garam dan kaldu ayam bubuk,Secukupnya minyak goreng, Emping melinjo (optional)","Panaskan wajan, beri minyak dan buat telur orak arik. Sisihkan.,Dengan wajan tadi, tambahkan sedikit minyak, tumis bawang merah dan bawang putih smp harum.
Masukkan cabe dan daun bawang iris. 
Setelah cabe layu, tambahkan seasoning.,Masukkan nasi dan aduk2 sebentar..tambahkan juga telur orak arik tadi dna aduk rata.,Koreksi rasanya..bila rasa sudah pas dan matang tanak..matikan api dan nasi goreng siap disajikan hangat.
Lebih enak tambahkan pelengkap kerupuk/emping dan acar mentah."
nasi,https://cookpad.com/id/resep/24690889,Telur gabus keju nasi,"150 gr nasi,2 butir telor,1 sdt kaldu bubuk,225-250 gr tapioka, minyak buat goreng,50 gr keju parut","Rebus nasi sebentar lalu tiriskan,Campurkan nasi,telor dan kaldu serta keju,Tambahan tapioka,aduk sampai bisa di pulung,Bentuk pajang,rendam di minyak dingin,lalu goreng dengan api kecil sampai kecoklatan"
nasi,https://cookpad.com/id/resep/24680868,Nasi Goreng Buah Naga Toping Teri Medan,"2 piring nasi 🍚 (sebagusnya nasi Padang) tapi saya disini nasi yang ada saja dirumah,50 gram teri medan,100 gram buah naga,5 siung bawang putih,2 siung bawang merah,1 sdt merica bulat, cuci pakai saringan, haluskan. (Bisa juga pakai Merica bubuk)","Siapkanlah bahan nya, haluskan merica, iris duo bawang agak halus, serut buah naga pakai sendok haluskan.,Cuci teri Medan, goreng dengan api sedang hingga garing, Tiriskan,Lanjut dikuali yang sama Tumis duo bawang hingga wangi, lalu tambahkan merica halus, aduk rata, lanjut masukkan nasi 🍚aduk rata,Masukkan buah naga, aduk rata supaya nasi berubah warna, tambahkan garam, kaldu Sesuai selera, koreksi rasa.,Cara penyajian : letakkan nasi goreng buah naga dalam piring, beri toping teri Medan, lengkapi dengan mentimun agar lebih Bergizi. Selamat mencoba"
nasi,https://cookpad.com/id/resep/24705538,Nasi Goreng Lombok Ijo,"500 gr nasi putih (lebih baik yang dimasak kemarin),1 butir telur,100 gr dada ayam fillet (alternatif, bisa diskip),1 sdt garam,1/2 sdt kaldu ayam,1/2 sdt penyedap/moto,5 siung bawang putih,5 buah cabai kriting hijau,2 buah cabai hijau lalap,Secukupnya minyak (untuk orak aril telur dan ayam),Secukupnya margarin (untuk menumis bumbu)","Siapkan bahan.,Bersihkan daging ayam. Cincang kasar.,Ulek bumbu halus.,Siapkan wajan. Panaskan minyak secukupnya. Kocok telur, kemudian orak arik, sisihkan. Masukkan ayam tumis hingga berubah warna campur dengan telur. Sisihkan.,Lelehkan margarin. Masukkan bumbu. Tumis hingga harum. Campur dengan ayam dan telur. Kemudian masukkan nasi. Aduk hingga merata.,Tambahkan bumbu pelengkap lainnya. Aduk hingga tercampur rata dan matang. Nasi goreng cabai hijau siap dihidangkan."
nasi,https://cookpad.com/id/resep/23931244,Bekal sekolah : nasi kuning aduk,"secukupnya Nasi,1 Bks Kobe bumbu aduk nasi kuning,secukupnya Mie goreng,Irisan telur dadar secukupnya,Potongan buah, Susu uht favorit","Siapkan nasi dalam wadah,beri bumbu aduk nasi kuning lalu aduk rata,Cetak sesuai selera,taruh dalam wadah makan,taruh juga mie goreng,Tata telur,buah dan susu"
nasi,https://cookpad.com/id/resep/24700978,Nasi Daun Jeruk Teri Asin,"2 porsi nasi,4 siung bawang putih,7 lembar daun jeruk,2 sdm margarin,1/2 sdt garam,1/2 sdt merica bubuk,Secukupnya teri medan","Siapkan nasi putih. Saya memakai nasi yang sudah dingin, bukan nasi hangat. Iris-iris bawang putih. Untuk daun jeruk, buang dulu tulang daunnya kemudian iris daun jeruk tipis-tipis.,Panaskan wajan dengan minyak yang cukup. Tumis bawang putih sampai setengah matang saja. Lalu masukkan irisan daun jeruk, aduk rata.,Masukkan margarin. Masak sampai mendidih. Kemudian tambahkan garam dan lada bubuk, aduk rata.,Kecilkan api. Karena saya pakai nasi dingin, maka nasi saya tuang ke dalam penggorengan, lalu diaduk-aduk sampai tercampur rata. Kalau nasi hangat, yang dituang bukan nasinya tetapi bumbunya yang disiram di atas nasi lalu diaduk-aduk.,Goreng teri medan sampai matang kecokelatan. Lalu taburi di atas nasi daun jeruk. Rasanya enak bangetttt."
nasi,https://cookpad.com/id/resep/24698163,Nasi Goreng Kobe Poll Pedasss,"1 piring nasi semalam,1/2 bumbu Kobe nasi goreng poll pedass,2 siung bawang putih haluskan,Secukupnya kecap manis,1 butir telur dadar cetak bulat,Secukupnya nori,Secukupnya kucai,Secukupnya daun kemangi","Dadar telur kemudian bentuk bulat sisihkan, siapkan daun kucai, rumput laut dan daun kemangi,Siapkan nasi putih semalam dari kulkas, lebihan garnish telur dadar dan nori potong-potong, haluskan bawang putih,Tumis bawang putih hingga harum, matikan api. Tambahkan nasi putih beri bumbu nasi goreng Kobe aduk rata, tambahkan kecap manis aduk rata,Nyalakan api tambahkan potongan nori dan rumput laut aduk rata, masak hingga matang, angkat dan sajikan segera,Untuk isian bisa disesuaikan dengan selera, bisa ditambahkan udang, ayam, baso, crab stik, ham atau teri nasi juga enak, kebetulan yang ada di kulkas hanya telur 🤭"
nasi,https://cookpad.com/id/resep/24680286,Nasi Mentai Sederhana,"1 mangkuk nasi,Secukupnya Sosis,Secukupnya rumput laut suir,1 sdm mayonise,1 sdm saus tomat,1 sdt saus pedas,1/2 sdt minyak wijen,1/4 sdt penyedap rasa","Siapkan nasi putih dan potong potong sosis, aduk nasi dengan minyak wijen dan sedikit penyedap rasa,Tumis sosis hingga matang, lalu angkat matikan api,Campurkan mayonaise, saus tomat, saus pedas dan rumput laut,Taburkan nori atau rumput laut keatas nasi, lalu masukkan sosis, beri saus campuran mayo tadi,Tourch hingga agak sedikit memerah bagian mayo nya dan berbau harum,Nasi mentai siap disajikan🤗"
nasi,https://cookpad.com/id/resep/24703034,Gimbap / Kimbap / Nasi Gulung Korea,"2 butir telur + secubit lada bubuk,1 buah sosis besar,1 batang wortel,6 buah nugget, goreng,6 buah timun baby,4 lembar nori untuk sushi,800 gr nasi pulen panas,1 sdm minyak wijen,1 sdt kecap asin","Buat telur dadar, gunakan margarin untuk menggoreng dadarnya. Angkat, iris dan sisihkan,Tumis sosis, hingga matang, angkat dan sisihkan. Jika di wajan anti lengket, biarkan tanpa minyak. Goreng nugget, potong memanjang, sisihkan,Tumis wortel, ga perlu pakai minyak juga, sebentar saja. Angkat, sisihkan,Bagi 4 timun baby, buang bijinya. Sisihkan,Sekarang menyiapkan nasinya. Gunakan mangkuk yang cukup besar, aduk nasi dengan minyak wijen dan kecap asin hingga merata,Persiapan menggulung. Siapkan nasi, dan semua bahan isian,Gunakan sushi mat jika ada. Letakkan nori diatasnya, lalu tata nasi hingga menutupi 3/4 nori, ratakan. Nasinya ga perlu terlalu tebal,Tata telur dadar, sosis, nugget, timun, wortel, rapikan,Kemudian gulung nori, sambil menahan isian agar tetap rapi, lakukan hingga ujung nori, padatkan. Lalu beri air pada bagian ujung gulungan, agar nori menempel. Lakukan semua hingga selesai,Potong ujung gulungan, lalu iris sekitar seukuran satu jari. Kimbap siap disajikan 💕"
nasi,https://cookpad.com/id/resep/24683616,Nasi daun jeruk,"1 mangkok nasi putih,5 lbr daun jeruk (buang batangnya,iris tipis),1 siung bawang putih (cincang halus),1/4 sdt garam,1/4 sdt kaldu jamur,1/2 sdm margarin","Siapkan bahan utamanya,Semprotkan minyak ke teflon, kemudian tumis bawang putih,Tambahkan margarin,Masukkan daun jeruk,aduk rata,Tambahkan seasoning,Masukkan nasi, campur sampai rata,Sajikan dengan topping sesuai selera"
nasi,https://cookpad.com/id/resep/24707643,Nasi Bakar Ayam,"400 gr Nasi,1 siung Bawang Putih (haluskan),1 siung Bawang Merah (haluskan),1 sdt Kaldu Ayam,1 sdm Margarine,120 gr Ayam (suwir),10 buah Cabai Merah Keriting (haluskan),6 siung Bawang Merah (haluskan),3 siung Bawang Putih (haluskan),3 lembar Daun Jeruk,secukupnya Daun Kemangi,1/2 sdt Garam,1 sdt Gula,1/4 sdt Kaldu Ayam,secukupnya Minyak Goreng","Buat Nasi :
Siapkan Wajan, lelehkan Margarine, masukan Bawang Merah, Bawang Putih dan Kaldu, tumis hingga harum, kemudian masukan Nasi, aduk sampai tercampur, sisihkan,Buat Isian :
Panaskan Minyak Goreng, masukan Cabai, Bawang Merah, Bawang Putih dan Daun Jeruk, tumis sampai matang (sampai bumbu berubah warna dan terpisah dengan minyak),Masukan Garam, Gula dan Kaldu Ayam (koreksi rasa), masukan Ayam dan Daun Kemangi aduk rata, sisihkan,Siapkan Daun Pisang, tata Nasi dan Isian di atas Daun Pisang, bungkus sematkan. Panggang sampai Daun Kecoklatan dan harum, siap di sajikan"
nasi,https://cookpad.com/id/resep/14668808,Nasi Kepal Isi Bakso,"400 gram Nasi putih,2-3 sdm minyak wijen,Secukupnya Kaldu bubuk,Secukupnya Garam,Secukupnya lada bubuk,12 buah Bakso ayam,2 butir telur,secukupnya Tepung panir,500 ml Minyak goreng,100 gram Saos pedas,50 gram Mayonaise","Siapkan nasi putih. Beri bumbu seperti kaldu bubuk garam, lada minyak wijen. Sambil di remas perlahan,Ambil 1 kepal nasi.. Akasi tangan dengan plastik. Kemudian isikan dengan bakso ayam. Bentuk bulat,Baluri dengan kocokan telur dan juga tepung panir. Goreng hingga golden brown,Angkat dan sajikan dengan saus dan juga mayonaise. Selamat mencoba"
nasi,https://cookpad.com/id/resep/24704663,Nasi Kuning,"3 kg beras,300 gr ketan,3000 ml santan,5 lembar daun pandan,40 lembar daun salam,10 lembar daun jeruk,8 lembar sereh memarkan,10 ruas jari lengkuas, memarkan,Secukupnya kunyit giling,Secukupnya garam, kaldu jamur, penyedap dan sedikit gula,1 bh Perasan jeruk nipis","Cuci beras, lalu rendam dengan kunyit. Lebih lama lebih baik (saya 4 jam),Tiriskan air, lalu kukus kurleb 30 menit atau setengah matang. Masukkan daun pandan 2 lembar.,Sambil menunggu kukusan nasi matang, kita buat santannya. Tuang santan ke dalam panci, lalu beri kunyit bubuk. Aduk rata,Tambahkan daun pandan, daun salam, daun jeruk, serai, lengkuas, garam, kaldu jamur, penyedap dan gula. Harus terasa asin supaya nanti nasinya pas rasanya,Angkat beras yang SDH dikukus, lalu siram dengan santan sambil diaduk2.,Lalu tutup kurang lebih 30 menit,Kukus kembali hingga matang kurang lebih 60 menit,Angkat dan sajikan dengan pelengkapnya."
nasi,https://cookpad.com/id/resep/24695564,Lontong Nasi Aron,"250 gr beras,Secukupnya daun pisang gepeng/ klutuk (sudah dilayukan diatas api kompor), Lidi, Air","👉🏿Siapkan bahan2nya 👉🏿Cuci beras hingga bersih,Kemudian masak beras menjadi aronan ±10-15 menit (api sedang), angkat & biarkan sebentar nasi aron agar saat dibungkus tidak terlalu panas,Ambil selembar daun pisang, taruh 3-4 sdm aronan diatasnya lalu gulung sambil sedikit dipadatkan dan semat dg lidi kedua ujungnya (jadi 6 pcs), selanjutnya didihkan air didalam panci, masukkan gulungan lontong dan masak ±1,5 - 2 jam (lontong harus tergenang di dalam air ya),Bila airnya menyusut tambah air lagi biar lontong tetap tergenang, setelah lontong matang angkat, tiriskan & dinginkan.,Jika sudah dingin lontong siap disajikan dg pecel, gudeg, bakso, opor, soto dll sesuai keinginan, (lontongnya jika sudah dingin pulen)."
nasi,https://cookpad.com/id/resep/24705297,Nasi Goreng Daun Jeruk,"1 piring nasi putih sisa semalam,1 butir telur ayam,50 gr teri medan, Bumbu :,5 siung baput,7 siung bamer,3 bh cabe merah kriting,6 lbr daun jeruk,Secukupnya garam dan kaldu penyedap rasa, Pelengkap ;, Emping, Bawang goreng, Telor ceplok","Siapkan nasi. Kalau menggunakan nasi sisa baiknya nasi yg sudah diinapkan di dalam kulkas dalam kondisi masih agak beku,Utk tambahan dari sy teri medan yg sudah di goreng kering. Sisihkan,Iris semua bumbu. Khusus daun jeruk buang tulangnya lalu gunting halus,Buat orak-arik telur, pinggirkan ke sisi wajan, tuang lagi sedikit minyak, tumis bawang merah & bawang putih sampai harum, masukkan daun jeruk & cabe l, tumis sampai daun jeruk layu,Masukan nasi dan ikan teri medan. Aduk rata tambahkan penyedap dan garam. Kembali diaduk dan test rasa,Siap di sajikan dgn topping kesukanan. Saya adanya emping dna telor ceplok.. siap disantap👍 MaasyaaAllah Tabarakallah"
nasi,https://cookpad.com/id/resep/24582566,Nasi Goreng Keju,"2 buah telur,3 siung bawang merah,3 siung bawang putih,1/8 sdt garam,2 sdm kecap,secukupnya Merica bubuk,secukupnya Keju, parut,Secukupnya minyak, untuk menumis","Pecahkan telur, goreng sambil diaduk-aduk. Sisihkan.,Haluskan bawang.tumis hingga harum.,Tambahkan telur goreng. Aduk. Tambahkan nasi. Campur sampai merata. Tambahkan merica, kecap dan garam. Campur sampai rata. Tambahkan keju. Aduk sampai rata. Koreksi rasa. Sajikan."
nasi,https://cookpad.com/id/resep/24705753,Nasi Goreng Ayam,"2 porsi nasi dingin,2 siung bawang merah,2 siung bawang putih,2 buah cabai hijau besar,1 bungkus racik nasi goreng,2 sdm kecap manis,1 sdt kaldu jamur,50 gr ayam suir,1 butir telur ayam","Iris bawang dan cabai, serta suir ayam. Sisihkan.,Panaskan wajan, ceplok telur, masukan bawang dan cabai juga ayam suir. Aduk rata masak sampai bawang layu,Tambahkan nasi, pastikan tidak ada yg bergerindil. Jika sudah tidak ada yg bergerindil masukan bumbu racik, kaldu, dan kecap. Aduk rata kasih api besar masak sampai agak kering, koreksi rasa, sajikan."
nasi,https://cookpad.com/id/resep/24706332,Bubur nasi,"Secukupnya nasi (dari 3 cup beras),3 lembar daun salam,Secukupnya air,Secukupnya garam,350 ml dada ayam fillet,500 ml air,2 lembar daun salam,2 batang serai,4 lembar daun jeruk,1 ruas lengkuas,1 sdt garam,1/2 sdt lada bubuk,3 batang daun bawang,7 siung bawang merah,4 siung bawang putih,3 butir kemiri,1 sdt ketumbar bubuk,1 ruas kunyit,1 ruas jahe, Bawang goreng, Daun seledri, Kecap manis, Sambal, Kerupuk","Masukkan nasi secukupnya kedalam panci, masukkan air secukupnya saya masukkan sekitar 1500 ml dan daun salam, masak dengan api sedang sambil sesekali diaduk-aduk.,Karena masih kurang airnya saya tambahkan lagi sekitar 500 ml, masak hingga mengental dan mulai jadi bubur, bisa ditambahkan air lagi jika dirasa kurang, setelah pas kematangan, saya tambahkan garam secukupnya, aduk rata, Maska hingga kekentalan dan tekstur bubur yang diinginkan.,Tumis bumbu halus bersama daun salam, daun jeruk, serai dan lengkuas, tumis hingga bumbu matang. Rebus air hingga mendidih, masukkan daging ayam, bumbu yang sudah ditumis, garam dan lada bubuk, rebus hingga daging ayam matang, angkat daging ayam bersama rempahnya.,Lalu masukkan potongan daun bawang, masak hingga mendidih kembali, angkat. Goreng daging ayamnya lalu suwir-suwir.,Siapkan piring saji, masukkan bubur, kuah kuning, tata ayam suwir, beri kerupuk, seledri dan bawang goreng.,Beri kecap manis dan sambal. Cara makan saya adalah tim bubur diaduk dengan rasa manis dan pedas, lalu ditambahkan kerupuk lagi."
nasi,https://cookpad.com/id/resep/24706285,Nasi Uduk Bunga Telang,"500 gr beras,400 ml santan,3 lembar daun salam,2 batang serai memarkan,2 lmbr daun jeruk purut,2 genggam bunga telang segar,Secukupnya garam,1 sdm gula","Rebus kira² 1 gelas air lalu masukan bunga telang biarkan hingga berwarna biru,Cuci bersih beras lalu beri ½ air bunga telang biarkan kira² 20 menit hingga beras berubah warna menjadi biru lalu tiriskan,Lalu kukus beras hingga setengah matang,Masukan setengah sisa sari bunga telang,tambahkan daun Salam,serai,garam,daun jeruk rebus hingga mendidih,masukan beras aduk hingga santan set,Lalu kukus nasi Selama 30 menit hingga matang,sajikan dengan taburan bawang goreng Dan sambal serta laki pelengkap"
nasi,https://cookpad.com/id/resep/24705111,Nasi Tempong,"6 mangkuk Nasi putih,15 buah cabai rawit,5 bh cabai merah keriting,2 bh tomat,1 sachet kecil terasi kemasan digoreng,1/2 sdt garam (selera),1/2 sdt gula pasir (selera),3 bh jeruk sambal diperas,1 ikat kangkung direbus,2 bh terong direbus,2 papan petai direbus,1 buah timun dipotong-potong,6 ekor ikan nila digoreng,10 potong tahu digoreng,2 ekor ikan asin tamban digoreng,1 sdt ketumbar bubuk,1/4 sdt kunyit bubuk,1/3 sdt bawang putih bubuk,1/2 sdt garam","Membuat sambal tempong: cabai rawit, tambahkan garam, terasi goreng dan gula pasir diulek dengan kehalusan sambal menurut selera. Tambahkan tomat dan diulek lagi. Beri perasan air jeruk sambal. Koreksi rasa.,Marinasi ikan nila selama 10 menit. Lalu digoreng hingga matang.,Marinasi tahu, lalu digoreng hingga matang,Rebus sayur-sayuran yang disukai.,Penyajian: siapkan nasi, lauk pauk dan sambal. Sajikan"
nasi,https://cookpad.com/id/resep/24706218,Nasi Goreng Jawa,"1 porsi nasi putih pera atau nasi dingin sisa semalam,2 lembar sayur (caisim/sawi/kol), iris-iris,1 butir telur,50 gram protein pilihan sesuai selera (ayam/daging sapi/ati ampela ayam atau yang lain sebagainya), potong dadu atau suwir,1/4 sdt garam,sejumput penyedap,1/4 sdt merica bubuk,1 sdm kecap manis,1 sdt kecap asin,1 siung bawang putih,3 siung bawang merah,2 butir kemiri,1/4 sachet terasi,secukupnya cabai sesuai selera,Secukupnya acar timun &amp; wortel,Secukupnya kerupuk,1 butir telur, ceplok","Panaskan wajan dan beri sedikit minyak goreng. Orak-arik telur.,Masukkan bumbu halus lalu masak hingga matang & wangi agar tidak berbau langu.,Masukkan protein pilihan dan sayur. Aduk rata. Masak hingga sayur setengah layu. Kecilkan api.,Masukkan nasi lalu beri garam, penyedap, kecap manis, merica bubuk, dan kecap asin. Aduk rata. Besarkan api. Aduk sekitar 1 menit. Koreksi rasa.,Sajikan bersama pelengkap🤗"
nasi,https://cookpad.com/id/resep/24690998,Nasi Uduk Rice Cooker dengan Lauk Favorit,"3,5 cup beras pulen,65 ml santan kental (KARA dan sejenisnya),2 batang serai,5 lembar daun salam,1 lembar daun pandan, simpulkan,Secukupnya air sesuai takaran memasak nasi,1 sdt garam,Secukupnya Semur Jengkol Pedas,3 butir telur, dadar, iris tipis,Secukupnya Mie Goreng,Secukupnya kerupuk,Secukupnya irisan timun, tomat, dan seledri,Secukupnya bawang goreng,Secukupnya Orek Tempe Kering Kacang","Cuci bersih beras, lalu masukkan semua bahan nasi uduk ke dalam panci rice cooker. Aduk rata.,Tekan tombol ""Cook"" lalu tunggu hingga matang.,Setelah matang, segera aduk nasi dan buang dedaunannya.,Sajikan bersama dengan pelengkap 🤗"
nasi,https://cookpad.com/id/resep/24694217,Donat Nasi,"70 ml air,1 buah kuning telur,1 sdt ragi instant / fermipan dll,1 sdm gula pasir,Sejumput garam, 👉 Secukupnya minyak untuk menggoreng, 👉 Sesuai selera topping","Blender nasi dengan air sampai lumat. Campurkan dengan terigu, ragi, gula pasir dan kuning telur. Kemudian uleni sampai setengah kalis.,Tambahkan margarin dan garam. Uleni lagi sampai kalis (jika adonan agak lengket tambahkan sedikit tepung terigu). Bulatkan dan diamkan adonan selama 1 jam atau sampai mengembang.,Kempiskan adonan, bagi menjadi beberapa buah (sesuai selera ukurannya) dan bulatkan. Diamkan lagi ± 10 menit, kemudian pipihkan sedikit lalu lubangi tengahnya (bisa pakai cetakan atau tangan),Goreng donat di minyak panas dengan api sedang cenderung kecil. Cukup sekali balik saja, kemudian tiriskan.,Tunggu sampai dingin, baru diberi topping sesuai selera (optional). Saya pakein coklat ratu perak mede yg dilelehkan 😂 Siap dinikmati. Garing diluar, empuk di dalam 😋"
nasi,https://cookpad.com/id/resep/24629863,Nasi kebuli kw magiccom,"1/2 kilo beras biasa,1 bungkus Bubuk kari instant,secukupnya Air,secukupnya minyak untuk menumis,secukupnya Salam,sereh,secukupnya Kepulaga,kayumanis,7 siung bawang merang,5 siung bawang putih,secukupnya Pala bubuk","Siapkan beras dan cuci bersih,Bumbu ulek dan kari bubuk..masukan air secukupnya.lalu masukan bumbu ulek dan kari bubuk.....setelah matang masukan air rebusan kedlm beras...lalu campur sampai merata...takaran airnya seperti kita bikin nasi biasa hanya ini dipakai bumbu,Setelah rata lalu masak hingga matang..,Nasi siap di hidangkan"
nasi,https://cookpad.com/id/resep/17078151,Mini Kimbab Nasi Merah,"secukupnya nasi merah pulen,10 lembar nori ukuran kecil,2 butir telur,1 sdm margarin,secukupnya lada bubuk,secukupnya garam,secukupnya wortel dan kyuri (timun jepang),bulat Pelengkap, tahu goreng","Pertama tama kita buat telur dadar lalu digulung untuk isian kimbab. Dadar telur setipis mungkin kemudian tunggu hingga matang, sisihkan.,Potong korek api wortel dan timun jepang. Untuk wortelnya aku tumis sebentar lalu kuberi bumbu garam dan lada bubuk. Potong tipis telur gulung.,Ambil nori kemudian masukkan nasi merah pulen, tata telur, wortel, dan timun diatasnya. Gulung rapi, sisihkan.,Sebagai tambahannya aku goreng tahu bulat buat camilan full protein, untuk resepnya bisa cek di link ya"
nasi,https://cookpad.com/id/resep/24705962,Nasi Telur Hongkong,"1 piring nasi putih,1 buah sosis, potong memanjang,3 siung bawang merah, iris tipis,10 buah cabe rawit, iris tipis,2 butir telur, kocok lepas,3 sdm minyak goreng untuk menumis,200 ml air,1/2 sdt garam, bisa ditambah sesuai selera,1/4 sdt merica,2 sdt kecap asin,2 sdt kaldu ayam bubuk,1 sdm saus tiram,1 sdm maizena,2 sdt margarin,1 batang daun bawang, iris tipis, Chili oil (sy skip)","Siapkan bahan-bahan. Iris bawang merah, cabe rawit, sosis dan daun bawang,Panaskan minyak, Tumis bawang merah dan cabe rawit hingga harum. Masukkan sosis. Aduk rata hingga sosis matang,Masukkan telur. Masak hingga matang atau sesuai selera. Matikan api,Campur semua bahan saus, kecuali margarin. Aduk rata. Masak di atas api hingga mengental. Tambahkan margarin.. Aduk hingga margarin mencair. Matikan api.,Penyajian: Tuang dadar/orak-arik telur di atas nasi. Tambahkan daun bawang. Kucuri dengan saus. Sajikan. Alhamdulillah yummy 🌸"
nasi,https://cookpad.com/id/resep/24705457,Nasi Goreng Seafood Crispy,"1 piring Nasi putih,2 SDM Udang tepung,2 SDM Cumi crispy,2 siung Bawang putih, cincang,2 buah Cabe rawit, iris,2 SDM Saus tomat,1 sdt Minyak Wijen,1 sdt Kecap ikan,1/2 sdt Kecap asin,1/4 sdt Garam,1/3 sdt Lada bubuk,1/2 sdt Kaldu jamur,1 SDM Minyak goreng,1 SDM Daun bawang iris, Bawang goreng untuk toping","Air fryer/goreng udang dan cumi crispy, sisihkan,Tumis bawang putih dan cabe rawit hingga wangi dengan sedikit minyak, masukkan nasi,Beri saus, kecap ikan, minyak wijen, kecap asin, garam, lada dan kaldu. Aduk rata, setelah tercampur rata masukkan daun bawang, cumi dan udang crispy. Aduk hingga merata,Angkat dan sajikan panas dengan taburan bawang goreng"
nasi,https://cookpad.com/id/resep/24697641,Nasi Ayam Rice Cooker,"1/2 ekor ayam (saya ayam kampung),1 ruas jahe,4 siung bawang putih,2 sdm minyak,1 batang daun bawang,215 gram beras,270 ml air,1 sdm saos tiram,1 sdt minyak wijen,1,5 sdt garam,1/3 sdt merica,1 sdm tepung tapioka","Potong2 ayam sesuai selera. Cuci bersih beras. Siapkan semua bahan,Campur semua bumbu marinasi, lumurkan pada ayam dan diamkan 30 menit,Rajang halus bawang putih, goreng dengan minyak dan api sangat kecil sambil sesekali diaduk. Kalau sudah menguning, matikan api,Masukkan beras ke rice cooker, beri air, beri 1 sdm bawang putih goreng termasuk minyaknya.,Masukkan ayam yang sudah dimarinasi. Jangan diaduk2 beras nya. langsung masak nyalakan rice cooker,Setelah matang, beri taburan daun bawang. siap disantap"
nasi,https://cookpad.com/id/resep/24706561,Nasi Goreng kecombrang,"3 piring Nasi Dingin / Nasi dari Kulkas,6 bh Bawang Merah, iris halus,5 siung Bawang Putih, cincang kasar,1 bh Kecombrang, iris tipis,6 bh Cabai Rawit Merah, iris bulat,1 pack Terasi,2 btr Telur Ayam,1 batang Daun Bawang, iris kasara,100 gr paha Ayam fillet, potong2,1 sdm Kecap Asin,1 sdm Saus Tiram,1 sdt Garam,1/2 sdt Penyedap,1/2 sdt Gula, Minyak Goreng,secukupnya bokcoy","Tumis ayam di minyak panas, lalu beri sedikit garam, angkat dan sisihkan,Tumis bawang merah, bawang putih dan cabe hingga harum. tambahkan kecombrang, aduk rata lagi, masak sampai harum dan matang,Singkirkan bumbu ke pinggir wajan, lalu masukkan telur, masak hingga telur matang dan wangi,Tambahkan nasi dingin, aduk rata. lalu bumbui dengan kecap asin, saos tiram, garam, penyedap dan gula, koreksi rasa,Masukkan sawi dan ayam yang sudah ditumis tadi serta daun bawang, aduk rata. angkat dan sajikan"
nasi,https://cookpad.com/id/resep/24697706,Cireng nasi sisa,"1 mangkuk nasi dingin,6 sdm tepung tapioka,Secukupnya air hangat,2 siung bawang putih,3 buah cabe rawit merah,1/2 sdt ketumbar,1/2 sdt garam,1 sdt kaldu bubuk,1 batang daun bawang iris halus","✅ulek bumbu sampai halus sisihkan.,✅masukan nasi ke dalam wadah, tumbuk sampai lembut setengah halus masukan bumbu aduk rata, tambahkan tepung kanji.,✅tuang secukupnya air hangat (-+1/2) gelas sambil di aduk tambahkan irisan daun bawang aduk lagi sampai tercampur rata menjadi adonan yang lembek.ambil 1 sdm adonan goreng di minyak yang sudah di panaskan goreng sampai matang jangan sampai kuning cukup bagian luarnya sudah mulai berkulit angkat tiris kan.,Alhamdulillah... Cireng nasi sisa siap di nikmati. Selamat mencoba"
nasi,https://cookpad.com/id/resep/24685261,Nasi Kebuli,"350 gram beras Basmati (kemasan),1 buah bawang bombai,2 buah  Cabe Hijau, kari Instan di kemasan,1 buah bunga lawang,2 buah Kapulaga Arab,1 batang kayu manis UK kelingking,2 buah Cengkeh,400 ml  air,1 sdm margarin (untuk menumis),300 gram daging sapi(panggang), Bawang goreng, Kismis, Bawang bombai","Siapkan bahan, tumis bawang bombai hingga layu, masukan bumbu instan,Tambahkan air,masukan beras yang sudah dicuci sebelumnya, daging sapi panggang,kismis, cabe hijau, dan garam. Masak hingga matang,Sajikan dengan irisan bawang bombai dan taburan bawang goreng."
nasi,https://cookpad.com/id/resep/24708955,Nasi Goreng Seafood,"2 piring nasi dingin (suhu ruang),50 gram udang,50 gram cumi,2 butir telur (kocok lepas),5 butir bakso ikan,1 sdm kecap manis,1 sdt saus tiram,1 sdt kecap ikan,1 sdt kecap asin,Secukupnya garam dan lada,1 batang daun bawang rajang,5 siung bawang merah,3 siung bawang putih","Siapkan bahan, lalu Tumis bawang hingga harum, sisihkan.,Orak arik telur dgn secukupnya minyak, setelah matang pinggirkan di wajan lalu tumis udang dan cumi. Setelah cumi matang, masukkan bumbu halus yg sebelumnya sudah ditumis.,Tambahkan nasi, lalu tambahkan saus tiram, kecap asin, kecap ikan dan garam. Terakhir besarkan api lalu tambahkan kecap manis di pinggiran wajan agar terkaramelisasi. Aduk rata, koreksi rasa dan siap disajikan."
nasi,https://cookpad.com/id/resep/24656743,Nasi Goreng Jamur dan Telur,"5 sdm minyak sayur,2 sdt minyak wijen,5 siung bawang putih, cincang halus,5 bh cabe rawit merah, iris bulat,1 bh bawang bombay cincang halus,6 bh jamur shimeji,2 sdm biji jagung manis,3 butir telur ayam, kocok,1000 g nasi putih dingin,2 sdm kecap asin,1 sdm kaldu jamur,1/2 sdt merica bubuk,1 sdt garam,1 batang daun bawang iris kasar","Panaskan minyak, tumis bawang putih dan bawang bombay hingga layu dan harum.,Tambahkan jamur dan biji jagung manis, aduk hingga layu. Sisihkan ke pinggir wajan.,Tuangkan telur kocok, aduk hingga bergumpal kecil, aduk rata. Masukkan cabe rawit, aduk rata kembali,Tambahkan nasi, bumbui dengan kecap asin, kaldu bubuk,Tambahkan merica dan garam. Besarkan api, aduk-aduk hingga tercampur rata dan agak kering lalu angkat. Taburi daun bawang dan sajikan hangat."
nasi,https://cookpad.com/id/resep/24544214,Nasi Goreng,"2 porsi nasi kuning,1 porsi nasi putih,1 buah wortel potong dadu,1 buah jagung manis disisir,1 telur dadar,2 buah cabe merah,3 buah cabe rawit,2 siung bawang putih,5 siung bawang merah,Secukupnya garam,1/2 sdt kaldu jamur","Siapkan nasi, campur dan aduk rata. Potong kecil telur dadar,Cacah haus bawang dan cabe. Tumis hingga layu,Masukkan telur dadar, nasi dan sayuran. Beri seasoning. Aduk rata koreksi rasa. Hidangkan."
nasi,https://cookpad.com/id/resep/24705950,Nasi Goreng Kampung,"1 centong Nasi,1 butir Telur,2 butir Bawang merah, iris²,1 siung Bawang putih, iris²,1 buah Cabe rawit setan, iris²,1 genggam Ayam suwir rebus,1 sdm Daun bawang iris,1 sdt Kecap asin,1 sdt Kecap manis,secukupnya Garam, Gula &amp; Lada bubuk,secukupnya Minyak sayur untuk menumis, Acar,irisan Tomat","Siapkan bahan². Ceplok telur & sisihkan.,Tumis bawang merah, putih & cabe hingga layu & harum. Lalu masukkan suwiran ayam, tumis sebentar.,Masukkan nasi, kecap asin & manis, lada, gula & garam secukupnya, aduk² hingga tercampur rata. Jangan lupa tes rasa ya. Terakhir masukkan daun bawang, aduk² & matikan api.,Tuang ke piring saji & sajikan nasi goreng kampung serta pelengkapnya."
nasi,https://cookpad.com/id/resep/24707688,Nasi Kuning Bumbu Ayam Goreng Instan,"600 gr beras putih,1 sachet bumbu ayam goreng instan, saya pake merk racik,1 sdt garam (optional),65 gr santan instan,2 batang serai, geprek,2 iris lengkuas, geprek,2 lembar daun salam,3 lembar daun jeruk, buang tulang daunnya,1 sdm bubuk kunyit instan,Secukupnya air,Secukupnya telur dadar,Secukupnya bawang merahngoreng instan","Cuci bersih beras putih, tiriskan.,Masukkan kedalam wadah rice cooker. Tambahkan bumbu ayam goreng instan, garam, serai, lengkuas, daun salam, daun jeruk, kunyit bubuk instan dan santan instan.,Tuang secukupnya air (banyaknya air menyesuaikan jenis beras yang di gunakan), saya biasa menggunakan cara, tinggi air sebanyak 1ruas jari diatas permukaan beras. Aduk rata. Tutup, lalu tekan tombol cook. Masak sampai nasi matang.,Sajikan dengan menu favorit, saya pakai telur dadar suwir dan bawang merah goreng."
nasi,https://cookpad.com/id/resep/24707264,Nasi Goreng Kencur,"4 centong nasi,1-2 butir telur,2 ruas jari kencur,3 siung bawang putih,6-8 siung bawang merah,1/2 sdt garam,1/4 sdt micin,1/4 sdt penyedap rasa,sedikit lada,1 paha ayam (opsional),2 ati ayam (opsional)","Ulek kencur, baput, dan bamer. Jika suka pedas bisa ditambah cabai yaa,Potong-potong topping sesuai selera, btw 1 centong nasinya kira-kira segini,Panaskan minyak di wajan, tumis bumbu sampai wangi, masukkan telur dan topping, tumis sebentar, lalu masukkan nasi, garam, micin, penyedap rasa, aduk sampai merata, koreksi rasa, dan sajikan."
nasi,https://cookpad.com/id/resep/24623411,Nasi Goreng THR,"3 potong dendeng basah (Sisa lebaran), suwir2,5 sdm Sambal dendeng basah (sisa lebaran),2 sdm minyak kelapa,4 piring penuh nasi putih,1 sdm kecap manis,Secukupnya garam, Secukupnya, kaldu bubuk (boleh skip),2 batang daun bawang,Secukupnya bawang goreng, Topping :,5 butir telur pindang,Secukupnya bawang goreng,5 Peyek rebon, kembang goyang,Secukupnya kentang mustofa,1 buah timun, Daun sledri","Siapkan bahan bahan yang dibutuhkan,Tumis sambal, masukkan daging suir, aduk hingga tercampur. Tambahkan nasi putih.,Aduk kembali hingga menyatu, tambahkan kecap, garam, dan kaldu bubuk. Aduk,dan jangan lupa koreksi rasa. Tambahkan irisan daun bawang, aduk, taburi bawang goreng.,Sajikan dipiring, lengkapi dengan topping yang ada atau sesuai selera, kebetulan aku ada kentang mustofa, dll sisa pelengkap ketupat disaat hari Raya, yang cocok sebagai kondimen. Rasa ""Nasi Goreng THR"" ini nikmat walauppun hanya dari masakan sisa...😍"
nasi,https://cookpad.com/id/resep/24705425,#1020 Nasi Goreng Udang,"1 piring nasi sisa semalam,1 butir telur,5 ekor udang, bersihkan,2 lembar sawi putih,1 batang bawang pre,2 sdm margarin,Secukupnya lada bubuk,Secukupnya kaldu bubuk,2 siung bawang merah,2 siung bawang putih,1 buah cabai merah besar","Siapkan bahan dan bumbu yang diperlukan.

Iris bawang merah, bawang putih, cabai merah besar, dan bawang pre. Potong udang menjadi 2 bagian.

Iris juga sawi putih.,Panaskan margarin, lalu tumis bawang merah, bawang putih, dan cabai merah besar sampai wangi dan layu. Masukkan udang, aduk-aduk.,Masukkan telur, orak-arik. Tambahkan sayur dan masak hingga agak layu. Lanjut masukkan nasi dan irisan daun bawang. Aduk merata sampai nasi tidak bergumpal. Bumbui dengan lada bubuk dan kaldu bubuk. Aduk kembali hingga merata. Koreksi rasanya, angkat dan salin ke piring saji. 

Enjoyy..😘😘"
nasi,https://cookpad.com/id/resep/24707247,Nasi Daun Jeruk Simple,"1 mangkuk nasi putih,3 lembar daun jeruk,2 siung bawang putih,1 sdt margarin,1/2 sdt kaldu ayam bubuk,1 pcs telur mata sapi,1 pcs sosis goreng,Sedikit bawang goreng,Secukupnya sambal","Siapkan nasi dan iris semua bahan,Panaskan teflon, masukkan margarin,Masukkan bawang putih cincang, tumis sebentar,Masukkan daun jeruk, aduk rata,Masukkan kaldu bubuk aduk sebentar lalu matikan api,Pindahkan nasi dalam mangkok lalu campur dengan bahan2 yang sudah ditumis. Aduk sampai rata,Cetak nasi, sajikan bersama topping sesuai selera"
nasi,https://cookpad.com/id/resep/24706858,Nasi Kuning Simpel,"5 cup beras,1 sachet bumbu racik ayam goreng,1 sachet santan instan,1 btg serai geprek,2 lbr daun salam,3 lbr daun jeruk,1 SDM air jeruk nipis, Garam secukupnya Jika kurang tambah saja, Air secukupnya seukuran biasa utk memasak nasi","Cuci bersih beras, kemudian tiriskan, masukkan dalam panci rice cooker, tambahkan air seperti biasa memasak nasi. Masukkan bumbu racik kedalam panci,Tambahkan santan instan dan bumbu kering lainnya,,Lalu aduk rata, pencet tombol cook, jika sdh setengah matang aduk nasi agar rata, tutup lg masak hingga matang,,Sajikan dg lauk favorit."
nasi,https://cookpad.com/id/resep/24707117,111. Nasi Bayam,"1 ikat bayam, ambil daunnya saja, cuci bersih dan rendam air garam 5 menit. Bilas,1/4 sdt garam,1 sdm wijen putih sangrai,Optional 1/2 sdt bubuk bawang putih, saya pakai merk desaku,Secukupnya minyak untuk menggoreng,300 gram nasi kira-kira sepiring penuh","Panaskan minyak goreng dan goreng bayam dengan api kecil hingga kering tapi tidak gosong. Tiriskan di atas tissue dapur hingga minyak terserap ke dalam tissue.,Taruh dalam baskom mini, bayam yang telah di tiriskan. Tekan-tekan bayam dengan sendok hingga hancur dan dalam potongan kecil-kecil.,Masukkan ke dalam baskom wijen, garam, bubuk bawang putih dan nasi. Aduk rata.,Cetak nasi agar anak-anak suka. Sajikan sebagai sarapan maupun bekal. Selamat mencoba."
nasi,https://cookpad.com/id/resep/24707119,Nasi Goreng Terasi,"1 piring nasi,Secukupnya ayam suwir,2 cabe rawit iris halus,2 bawang putih cincang halus,2 bawang merah iris halus,1 daun bawang iris halus,Secukupnya sambel hijau(aku punya sisa sambal hijau),1 sachet terasi,Secukupnya gula,garam,penyedap,1/2 sdm saos tiram,1 telor rebus iris iris,Segenggam kerupuk bawang warna warni,1 Telor dadar,1 cabe keriting merah iris sebagai garnish,1 tomat iris","Siapkan bahan bahannya,Tumis duo bawang aduk hingga harum lalu masukkan sambal hijau dan terasi,,
aduk rata...,Masukkan ayam suwir aduk rata...
Masukkan nasi...aduk rata lalu masukkkan irisan cabe rawit,saos tiram,garam,gula dan penyedap aduk rata..,Jangan lupa koreksi rasa dan terakhir masukkan irisan daun bawang....aduk rata sebentar matikan api...,Nasi goreng terasi siap di nikmati😋,Super Yummy.....😋,Ini enaaakkk banget siiih...aromanya khas banget🤤🤤mungkin karena aku lamaaa banget ga makan dan nyium terasi kali yaaa😄,Nom nom...,Selamat mencoba💙"
nasi,https://cookpad.com/id/resep/24709020,Nasi Goreng Mawut,"200 gram nasi putih,1 keping mie kuning,100 gram daging ayam potong dadu,4 lembar pakcoy potong,1 butir telur ayam,4 buah cabe rawit halus,2 siung bawang putih geprek,1 sdm saos tiram,1 sdm kecap manis,1/2 sdm saos sambal,1 sdm daun bawang iris,1/2 sdt garam,1/2 sdt kaldu jamur,1/4 sdt merica bubuk","Rebus mie lalu angkat dan tiriskan.,Tumis bawang putih dan daging ayam. Masukkan telur lalu orak-arik.,Masukkan nasi, mie, pakcoy lalu aduk. Tambahkan saos tiram, kecap manis, garam, kaldu jamur, merica, cabe halus, saos sambal, daun bawang. Aduk sampai tercampur merata. Koreksi rasa sesuai selera lalu sajikan."
nasi,https://cookpad.com/id/resep/24695155,Dadar Nasi,"1 piring nasi sisa (me: nasi porang),2 butir telur,2 batang daun bawang, iris tipis,1 wortel kecil, parut (opsional) (me: 1/2 ukuran sedang),2 siung bawang putih, haluskan,1/2 sendok teh garam,1/4 sendok teh merica bubuk,1/2 sendok teh kaldu bubuk (opsional) (me: kaldu ayam non msg), Minyak untuk menggoreng","Siapkan bahan. Haluskan bawang putih.,Campur bahan: Dalam mangkuk, campurkan nasi sisa, telur, daun bawang, wortel, bawang putih, garam, merica, dan kaldu bubuk. Aduk hingga rata.,Panaskan wajan: Panaskan sedikit minyak di atas wajan dengan api sedang. Kurangi jumlah minyak apabila terlalu banyak.,Goreng dadar nasi: Tuangkan adonan nasi ke dalam wajan, lalu ratakan seperti membuat telur dadar. Goreng hingga sisi bawahnya berwarna kecoklatan, kemudian balik dan goreng sisi lainnya hingga matang.,Tiriskan: Angkat dan tiriskan dadar nasi di atas tisu dapur untuk menyerap minyak berlebih."
nasi,https://cookpad.com/id/resep/24708961,Nasi Nori,"2 porsi nasi,4 lembar nori atau gim atau rumput laut kering panggang,100 gram paha ayam fillet,2 buah wortel,2 buah timun,2 buah telur,1 siung bawang putih,3 sdm minyak wijen,3 sdm kecap asin,Sedikit garam,Sedikit lada bubuk,Sedikit jahe","Campur minyak wijen dan kecap asin ke dalam nasi, aduk rata,Ulek bawang, garam, jahe, dan lada. Marinasi pada daging ayam yang sudah dicuci bersih.,Iris wortel tipis-tipis, rebus dengan sedikit air.,Kupas dan iris timun tipis-tipis.,Dadar 2 buah telur, bisa ditambah sedikit garam. Iris setelah matang.,Goreng ayam yang sudah dimarinasi, kemudian potong kecil-kecil.,Tata semua bahan tadi di dalam satu piring. Nasi nori siap disantap."
nasi,https://cookpad.com/id/resep/24701503,[260] Nasi Goreng Kecap Bakso Sosis,"2 siung bawang putih,5 buah bakso sapi,2 buah sosis sapi,1 butir telur ayam,3 buah cabai merah,1 porsi nasi putih,5 sdm minyak goreng,3 sdm kecap manis,1/2 sdt garam (bisa dikoreksi jika kurang asin),secukupnya penyedap rasa","Iris tipis bakso dan sosis. Geprek bawang putih, cincang halus. Iris cabai merah. Lalu panaskan minyak goreng. Masukan bawang putih, bakso, sosis, tumis hingga harum.,Tambahkan telur, cabai merah, garam, dan penyedap rasa. Orak arik merata.,Masukan nasi putih.,Tambahkan kecap manis. Aduk merata. Koreksi rasa.,Nasi goreng kecap bakso sosis siap disajikan. Selamat mencoba."
nasi,https://cookpad.com/id/resep/24422453,1048. Nasi Biji-bijian (Multi Grain) Kongbap,"2 cup Beras putih,25 gr Multi Grain,3 cup Air (sesuaikan)","🍚Cuci bersih terlebih dahulu beras putih, kemudian campur dengan beras multigrain,🍚Tuang air (dengan menambah 25 gr multigrain = menambah 1/2 cup air), aduk sebentar, tekan cook,🍚Setelah matang, sajikan"
nasi,https://cookpad.com/id/resep/24697606,Nasi Kepal Nori Telur,"4 centong nasi panas,1 buah wortel, dipotong dadu kecil dan direbus lalu tiriskan,1 butir telur, didadar lalu dipotong kecil-kecil,1 sdm minyak wijen,2 sdm kecap asin,2 sdm mayonaise,1 botol bubuk nori merk bon nori varian rasa original 30 gram","Masukkan nasi kedalam wadah lalu masukkan minyak wijen, kecap asin, moyonaise, bubuk nori, wortel dan telur dadar aduk hingga semua bahan tercampur rata lalu kepal-kepal bentuk bulat-bulat"
nasi,https://cookpad.com/id/resep/24708736,Kerupuk Nasi,"5 siung bawang putih,2 sdm ketumbar,1 cup beras,350 gr tepung tapioka,120 ml air,1 sdt garam,secukupnya Air untuk merebus,secukupnya Pewarna makanan","Cuci beras, lalu masak dalam rice cooker sampai tanak. Ambil nasi 250 gr, lalu campur dengan air. Haluskan.,Haluskan bawang putih dan ketumbar dengan sedikit air (boleh jugak diulek sampai halus). Di wadah lain, blender nasi dengan air sampai halus. Campur nasi dengan bumbu halus,Lalu, Masukkan tepung tapioka 200 gr, uleni rata lalu masukkan lagi tepung tapioka 80 gr, garam, aduk rata. Uleni sampai adonan bisa dipulung. Gulir diatas nampan yg sudah Ditaburi sisa tapioka tadi.,Panaskan air, tuang 1 SDM minyak goreng. Masukkan adonan, masak hingga mengapung. Lalu angkat dan tiriskan. Biarkan dingin,Kalau sudah dingin, warnai adonan. Simpan di kulkas semalaman biar adonan padat, mudah dipotong.,Setelah semalaman, potong tipis2 adonan. Lalu jemur kurang lebih 2 hari cuaca terik.,Siap digoreng dan disantap."
nasi,https://cookpad.com/id/resep/24708661,433. Nasi goreng pelangi Ala Dapoer Budhe,"2 porsi nasi,6 siung bawang putih cincang kasar,4 siung bawang merah cincang kasar,3 bh cabe merah cincang kasar,1 bh wortel diserut pakai serutan keju,3 batang daun bawang ukuran kecil,secukupnya Garam,1/4 sdt terasi","Siapkab bahan-bahan.,Tumis bawang merah, bawang putih dan rawit merah hingga wangi. Lalu tambahkan garam dan terasi, aduk rata.,Masukkan nasi, lalu masak nasi hingga matang. Jangan lupa cek rasa ya mom,Setelah nasi matang dan rasanya sesuai selera, masukan wortel dan daun bawang. Masak hingga sayuran matang. Matikan kompor lalu sajikan,Setelah matang, pindahkan ke piring saji, taburi dengan bawang goreng. Sajikan hangat-hangat untuk sarapan di pagi hari"
nasi,https://cookpad.com/id/resep/24708694,Mochi Abon Ayam (Mochi Nasi),"5 sdm abon ayam mojo,1 resep mochi Nasi sisa,1 sdm maizena sangrai untuk balutan","Buat adonan nasi sisa sesuai petunjuk resep. Biarkan hangat kuku atau sampai dingin.,Gumakan sarung tangan plastik. Ambil 3/4 sdt adonan mochi nasi, lalu pipihkan. Beri abon lalu tutup, perbaiki bentuknya dan padatkan.,Gulingkan ke maizena.,Pindahkan ke wadah saji. Hidangkan sebagai cemilan ataupun sebagai makan pokok dilengakapi hidangan sayur yg sesuai."
nasi,https://cookpad.com/id/resep/24699941,Nasi Bakar Ayam Suwir,"5 butir telur asin matang, belah dua,Secukupnya daun pisang untuk membungkus (jemur/kukus/panaskan di kompor supaya tidak keras),500 g beras,750 santan (me:300g kelapa parut+air; peras airnya),2 lembar daun pandan,2 batang serai,5 helai daun jeruk,3 helai daun salam,1 sdt garam,2 buah dada ayam,2 batang serai,7 helai daun jeruk,Secukupnya garam,Secukupnya gula pasir,Secukupnya air,Secukupnya minyak untuk menumis dan menggoreng,10 butir bawang merah,5 siung bawang putih,2 buah kemiri,5 cabe merah besar,5 cm kunyit","Cuci bersih beras. Masak santan+daun jeruk+daun salam+serai+daun pandan+garam sampai didih. Campur santan+beras di dalam rice cooker. Masak sampai matang,Rebus dada ayam sampai matang. Suwir2. Sisihkan. Goreng bahan bumbu ayam suwir sampai agak layu. Angkat, tiriskan. Uleg sampai halus.,Panaskan sedikit minyak. Tumis bumbu halus+serai+daun jeruk sampai wangi. Masukkan ayam suwir. Masukkan garam+micin+gula pasir. Aduk rata. Tambahkan air secukupnya. Koreksi rasa. Tumis sebentar sampai air terserap (jangan terlalu kering) Sisihkan,Siapkan bahan membuat nasi bakar,Letakkan telur di cetakan. Beri secukupnya ayam suwir. Tekan2. Masukkan nasi uduk secukupnya. Tekan2,Balikkan di atas daun pisang,Bungkus sampai tertutup. Lipat bagian bawahnya. Lipat ke dalam bagian atas, kemudian lipat bagian kanan dan kirinya ke dalam. Sematkan tusuk gigi. Gunting dan rapikan sisa daun. Ulangi pada bagian bawahnya,Setelah terbungkus rapi. Bakar kedua sisinya. Saya bakar kedua sisinya masing2 selama 7 menit"
nasi,https://cookpad.com/id/resep/24705694,Nasi Goreng Mentega Satset,"2 centong nasi sisa semalam,1 1/2 sdm mentega,1 butir telur ayam,1 batang daun bawang,1 sdm bawang putih bubuk,1/2 sdt garam,1/4 sdt gula pasir,1/4 sdt merica bubuk,1/2 sdt kaldu jamur","Panaskan wajan, kemudian lelehkan butter atau mentega.,Masukkan telur ayam, kemudian buat orak arik.,Masukkan nasi putih sisa semalam, adu hingga tercampur rata.,Bumbui dengan bumbu penyedap, aduk rata dan koreksi rasa. Masak sampai bumbu meresap.,Terakhir, masukkan irisan daun bawang, aduk rata. Sajikan selagi hangat."
nasi,https://cookpad.com/id/resep/24681629,Mochi Nasi Sisa (Isi Kacang),"50 gr nasi,100 ml air/susu/santan,20 gr tapioka,20 gr maizena,10 gr gula pasir,1 sdt minyak sayur,1/5 sdt garam halus,50 gr kacang sangrai,2 sdm gula pasir,1/2 sdt mentega/margarin atau air dengan sedikit garam","Buat isian mochi dulu : tumbuk/blender kasar kacang tanah sangrai. Lalu campur dengan gula pasir dan mentega. Aduk rata. Jika ingin isian yg bisa digumpalkan, bisa ditambahkan lagi mentega/air sesuai kebutuhan.,Rendam nasi sebentar dengan 100 ml air/santan/susu pada resep. Lalu blender sampai halus. Saya mengulangi memblender 2x sampai sangat halus.,Campur rata dengan whisk hasil blenderan dengan tepung tapioka, tepung maizena, gula, minyak sayur dan garam. Campur sampai tidak ada yg bergerindil.,Panaskan dengan api kecil sambil diaduk. Aduk sampai adonan matang, mengental, menggumpal dan agak berat saat diaduk. Matikan api. Tunggu adonan sampai hangat kuku atau dingin.,Gunakan sarung tangan plastik. Buat mochi ukuran mini. Ambil adonan mochi sisa sebesar 3/4 sdt lalu leperkan dan beri isian. Tutup rapat dan bulatkan. Adonan mudah dibentuk juga mudah direkatkan.,Gulingkan ke maizena yg sudah disangrai. Lalu pindahkan ke wadah. Teksturnya kenyal empuk dan anti keselek. Bisa dilsimpan di kulkas dan tetap empuk."
nasi,https://cookpad.com/id/resep/24684483,Bubur nasi praktis,"1 piring nasi,4 potong ayam sisa opor,1 daun bawang","Siapkan bahan iris daun bawang aku pakai hijaunya saja,Goreng ayam sisakan kuah opornya tunggu dingin lalu suwir ayamnya,Blender nasi menggunakan air jgn sampai halus bgt lalu masukan ke kuah opor masak sampai kuah menyusut,Tambahkan garam dan kaldu bubuk aduk rata tes rasa lalu masukan daun bawang masak sampai matang,Setelah matang sajikan dgn di tambahkan bawang goreng,ayam suwir,kerupuk,kecap dan sambal"
nasi,https://cookpad.com/id/resep/24683179,Nasi Goreng Express,"1 mangkok nasi (sisa hari sebelumnya),2 butir telur,3 siung bawang putih, cincang,secukupnya Mixed vege (resep terlampir),secukupnya Minyak,secukupnya Garam dan kaldu jamur,Secukupnya lada bubuk","Panaskan minyak. Orak arik telur. Sisihkan. Tambahkan minyak dan tumis bawang putih hingga harum.,Masukkan mixed vege beef. Aduk rata.,Tambahkan nasi. Oseng2. Tambahkan garam, penyedap, dan lada. Koreksi rasa. Siap disajikan ❤️"
nasi,https://cookpad.com/id/resep/16947975,Nasi Uduk praktis,"250 gr beras,1 sachet nasi uduk kobe,secukupnya Ayam goreng,secukupnya Potongan timun,secukupnya Terong ungu, goreng","Masak nasi seukuran 4 porsi sampai matang. Masak seperti biasa.,Kalau nasi sudah matang, ambil 2 porsi nasi, Masukkan 1 sachet nasi uduk kobe, aduk rata.,Siapkan nasi dengan pelengkap"
nasi,https://cookpad.com/id/resep/24706257,Nasi Daun Jeruk,"2 porsi nasi panas,2 sdm margarin,4 siung bawang putih, cincang,6 lembar daun jeruk, buang tulang tengahnya, iris tipis,1/2 sdt kaldu bubuk ayam","✨Panaskan margarin, tumis bawang putih hingga harum.
✨Masukkan daun jeruk, garam, kaldu bubuk.
✨Tumis hingga daun jeruk harum. (Awas gosong).,✨Siapkan nasi panas.
✨Masukkan tumisan bawang putih dan daun jeruk, aduk hingga benar-benar rata.,Siap disajikan, yummy 😋."
kue,https://cookpad.com/id/resep/24894469,Pie Brownies,"20 pcs Crush Pie,100 dcc,80 gram butter,50 gram tepung terigu,50 gram gula pasir,1 butir telur,15 gram coklat bubuk,1/8 tsp garam,200 gram cream cheese,50 gram gula halus,1 butir kuning telur, Vanila extract,1 Tbsp Fiber cream + 1Tbsp air hangat (Larutkan)","✅ Siapkan Kulit pie setengah matang
✅ Lelehkan Butter dan coklat, sisihan
✅ Kocok telur dan gula hingga gula larut
**difoto terlihat 2 telur karena saya membuat langsung 2 resep ya.,Masukkan lelehan dcc dan butter yang sudah hangat hangat kuku. Tuang kedalam kocokan telur, aduk rata,Masukkan tepung dan bubuk coklat, aduk rata,Masukkan kedalam piping bag untuk memudahkan mengisi ke dalam kulit pie. Membuat cream cheese : Campur semua bahan cream cheese dan lembutkan dengan spatula atau mixer dengan kecepatan paling rendah. Semprot atas adonan brownies dengan cream cheese,Panggang di suhu 180 derajat selama 25 menit. Angkat. Sajikan"
kue,https://cookpad.com/id/resep/24893075,Brownies Ketan Hitam Keju Karamel," Karamel:,5 sdm air panas,100 gr gula pasir, Vla keju:,160 gr keju oles/cream cheese,3 butir telur,4 sdm munjung maizena,1 sdt vanilla ekstrak, Brownies Ketan Hitam:,150 gr gula pasir,100 gr tepung ketan hitam,75 gr tepung terigu,40 gr coklat bubuk,1 sdt baking powder,1 sdt baking soda,2 butir telur,100 ml susu cair,100 ml minyak goreng,1 sdt vanilla ekstrak","Membuat karamel;
Panaskan gula pasir dengan api kecil sampai meleleh, tidak perlu diaduk. Tambahkan air panas dan biarkan hingga larut. Tuang ke dalam loyang tidak perlu dioles apapun.
Ratakan dan biarkan set.,Tuang ke dalam loyang tidak perlu dioles apapun.
Ratakan dan biarkan hingga dingin dan set,Membuat vla keju;
Campurkan semua bahan, mix rata atau lembut bisa gunakan mixer/blender atau whisker.,Tuang ke atas karamel sambil disaring. Kukus selama 20 menit dengan api sedang cenderung kecil hingga matang.,Membuat brownies ketan hitam;
Aduk rata gula, vanilla ekstrak dan telur kocok hingga gula larut menggunakan whisk lalu masukkan bahan kering tepung ketan hitam,tepung terigu, coklat bubuk,baking powder,baking soda yang telah diayak lalu aduk rata,Kemudian masukkan minyak dan susu cair. Aduk rata kembali adonan hingga benar-benar tercampur rata,Setelah itu tuang adonan brownies ke atas lapisan keju & kukus kembali selama 20 menit atau sampai matang,Setelah cake matang tunggu sampai hangat lalu keluarkan cake dari loyang sajikan. Bisa dinikmati langsung baik hangat maupun dalam keadaan dingin agar vla keju lebih kokoh namun tetap lumer dimulut"
kue,https://cookpad.com/id/resep/24894985,Cake tape/bolu tape,"150 g tape singkong, lumat,120 g tepubg terigu,5 g maizena,10 g susu bubuk,4 butir telur,90 g gula pasir,90 g margarin,20 g minyak,secukupnya Garam,1 sdt sp,2 SDM skm","Mixer telur dg gula sampai cair, lalu masukkan tepung, maizena, susu bubuk, kocok hingga tercampur rata,, kemudian masukkan sp...mixer hingga kental berjejak,Kemudian masukkan SKM, garam. Mixer bentar sampai rata. Lalu masukkan tape yg sudah di lumatbke adonan. Aduk pake mixer sbntar smpe tercampur rata,Ambil margarin yg sudah di mixer smpai mengembang, campur dg minyak, aduk sampai rata, kemudain ambil adonan sedikit masukkan ke margarin n minyak yg di mixer,, kemudian aduk hingga rata,, ini namanya tehnik pancik,, memudahkan pencampuran minyak dg adonan spya mudah rata,Kemudian lalu masukkan ke adonan sisa campur semua aduk hingga tercampur rata,Panggang dg api 160 api bawah 180 api atas selama 25 menit.. Cek kematangan dg cara ditusuk bagian tengah dg tusukan sate. Jika sudah tidak menempel berarti sudah siap dikeluarkan dri oven.,Silahkan mencoba,,🤗"
kue,https://cookpad.com/id/resep/24855462,Pukis Triple Choc,"300 gram Tepung Terigu Serbaguna,1 butir Telur,100 gram Margarin,150 gram Gula Pasir,20 gram Fibercreme,1 sdt Ragi Instan,70 gram Cooking Chocolate, di potong kecil²,10 gram Coklat Bubuk,1 sdt Vanili Bubuk,1/2 sdt Garam,400 ml Air Hangat,50 gram Cooking Coklat yang dilelehkan dengan 1 sdm Margarin,20 gram Coklat Meses","Campurkan Margarin dengan Cooking Chocolate, panaskan diatas api kecil sambil diaduk² hingga larut dan tercampur rata, sisihkan dan diamkan hingga suhu ruang.,Buat larutan fibercreme dengan mencampurkan fibercreme dengan air hangat, aduk² hingga tercampur rata, sisihkan.,Dalam wadah yang besar, masukkan gula pasir, garam, vanili dan telur, kocok menggunakan whisk hingga gula larut.,Masukkan larutan fibercreme ke dalam adonan, aduk² hingga semuanya tercampur rata, tambahkan ragi instan dan aduk² kembali hingga tercampur rata.,Sambil diayak, masukkan tepung terigu dan coklat bubuk ke dalam adonan telur, aduk² hingga semuanya tercampur rata.,Masukkan margarin dan Cooking Chocolate yang sudah dicairkan, aduk² hingga tercampur rata. Lalu istirahatkan adonan kurleb 60 menit.,Panaskan cetakan, oles dengan margarin, lalu tuang adonan kurang lebih ¾ cetakan, tutup cetakan masak hingga setengah matang, lalu taburkan coklat meses diatasnya, tutup kembali cetakan, masak hingga matang.,Angkat pukis dan beri topping."
kue,https://cookpad.com/id/resep/24896932,Bolu Ketan Hitam Gluten Free,"200 gr Tepung Ketan Hitam,4 butir telur,115 gr Gula Pasir,1 bks Vanili Bubuk,sejumput garam,100 ml minyak,65 ml santan,1/2 sdt baking powder","Mixer telur dan gula pasir kurang lebih 5 menit hingga mengembang berjejak.,Ayak tepung ketan, baking powder, dan garam. Lalu masukkan ke dalam adonan telur yang sudah mengembang.,Tekhnik pancing : Campurkan minyak dan santan ke dalam mangkuk terpisah. Lalu ambil 2 sendok adonan, campurkan ke dalam mangkuk berisi minyak & santan. Aduk hingga rata, lalu campurkan lagi ke dalam adonan tepung ketan.,Masukkan ke dalam loyang bulat atau kotak saya pakai loyang kotak ukuran 18x18, yang sudah diolesi minyak dan baking paper.,Panggang dalam oven dengan api sedang selama 30 menit.,Angkat, tunggu dingin, lalu potong². Siap disajikan."
kue,https://cookpad.com/id/resep/24893840,Brownies Hias Ulang Tahun,"2 butir telur ayam,150 gr dcc,50 gr margarin,40 ml minyak sayur,100 gr tepung terigu,35 gr coklat bubuk,150 gr gula pasir diblender,Secukupnya coklat spread (aku pake colatta),Secukupnya strawberry, belah 2,Secukupnya choco ball,Secukupnya coklat putih untuk tulisan","Tim dcc hingga setengah leleh. Tambahkan margarin dan minyak sayur. Tim lagi hingga leleh semua. Aduk rata.,Kocok telur hingga berbusa. Tambahkan gula pasir. Kocok lagi hingga gula larut.,Masukkan campuran coklat leleh. Aduk rata.,Ayak terigu dan coklat bubuk jadi satu. Masukkan ke adonan sedikit demi sedikit. Aduk rata.,Tuang dalam loyang yang dialasi baking paper. Diamkan selama 15 menit sambil memanaskan oven. Oven selama 15 menit suhu 180°C.,Setelah dingin, hias brownies dengan coklat spread. Beri toping strawberry, choco ball dan tulisan dengan coklat putih."
kue,https://cookpad.com/id/resep/24855609,Cokelat kacang cookies,"200 gr margarin,100 gr butter,2 btr kuning telur,250 gr gula halus(ayak),1 sacet susu bubuk,1 sacet vanili,1/4 sdt bakingpowder,300 gr tepung terigu,40 gr coklat bubuk,100 gr kacang tanah sangrai,100 gr dcc,potong kecil kecil","Kocok margarim,butter,vanili dan gula halus selama 1menit.lalu masukan kuning telur 1 per satu.,Masukan susububuk,dcc,dan kacang tanah aduk rata.masukan terigundan baking powder aduk rata.ambil sedikit adonan dengan sendok teh letakan di loyang yang sudah dialas baking papper.,Panaskan oven,lalu panggang cookies hingga matang sesuai dengan oven masing masing"
kue,https://cookpad.com/id/resep/24896950,Indil-indil / cenil,"70 gram tapioka,30 gram terigu,1/4 sdt garam,1 sdm gula pasir,70 ml air panas,secukupnya Pewarna makanan hijau, merah,1/4 Kelapa parut,garam","Masukan semua bahan uleni dengan air panas,Bagi menjadi 2 adonan dan beri warna masing²,Bentuk² sesuai selera lalu rebus sampai mengapung,Kukus kelapa parut dan beri garam,Sajikan dengan kelapa parut dan beri gula pasir"
kue,https://cookpad.com/id/resep/24893939,Choco Butter Cookies,"200 gr Butter / Mentega,100 gr Margarin Rose Brand,100 gr Gula halus Rose Brand (diayak) NB : kalau niat bikin cookies gurih aja, gulanya dikurangin yah,3 butir Kuning telur,100 gr Keju cheddar parut,400 gr Terigu pro rendah,100 gr Maizena Rose Brand,27 gr Susu bubuk,1 sdt Baking Powder (optional) Jangan di ganti Baking Soda,109-150 gr Messes ceres,Secukupnya Selai cokelat, saya selai biasa bukan Nutella (masukkan kedalam piping bag) JANGAN diganti glaze","Siapkan semua bahan² yg dibutuhkan. 
Aduk rata tepung terigu, tepung maizena Rose Brand, susu bubuk, dan baking powder hingga tercampur rata. Sisihkan terlebih dahulu.,Dalam wadah lain, campur butter, margarin Rose Brand, gula halus Rose Brand, kuning telur, dan keju parut.
Aduk rata menggunakan whisk.
Setelah tercampur rata, masukkan campuran tepung sambil diayak. Aduk-aduk hingga tercampur rata.,Tambahkan messes pada adonan, uleni hingga rata, sebentar saja ya, klo kelamaan nanti messes hancur, adonannya berubah coklat.,Kemudian ratakan adonan menggunakan rolling pin. Cetak. Susun di loyang. Semprotkan selai cokelat.,Setelah semua sudah diberi selai coklat, masukkan keladalam oven yg sebelumnya sudah dipanaskan.,Oven 150°C selama 20-30 menit/ sampai matang.
Setelah matang, angkat dan keluarkan dari oven lalu dinginkan. 
Setelah dingin segera masukkan ke alam toples kedap udara."
kue,https://cookpad.com/id/resep/24701238,Mini Pie Brownies Shiny Crust,"250 gr tepung terigu protein sedang,130 gr margarin,30 gr gula halus,3 sdm air dingin,1 butir telur,75 gr gula halus,75 gr DCC,25 gr margarin,20 ml minyak sayur,50 gr tepung terigu protein sedang,10 gr coklat bubuk,1 gr kopi bubuk tanpa ampas (opsional),1 gr garam (opsional), Almond slice secukupnya","Campurkan semua bahan pai. Aduk rata sampai menyatu dan bisa dibentuk,Timbang adonan sekitar 20-22 gr di cetakan pie ukuran d@6,5-7cm. Tekan2 adonan hingga rapi. Rapika juga bagian pinggir pie.,Untuk brownies, kocok telur dan gula halus sampai rata.Dan berwarna sedikit kuning pucat.,Tim coklat DCC, minyak dan margarin sampai meleleh. Aduk rata dan tuangkan ke kocokan telur. Tambahkan tepung coklat bubuk, kopi, garam. Aduk rata.,Masukkan adonan brownies ke dalam pie sampai ¾ penuh. Taburi dengan kacang almond (opsional),Panaskan oven 10 menit. Panggang 180°C selama 20-25 menit. Angkat dan diamkan sampai suhu ruang dan lepaskan dari cetakan. Siap dikemas dengan plastik opp."
kue,https://cookpad.com/id/resep/24892193,Kue Sarang Laba Laba Coklat,"65 gr tepung terigu,10 gr coklat bubuk,35 gr tepung maizena,35 gr tepung beras,80 gr gula pasir (jika suka manis bisa ditambah ya),1 butir telur,1/2 sdt vanili bubuk,1/4 sdt garam,100 ml susu UHT full cream (saya : susu bubuk + air),1,5 sdm minyak goreng (bisa juga margarin cair)","Siapkan bahan bahan yang akan digunakan...kemudian masukkan gula pasir dalam wadah....tambahkan tepung terigu,Lalu masukkan juga coklat bubuk....masukkan tepung maizena....dan tepung beras.,Masukkan vanili bubuk....masukkan susu cair...dan masukkan telur (yg sudah dikocok pakai garpu).,Lalu masukkan garam.....kemudian semua di aduk pake whisk/mixer.... sampai semua tercampur dan gula larut.,Kemudian masukkan minyak goreng....aduk kembali sampai rata.....lalu masukkan adonan kedalam plastik segitiga (saya pakai plastik biasa).,Ikat ujungnya lalu bagian yang lancip digunting sedikit/kecil saja.....Panaskan wajan teflon dgn api kecil, Jika sudah panas buat coretan membentuk seperti sarang laba laba atau seperti di foto ini.....Jika sudah matang segera gulung.,Sajikan kue sarang laba laba coklatnya😊"
kue,https://cookpad.com/id/resep/24610668,Kue coklat kacang,"200 gr margarin,250 gr tepung terigu,1 kuning telur,150 gr kacang tanah sangrai lalu tumbuk kasar,30 gr coklat bubuk,150 gr gula halus,1 sachet vanili,20 gr tepung maizena","Sangrai kacang tanah, buang kulit arinya lalu tumbuk. Dalam wadah campur margarin,telur dan gula halus.kovok dgn whisk sampai tercampur rata,Masukan coklat bubuk sambil di ayak, masukan juga tepung maizena lalu aduk rata,Bila sdh tercampur masukan tepung terigu yg sdh d ayak.aduk rata lalu masukan kacang tanah yg sdh di tumbuk,Uleni dgn tangan sampai bisa d pulung. Siapkan loyang.bentuk bulat2 adonan beratnya d kira2 saja.letakan bulatan kue d atas loyang lalu tekan dgn garpu sampai pipih,Panggang sampai matang, angkat lalu angin2 kan dulu kue.bila sdh dingin bisa d masukan k dlm toples"
kue,https://cookpad.com/id/resep/24886114,Bolu chocolatos,"1 bungkus chocolatos drink/beng2 drink,4 sdm air panas,1 butir telur,4 sdm tepung terigu,sejumput Baking soda,sejumput Vanili,2 sdm minyak goreng","Larutkan serbuk minuman coklat dengan 4sdm air panas. Aduk rata,Kocok telur dengan gula pasir sampai tercampur rata,Masukkan terigu, baking powder dan vanili. Aduk rata kemudian masukkan larutan coklat tadi,Aduk rata dan tambahkan minyak goreng. Aduk lagi sampai benar2 tercampur,Oles cetakan pakai minyak. Tuang adonan ke cetakan. Kemudian kukus sekitar 15-20 menit"
kue,https://cookpad.com/id/resep/24892740,251. Brownies Coklat Keju Lumer,"4 butir telur,3 bgks chocolatos,9 sdm gula,1 sdt baking powder,1 sdt baking soda,1 sdt vanila bubuk,50 gr coklat batang,6 sdm tepung terigu,6 sdm minyak sayur,Secukupnya keju oles","Siapkan bahan yg digunakan. Larutkan dg sedkt air panas bubuk chocolatos.,Kocok telur dan gula sampai gula larut. Tambahkan tepung terigu, vanili bubuk, baking soda, baking powder, aduk hingga campur rata,,Kemudian tambahkn larutan chocolatos, coklat batang yg sdh dilelehkan, dan minyak sayur. Campur sampai rata,,Masukkn dalam wadah cetakan yg mau dipakai. Sekitar separuh. Kukus selama 5 - 7menit, kemudian tambahkn keju oles ditangahnya. Dan kemudian tutup kembali dg sisa adonan brownies. Kukus kembali sekitar 20 menit. Kemudian angkat dan dinginkan, sajikan masih dalam keadaan hangat jadi keju nya masih berasa lumer.."
kue,https://cookpad.com/id/resep/24889648,Steamed Brownies Rollcake,"2 butir telur,60 gr gula pasir,1/2 sdt SP,35 gr tepung terigu protein sedang,15 gr coklat bubuk(me: Bensdorp,30 gr DCC,40 ml susu cair,15 ml minyak goreng,1/4 sdt pasta coklat /blackforest,1/4 sdt garam","Panaskan kukusan. Tim DCC minyak goreng dan susu cair. Aduk rata. Sisihkan.,Campur bahan kering. Aduk rata. Sisihkan.,Mixer telur dan gula dengan kecepatan tinggi hingga kental berjejak.,Masukkan campuran terigu dan coklat bubuk. Mixer dengan kecepatan rendah.,Terakhir masukkan campuran DCC, minyak dan susu. Aduk balik. Jangan overmix.,Tuang ke dalam loyang ukuran 20x20 atau 22x22 yang telah dioles minyak dan dialasi kertas baking. Hentakkan untuk. mengeluarkan udara yang terperangkap. Kukus selama kurleb 15 menit atau jika dites tusuk, tidak ada adonan yang menempel,Angkat brownies. Balikkan di atas kertas roti atau lap bersih. Buka kertas bakingnya. Lalu gulung pelan dengan bantuan kertas roti. Setelah hangat, buka kembali gulungan. Oles dengan buttercream dan selai coklat.,Gulung dan padatkan kembali. Simpan di dalam kulkas minimal 1 jam.,Karena ada retakan, jadi sy siram dengan DCC cair dan dihias dengan keju parut. Alhamdulillah enakkk🌸"
kue,https://cookpad.com/id/resep/24894376,Pukis brownies,"75 gram dark cooking chocolate,75 gram margarin (resep asli pakai butter),2 butir telur ayam utuh,150 gram gula pasir,175 gram tepung terigu protein sedang,25 gram tepung maizena,20 gram coklat bubuk,250 ml susu uht coklat,3 gram ragi instan,1/2 sdt gula pasir,25 ml air hangat kuku","Siapkan bahannya.,Lelehkan margarin dan dark cooking chocolate lalu dinginkan. Aduk rata bahan biang lalu diamkan 10 menit sampai berbusa (kalau tidak berbusa jangan dipakai ya).,Mixer dengan kecepatan tinggi telur ayam dan gula pasir hingga gula larut dan lembut.,Masukkan ayakan tepung terigu protein sedang, tepung maizena, dan coklat bubuk, mixer rata dengan kecepatan rendah. Masukkan susu uht coklat, mixer rata.,Masukkan bahan biang, mixer sampai tercampur rata. Tutup dengan serbet bersih lalu diamkan 1 jam,Setelah satu jam masukkan lelehan margarin dan dark cooking chocolate, aduk rata.,Panaskan cetakan kue pukis, olesi margarin lalu tuang adonan 3/4 cetakan. Dan tutup, masak sampai matang lalu angkat.,Panas-panas langsung olesi pukis dengan margarin."
kue,https://cookpad.com/id/resep/24887496,Chocolate Rice Flour Sponge Cake /CupCake dari Tepung Beras / Gluten Free Cupcake," Bahan A,3 butir telur ayam utuh suhu ruang,100 gr gula halus Bola Deli,1/2 sdt vanila bubuk (sesuaikan),Sejumput garam,60 gr butter,60 gr Dark Chocolate compound,40 ml susu cair hangat,1 sdt kopi instan larutkan dlm susu cair (saya skip),70 gr tepung beras Bola Deli,15 gr Maizena bola deli,25 gr coklat bubuk (saya Bourduex Tulip),1 sdt Baking Powder,1/8 sdt Garam","Siapkan bahan-bahannya,Potong2 coklat agar lebih mudah meleleh. Tambahkan butter. Lelehkan dgn tehnik Double boiler sampai meleleh, sisihkan,Ayak dan campur jadi satu bahan keringnya, sisihkan,Dalam bowl masukkan gula halus dan telur, kocok sampai Ribbon Stage (kental berjejak) jika whisk di angkat maka adonan akan jatuh perlahan membentuk pita diatas permukaan dan tidak langsung tenggelam.,Masukkan bahan C yg sudah di ayak sebelumnya, campur dengan cara aduk balik. Setelah tercampur masukkan susu cair, aduk balik,Masukkan lelehan butter dan DCC (Pastikan tidak panas) Aduk balik adonan hingga tercampur rata (pastikan tidak ada lemak yg tertinggal di dasar bowl,Untuk memudahkan menuang adonan ke dalam cetakan, sebaiknya menggunakan gelas takar. Biasakan mengeluarkan cupcake paper dari bagian bawah untuk menghindari bagian atas Cupcake terkena tangan. Tuang adonan 75% dari isi cetakan cupcake, karena kita ingin membuat cupcake decorating, cukup sampai bibir cupcake saja.,Panggang cupcake 175 darcel dengan api bawah (saya pakai oven gas) selama 25 menit (Sesuaikan oven masing2. Angkat cupcake,dinginkan di cooling rack"
kue,https://cookpad.com/id/resep/24894407,Martabak Lipat Coklat,"200 gr tepung terigu,30 gr coklat bubuk,70 gr gula pasir,2 butir telor,350 ml susu cair,1/2 sdt vanili bubuk,1/4 sdt garam,1 sdt baking powder,1/2 sdt soda kue,50-80 gr keju parut,Secukupnya mentega, utk olesan (boleh skip)","Siapkan bahan2nya. Parut keju, sisihkan.,Campur terigu, coklat bubuk, vanili & garam dlm wadah. Masukkan jg telor, aduk rata lalu tuang susu cair, aduk2 lagi sampe tercampur rata adonannya.,Terakhir masukkan soda kue & baking powder, aduk2 lagi. Adonan akhir kental ya.,Panaskan wajan teflon dgn api kecil. Setelah panas, tuang adonan 1 sendok sayur. Panggang sampe adonan berpori (ada lubang kecil2), setelah matang, angkat & sisihkan. Lakukan sampe adonan habis.,Ambil 1 martabak yg sdh matang, olesi dgn mentega lalu beri isian keju parut (me: 1 sdt), setelah itu lipat jadi 2.,Lipat martabak jadi 2 sambil ditekan pinggirnya & spy bentuknya bagus, bisa ditekan2 (pelan2 aja) pake garpu.,Tata di piring saji, martabak lipat coklat siap dimakan sbg cemilan teman ngopi/ngeteh."
kue,https://cookpad.com/id/resep/24894384,Bolu Coklat Glaze,"4 butir telur,130 gram gula pasir,1 sdt sp,1/8 sdt vanili bubuk,90 gram tepung terigu,30 gram coklat bubuk kualitas bagus (me : bendico XD),10 gram DCC,100 ml margarin,50 gram Glaze vanila,50 gram Glaze coklat,1 sdm Choco chips coklat,1 sdm Choco chips vanila","Mixer gula, telur, vanili dan sp dengan kecepatan rendah, kemudian naik bertahap. Kocok hingga mengembang,Masukkan campuran tepung dan coklat bubuk sambil diayak, mixer hingga rata,Tambahkan lelehan coklat dan margarin,Tuang kedalam loyang yang sudah dioles margarin, panggang 35 menit api atas bawah dengan suhu 150°. Setelah matang hias dengan glaze dan Choco chips."
kue,https://cookpad.com/id/resep/24881274,163. Oat Cinnamon Cookies with Dark and White Chocolate (Gluten Free),"160 gr margarin ROSE BRAND (cairkan),140 gr gula aren bubuk,2 buah telur,2 sdt vanilla essense,320 gr oatmeal Quaker merah/biru (haluskan),1 jimpit garam,1 sdt baking powder,1 sdt soda kue/baking soda,2 sdt cinnamon powderl,90 gr dark chocolate -+ (cacah kasar),90 gr white chocolate -+ (cacah kasar)","Blender oat sisihkan,Cairkan margarin ROSE BRAND,Dalam bowl campur bahan A mixer/aduk dengan wisk cukup sampai gula larut,Masukkan BP,BS,Garam, Cinnamon powder aduk rata,Masukkan tepung oat secara bertahap aduk dengan spatulla,Terakhir masukkan chocolate cacah aduk rata masukkan 5-10 dalam frezer,Panaskan oven disuhu 180°c api atas bawah selama 5-10 menit, alasi loyang dengan baking paper, ambil 1 sendok lalu bulatkan adonan 1 koyang beri 13 pcs beri jarak antar adonan cookies lalu panggang selama 20 menit dirak tengah,Setelah itu keluarkan dari oven dinginkan dan sajikan,Nikmati dengan secangkir teh/kopi/susu minuman kesukaan anda,Alhamdulillah"
kue,https://cookpad.com/id/resep/24468122,Semprit Coklat Putih Telur,"200 gr Margarine,120 gr Gula halus,90 gr Putih Telur,250 gr Terigu pro Rendah,40 gr Tepung Maizena,20 gr Susu Bubuk,40 gr Coklat Bubuk,1/2 sdt Garam,1/2 sdt Vanilla,10 gr Mini Choco Chips","Siapkan bahan-bahannya,Mixer gula dan Margarine 1 menit. Tambahkan putih telur dan vanilla, Aduk dgn spatula.,Tambahkan coklat bubuk, garam dan Maizena, aduk dgn spatula.,Masukkan terigu secara bertahap sambil disaring. Aduk dgn spatula.,Uleni sebentar dgn tangan, sampai adonan menggumpal dan tercampur rata.,Masukkan adonan kedalam plastik segitiga. Gunakan spuit 1M, cetak adonan diatas loyang yg sdh disemir sedikit margarine.
Panaskan oven 160°C selama 8 menit,Panggang dalam oven 160°C selama 30 menit.,Dinginkan sebentar pada suhu ruang. Simpan dalam toples kue. tertutup rapat.,Sajikan untuk snack minum teh atau kopi."
kue,https://cookpad.com/id/resep/24799216,Rainbow Cake Kukus,"2 butir telur ayam,75 gr gula pasir,1 sdt sp,50 gr tepung terigu protein sedang,1/2 sdt baking powder,60 gr margarin ROSE BRAND lelehkan,3 tetes pewarna makanan merah,3 tetes pewarna makanan kuning,3 tetes pewarna makanan hijau,20 gr susu kental manis,40 gr keju","Mixer dengan kecepatan tinggi telur ayam, gula pasir, dan sp hingga mengembang kental berjejak. Masukkan ayakan tepung terigu dan baking powder sambil diayak. Lalu masukkan margarin ROSE BRAND yang sudah dilelehkan, aduk balik sampai rata.,Bagi adonan menjadi 3 bagian sama rata. Beri pewarna 3 tetes merah, kuning dan hijau. Panaskan kukusan dan lapisi tutup kukusan dengan serbet bersih.,Siapkan cetakan olesi margarin ROSE BRAND dan beri sedikit tepung terigu lalu lapisi dengan kertas roti,Tuang adonan hijau lalu kukus 5 menit, Buka kukusan masukkan adonan kuning diatasnya kukus 5 menit terakhir tuang adonan merah lalu kukus 20 menit. Angkat dan dinginkan.,Lepas kertas rotinya pelan-pelan potong potong dan Siap disajikan. Sebagai teman ngopi atau ngeteh."
kue,https://cookpad.com/id/resep/24893824,Chocolate Mochi Cheesecake (Gluten free),"350 gr cream cheese (aku pakai keju spread merk Procheese sebanyak 2 x @160 gr),75 gr gula pasir (aku pakai gula aren bubuk dan aku kurangin jadi 65 gr karena pakai compound chocolate/DCC),2 butir telur ayam (suhu ruang, ukuran sedang),5 gr tepung maizena,5 gr coklat bubuk,200 gr whipping cream cair (WPC),160 gr coklat batang (cacah kecil2 supaya mudah dicairkan),1 sachet kecil kopi instant tanpa ampas (misalnya Nescafe, larutkan dg 4 sdm air panas, aduk hingga tercampur rata),180 gr tepung ketan,45 gr gula pasir (aku pakai gula singkong cair),10 gr coklat bubuk,1/3 sdt garam,270 ml susu cair plain (bisa juga pakai yg rasa coklat, kurangi pemakaian gula),1.5 sdm minyak sayur (good quality),1 sdt coklat bubuk untuk taburan","Siapkan panci berisi air mendidih. Preheat oven di suhu 180- 200 delcel. Masukkan potongan coklat dalam mangkuk tahan panas, lalu lelehkan dg tehnik double boiler. Tunggu hangat2 kuku lalu masukkan dalam wadah berisi WPC. Aduk hingga tercampur rata,Larutkan kopi dg air panas lalu tuang ke campuran DCC n WPC tadi, aduk rata. Sisihkan dulu,Siapkan bahan. Di sini aku pakai chooper untuk mencampur adonan. Moms bisa pakai mixer/ whisker ya. Masukkan keju spread +telur+gula. Haluskan,Tuang adonan coklat leleh di atas ke dalam chopper, tekan tombol ON utk meratakan. Moms bisa juga mencampurkannya dg cara manual y. Tuang ke dalam loyang yg telah dialasi baking paper.,Panggang di suhu 180-200 delcel selama 40-45 menit api bawah, kemudian turunkan di suhu 170 delcel selama 10 menit api atas bawah. Sesuaikan oven masing-masing2 ya. Keluarkan dari oven, lalu dinginkan di cooling rack. Kemudian masukkan ke dalam kulkas spy set minimal 3 jam an atau semalaman. Besoknya keluarkan dari loyang, dan potong menjadi 8 bagian sama besar. Sisihkan dulu,Mochi ~> dalam wajan masukkan bahan mochi yg kering (tepung maizena, tepung ketan, gula, garam, coklat bubuk, campur rata dulu, baru masukkan susu cair dan minyak sayur. Masak dg api sangat kecil dan terus diaduk jangan ditinggal spy bagian bawah tidak gosong.,Masih panas segera angkat dari wajan, letakkan di atas plastik bening yg tahan panas. Pakai sarung tangan supaya tidak panas atau bisa juga diuleni dg sendok kayu. Bagi adonan menjadi 8 sama rata, kira2 50-52 gr. Bulatkan,Pipihkan dg rolling pin, lalu ambil 1 slices kue coklat cheesecake nya, taruh di tengah kulit mochi nya, bungkus atau tutupi seluruh permukaan kue.,Rapikan, bagian yg rapi bisa diletakkan paling atas. Lakukan hingga kue tertutup kulit mochi semua. Terakhir taburi dg coklat bubuk dg bantuan saringan teh yg halus. Masukkan kulkas dulu sejam spy set. Potong kue nya. Legit banget 🥰"
kue,https://cookpad.com/id/resep/24866728,Putu Ayu Santan,"150 gram tepung terigu protein sedang ayak,125 gram gula pasir Rose Brand warna hijau (premium),2 butir telur ayam,1/4 sdt garam,150 ml santan,1 sdt SP,1/2 sdt BP,Sejumput vanili susu La&#39;rome,Secukupnya pewarna makanan,Secukupnya kelapa muda parut kukus bersama daun pandan,Secukupnya minyak goreng rose brand untuk olesan","Kukus kelapa parut tambahkan daun pandan selama 15 menit sisihkan. Siapkan bahan-bahan nya kemudian oles cetakan dengan minyak goreng rose brand dan tambahkan kelapa parut sambil dipadatkan,Dalam wadah mixer telur, gula pasir, SP hingga mengembang kemudian tambahkan tepung terigu, garam, vanili susu dengan cara diayak aduk balik,Tuang santan perlahan aduk balik, tambahkan pewarna makanan aduk balik, tuang adonan jangan sampai penuh, kukus selama 10-15 menit, jangan lupa kukusan di beri serbet double agar uap panas tidak menetes,Sajikan selagi hangat untuk menemani minum teh, kopi atau santai bersama keluarga"
kue,https://cookpad.com/id/resep/24907142,Brownies cheese caramel,"150 gr gula pasir,8 sdm air panas, Bahan keju,160 gr keju oles,4 butir telur,60 gr gula pasir,3 sdm tepung maizena,300 ml susu cair UHT,100 ml minyak mkn,2 butir telur,160 gr gula pasir,1/2 sdt baking powder,1/2 sdt soda kue,160 gr tepung terigu,20 gr coklat bubuk,30 gr coklat(leleh kan dgn minyak 100 ml)","Buat karamel,, panaskan gula pada teflon sampai semua gula larut dan beri air panas,, aduk kemudian masukkan pada loyang secara merata,Campur semua bahan keju kemudian aduk sampai semua bahan tercampur merata,tdk ada yg bergerindil, kemudian masukkan dlm loyang yg telah diberi caramel lalu kukus slama 25 menit,, sambil memngukus kita buat lapisan brownies,Bahan brownies:masukkan semua bahan brownies lalu aduk sampai merata lalu tuang diatas lapisan keju lalu lanjut kukus selama -+30 menit atau sampai matang,,"
kue,https://cookpad.com/id/resep/24847147,Soft Cookies with Apple,"350 gr tepung terigu,2 butir telur ayam,2 buah apel,100 gr gula pasir ROSE BRAND,100 gr margarin ROSE BRAND,1 1/2 sdt baking powder,5 sdm susu cair (tambahanku)","Siapkan bahan- bahan yang dibutuhkan. Siapkan pula air matang yg diberi dengan garam (bisa menggunakan jeruk nipis atau cuka). Kupas apel lalu potong kotak kecil- kecil, masukkan kedalam air garam tujuannya agar apel tidak browning dan tunggu beberapa saat lalu tiriskan.,Panaskan oven hingga 180°C. Kocok telur dan gula ROSE BRAND dalam mangkuk. Tambahkan margarin ROSE BRAND yang telah dicairkan, aduk rata.,Lalu ayak tepung terigu dan bubuk pengembang, masukkan campuran terigu sedikitdemi sedikit sambil dimixer dengan kecepatan rendah.,Jika dirasa terlalu kental, tambahkan sedikit susu dan aduk rata. Sehingga adonan berbentuk seperti di gambar. Lalu masukkan apel ke adonan, aduk rata semua.,Kita akan menggunakan loyang yang dilapisi kertas roti. Dengan menggunakan sendok, ambil adonan dan letakkan di atas loyang, beri jarak antar adonan.,Masukkan ke dalam oven selama 20 menit atau disesuaikandengan oven masing-masing. Keluarkan dari oven dan taruh di rak kawat hingga benar-benar dingin.,Taburi dengan gula bubuk. Letakkan di atas piring saji. Sajikan untuk orang orang tercintamu😍🤗.."
kue,https://cookpad.com/id/resep/24848381,Fudge Brownies,"120 gr butter,225 gr dcc (sy pakai tulip),3 butir telur,200 gr gula pasir,1 sdt vanila cair,130 gr terigu pro sedang,3 sdm coklat bubuk (sy pakai vanhouten),1/4 sdt garam,Secukupnya almond slice,Secukupnya choco chip","Lelehkan dcc dan butter dengan cara di tim,Campurkan bahan c, aduk dan ayak,Kocok bahan B sampai pucat dan mengembang. Tambahkan vanila cair,Campurkan bahan C kemudian aduk balik menggunakan spatula,Tuang kedlm loyang yg sudh dioles margarin dan di alasi baking papper, ratakan kemudian beri toping almond dan choco chip sesuka hati,Panggang selama kurleb 50 menit,Setelah dingin keluarkan dri loyang dan potong².sajikan"
kue,https://cookpad.com/id/resep/24899368,Dadar Gulung Coklat vla Coklat Lumer,"250 gr tepung terigu,2 sdm tepung tapioka,1 sdt garam,1 butir telur,2 sdm coklat bubuk,1 sachet vanili bubuk,100 ml susu cair plain,350 ml air,1 sdm minyak goreng,1 sdm gula pasir,1 sachet Chocolatos Coklat,3 sdm tepung tapioka,1 sdm gula pasir,350 ml air/susu","Campurkan semua bahan kulit, aduk sampai tidak bergerindil bila perlu disaring.,Panaskan pan teflon, olesi sedikit minyak, tuang 1 sendok sayur adoanan, ratakan. Bila pinggirannya telah kering, angkat.,Vla : campurkan semua bahan, aduk rata di atas api sedang, masak sampai mengental.,Ambil satu lembar kulit darlung, beri isian vla, lipat seperti amplop."
kue,https://cookpad.com/id/resep/24896710,Black Forest Roll Cake,"4 kuning telur,2 btr telur utuh,80 gr gula castor,1/2 sdt SP,40 gr tepung segitiga,15 gr susu bubuk,1 sdm kental manis,1 sdt pasta black forest,60 gr butter,cairkan, Bahan tambahan:, Butter cream,serut Coklat, Chery","Mixer gula, telur dan SP sampai kental berjejak,Masukkan bahan kering yang sudah diayak, aduk rata. Tambahkan kental manis dan pasta black forest, aduk rata kembali,Terakhir masukkan butter, aduk.rata,Masukkan adonan ke dalam loyang uk.24x24 ratakan. Hentakkan beberapa kali untuk membuang gas yg tertinggal di adonan. Panggang selama 20 menit suhu 180°c (sesuaikan oven masing2),Setelah matang, keluarkan cake diatas lap bersih dan lepas kertas roti lalu gulung perlahan,Setelah dingin buka gulungan lalu oles dengan butter cream selanjutnya gulung kembali sambil dipadatkan,Setelah set, buka gulungan,oles permukaan cake dengan butter cream, tambahkan coklat parut dan hiasan chery"
kue,https://cookpad.com/id/resep/24896228,Chewy Brownies Shiny Crust,"150 gr dark chocolate,30 grm coklat bubuk,2 butir telur,50 grm mentega,40 ml minyak sayur,100 grm gula halus,100 grm tepung terigu, Kacang mede","Siapkan bahan bahannya,Lelehkan / tim coklat terlebih dahulu lalu masukkan mentega, dan minyak, aduk aduk hingga teracampur rata, diamkan hingga dingin,Mixer, telur dan gula halus hingga mengental,Masukkan coklat leleh lalu aduk sampai rata, tambahkan coklat bubuk dan tepung terigu, aduk aduk sebentar hingga rata,Siapkan loyang yg sdh dialasi dengan baking papper lalu tuang adonan kedalam loyang, lalu beri topping coklat mede,Panaskan oven, lalu dioven dengan suhu 170°C selama ± 45 menit,Keluarkan dari oven, lalu dinginkan, potong” sesuai selera,Sajikan"
kue,https://cookpad.com/id/resep/24896728,Choco Lava Cake,"2 butir telur,2 sdm gula pasir,3 sdm Tepung terigu protein rendah,1 sdm coklat bubuk,1 Sachet SKM,50 gr DCC,40 gr margarine","Siapkan bahan, lelehkan margarine dan DCC. Kocok telur dan gula hingga gula larut dan berbusa.,Tambahkan tepung terigu dan coklat bubuk sambil diayak. Aduk asal rata.,Masukkan SKM dan lelehan DCC dan margarine, aduk rata.,Siapkan cetakan talam atau bentuk apapun yang tidak cekung, oles tipis minyak goreng atau margarine. Tuang adonan ¾. Kukus api kecil sj krn aku pake kukusan kecil. Kukus ± 5 menit saja."
kue,https://cookpad.com/id/resep/14245721,Martabak Manis / Terang Bulan,"225 gr Tepung Terigu protein sedang,20 gr Tepung Maizena,250 ml Air,1 butir Telur,3/4 sdt Baking Powder,50 ml Air,3/4 sdt Soda kue atau Baking Soda, Essens Tiramisu/Pandan (optional),secukupnya Gula Pasir, Margarin secukupnya (olesan),secukupnya Susu kental manis,secukupnya Coklat Meises,secukupnya Keju Parut","Campur tepung terigu, maizena, tepung, dan air. Mixer sebentar sampai bahan tercampur rata,Tambahkan telur dan baking powder. Lalu mix lagi sampai rata. Istirahat kan adonan selama minimal 1 jam,Panaskan teflon khusus martabak hingga benar benar panas. Tuangkan adonan martabak secukupnya lalu bentuk pinggirnya supaya membentuk mangkuk,Jika sudah bersarang dan lubang lubang, beri taburan gula pasir untuk memecah gelembung udara nya. Lalu tutup martabak dan masak dengan api sedang cenderung kecil saja supaya tidak gosong,Angkat martabak lalu segera olesi permukaan nya dengan butter atau margarin. Beri topping parutan keju dan meises lalu terakhir susu kental manis (topping sesuai selera dan kreasi saja),Martabak manis rumahan siap disajikan"
kue,https://cookpad.com/id/resep/24554344,Brownies Kukus Coklat Jeruk,"100 gr Dark Cooking Chocolate, lelehkan,100 gr Mentega, lelehkan,1 bks Bubuk jeruk (Nutrisari),60 gr Gula pasir,2 btr Telur uk sedang,85 gr Terigu pro sedang,30 gr Coklat bubuk,1/8 sdt Garam","Siapkan bahan.,Campur DCC, mentega dan bubuk jeruk, aduk rata.,Mixer dengan kecepatan tinggi telur, gula pasir hingga mengembang dan kental berjejak.,Masukkan teridu, coklat bubuk dan garam, dengan cara diayak (3 x bertahap). Aduk rata perlahan dengan teknik aduk balik. Gunakan spatula.,Tuangkan campuran mentega dan coklat (3 x bertahap), aduk rata kembali.,Tuangkan adonan ke dalam loyang yang telah dialasi baking paper. (Uk 12 cm x 18 cm).,Panaskan kukusan, kukus brownies hingga matang. Selama 40 menit.,Angkat brownies, lepaskan dari loyang. Potong menjadi 10 bagian.,Sajikan."
kue,https://cookpad.com/id/resep/24807256,Black Cacao Cakey Brownies,"160 gr terigu all purpose/serba guna,30 gram Black cocoa powder,20 gr Valrhona dark cocoa powder,135 gram (total) brown sugar 85gr+ 50 gr cane sugar,2 butir telur medium,160 gram unsalted butter,1/2 sdt vanilla extract,1/2 sdt baking powder, Hershey Kisses cookie and creme","Melted butter+ coklat compound(double boiler metode)atau microwave aduk bersama, sisihkan,Mixer telur + gula sampai larut.,Masukkan coklat melted ke dalam adonan gula aduk bersamaan rata,Campur semua bahan kering rata, masukkan ke adonan basah bertahap aduk rata dgn spatula.,Aduk rata saja tuang ke dalam loyang ratakan (adonannnya berat dan padat). Beri Topping bebas,Bake di 175 derajat celcius23-25 menit test tusuk cek kematangan,Potong2 sajikan bersama coffee ☕️ or tea. (BIARKAN di dalam LOYANG -+2 JAM lebih sampai BETUL2 DINGIN) BARU dikeluarkan untuk di POTONG2"
kue,https://cookpad.com/id/resep/24899849,Soft Chocolate Chips Cookies tanpa Oven & Mixer,"100 gr Margarin Cair,80 gr Palm Sugar,50 gr Gula Pasir,1 Butir Telur Ayam,125 gr Tepung Terigu,1 1/2 sdm Maizena,1/2 sdt Baking Soda,1/2 sdt Baking Powder,1/2 sdt Vanili, Dark Compound Chocolate, potong-potong, Choco Chips","Campurkan margarin cair, palm sugar & gula pasir sampai tercampur rata.,Masukkan telur, aduk sampai rata.,Tambahkan tepung terigu, maizena, baking soda, baking powder & vanili. Aduk sampai tercampur rata & tidak ada tepung yang menggumpal.,Masukkan dark compound chocolate/coklat batang yang sudah dipotong-potong ke dalam adonan. Boleh tambahkan choco chips (optional).,Bulat-bulat kan adonan sesuai ukuran yang diinginkan, kemudian tambahkan topping choco chips di atas nya.,Masukkan adonan ke dalam freezer minimal 15 menit sebelum dipanggang.,Panggang adonan yang sudah di freezer menggunakan teflon dengan api kecil dan tutup teflon. Panggang adonan dalam kondisi masih beku (tidak perlu di defrost).,Masak sampai cookies matang.,Soft Chocolate Chips Cookies siap dinikmati.,Selamat mencoba 😉"
kue,https://cookpad.com/id/resep/24355141,Browkis (Brownies Cookies),"100 gr mentega (me : butter+margarin),60 gr gula pasir,50 gr palm sugar,1/2 sdt pasta vanilla,1/2 butir telur,140 gr tepung terigu pro sedang,3 gr garam,1/4 sdt baking powder,1/4 sdt baking soda,50 gr chocochips,50 gr dcc, potong&quot;,130 gr dcc,100 gr mentega (me: butter+margarin),100 gr gula pasir,2 butir telur,55 gr tepung protein sedang,30 gr coklat bubuk,1 sdt pasta vanilla","Siapkan wadah, masukkan mentega, gula pasir dan palm sugar. Mixer dengan kecepatan tinggi 1-2 menit. Masukkan telur dan pasta vanilla, mixer kembali hingga rata.,Masukkan tepung terigu, baking powder, baking soda dan garam, aduk menggunakan spatula hingga tercampur rata. Masukkan chocochips dan potongan dcc, aduk rata. Masukkan kedalam kulkas.,Buat brownies : siapkan bahan. Lelehkan mentega dan dcc, sisihkan.,Siapkan wadah, masukkan kocok telur dan gula pasir menggunakan whisker hingga rata dan gula larut.,Masukkan lelehan dcc dan pasta vanilla, aduk rata.,Masukkan tepung terigu dan coklat bubuk sambil diayak, aduk menggunakan spatula hingga rata.,Tuang adonan kedalam loyang 20x20 cm yg dioles dengan margarin dan dialas dengan baking paper. Ambil adonan cookies, letakkan diatas brownies, beri topping diatasnya.,Panggang di oven selama 40 menit dengan suhu 170 derajat. Setelah matang keluarkan dari loyang, biarkan dingin. Setelah dingin keluarkan dari loyang dan Brownies Cookies siap dinikmati.,Ini buat yg kedua kalinya untuk pesanan customer."
kue,https://cookpad.com/id/resep/24901153,"34. Brownies Ultah Panggang 🎂(seperti biasa, takaran gelas)","2 gelas tepung terigu pro sedang,2 sdm tepung maizena,1 1/2 gelas gula pasir,5 butir telur ayam,80 gr coklat batang (lelehkan),2 sdm coklat bubuk,150 ml susu cair (saya pakai susu bubuk dancow campur air),50 ml minyak goreng,1 sdm sp,1/2 sdt baking powder,1 sdt vanili bubuk,1 sdt pasta coklat,1 sdt pasta kopi moka,2-3 tetes pewarna makanan coklat","Lelehkan coklat batang dengan minyak goreng. Aduk sampai rata. Dinginkan sebentar,Dalam wadah besar masukkan telur, gula pasir dan sp. Mixer dengan kecepatan paling tinggi sampai mengembang,Masukkan coklat batang yang sudah dilelehkan tadi, aduk balik,Masukkan tepung terigu, tepung maizena, baking powder, vanili bubuk dan coklat bubuk sambik diayak. Mixer sebentar dengan kecepatan paling rendah,Campurkan susu bubuk dancow dengan air, aduk. Kemudian tambahkan kedalam adonan. Mixer kembali,Terakhir beri pasta coklat dan kopi moka. Tambahkan juga pewarna makanan coklat. Aduk balik,Olesi loyang dengan mentega. Tuang adonan kedalam loyang (saya pakai loyang tulban uk.26),Panggang brownies dalam oven yang sebelumnya dipanaskan terlebih dahulu. Panggang dengan suhu 150°C sekitar 45 menit atau sampai matang (saya pakai oven tangkring),Setelah kue matang, keluarkan dari oven dan loyang. Dinginkan sebentar dan potong sesuai selera"
kue,https://cookpad.com/id/resep/24899722,Bolu Jadul Simpel,"4 butir Telur,130 gr Gula pasir,1 sdt SP/ cake emulsifier,180 gr Tepung protein sedang (merk segitiga biru),15 gr Susu bubuk,1/2 sdt Pasta vanila,180 gr Margarin,50 gr Keju chedar","Masukan semua bahan A kemudian kita mix menggunakan mixer dengan speed rendah bertahap menuju ke tinggi, stabil di kecepatan tinggi mix sampai mengembang putih dan kental. Cek dengan angkat kepala mixer cek apakah sudah berjejak dan kental berarti sudsh cukup.,Masukan bahan B, terigu dan susu bubuk di ayak dulu agar mudah tercampur, masukan pasta vanila lalu aduk pelan dengan mixer biar ketika di mix tepung tidak berhamburan, lalu mix sampai rata dengan kecepatan paling rendah.,Lelehkan margarin lalu sisihkan hingga dingin, masukan margarin yang sudah di lelehkan, kemudian aduk dengan menggunakan spatula, pastikan aduk dengan rata. Siapakan loyang yang sudah di olesi dengan margarin,Masukan adonan ke dalam loyang lalu taburkan keju di atas adonan.,Siapakan oven yang sudah dipanaskan sebelumnya, panggang di suhu 160 ° api atas bawah selama kurang lebih 40 menit bisa di sesuaikan dengan oven masing-masing. Sampai matanf atasnya kecoklatan.,Kalau sudah matang bisa di angkat lalu balikan diloyang, biarkan hingga dingin lalu potong-potong. Selamat Mencoba 🙂"
kue,https://cookpad.com/id/resep/24896983,Kue Ape Khas Betawi,"200 gram tepung beras ROSE BRAND,100 gram tepung terigu,1 butir telur ayam,4 sdm gula pasir,1/2 sdt baking powder,1/2 sdt baking soda,1/2 sdt garam,500 ml santan,Secukupnya pewarna makanan,Secukupnya minyak goreng ROSE BRAND untuk mengoles","Siapkan bahan-bahannya, campur semua bahan kecuali baking soda,Aduk hingga tercampur rata, saring adonan, resting adonan minimal 30 menit - 1 jam, setelah resting tambahkan baking soda aduk rata,Panaskan wajan dan oles dengan minyak goreng ROSE BRAND, tuang melingkar dari pinggir wajan,Setelah pinggir nya kecoklatan tutup wajan, sajikan selagi hangat"
kue,https://cookpad.com/id/resep/24900964,Pukis Coklat,"1 sdm Terigu,1 sdm gula pasir Rose Brand,1 sdt ragi instan,50 ml air hangat,250 g Tepung terigu,150 g Gula pasir Rose Brand,2 butir Telur,175 ml Susu cair,1 sachet SKM coklat,1 sdm Coklat bubuk,100 g Margarin cair Rose Brand,secukupnya Selai coklat,secukupnya Meses coklat","Siapkan bahan biang, lalu aduk rata dan diamkan sampai berbiuh.,Lelehkan margarin, sisihkan,Campur telur dan gula Aduk rata.,Tambahkan terigu, coklat bubuk dan susu cair.,Masukkan SKM dan bahan biang. Lalu aduk rata.,Tambahkan margarin cair, aduk rata kembali. Diamkan adonan selama 15 menit. Sambil panaskan teflon,Setelah panas Tuang adonan pukis dalam cetakan, lalu tutup dan biarkan sampai menggembang dan matang. (Saya memakai api sedang cenderung kecil),Angkat pukis, olesi permukaan dengan selai coklat dan beri taburan meses.,Siap di sajiakan, Enjoy😍"
kue,https://cookpad.com/id/resep/24861400,Kue Talam Pandan,"100 gram tepung beras ROSE BRAND,300 ml jus daun pandan suji,250 gram kelapa parut,4 sdm gula pasir,1/4 sdm garam,50 gram tepung beras ROSE BRAND,200 ml air,150 gram kelapa parut,1/4 sdm garam,Secukupnya minyak goreng ROSE BRAND untuk olesan","Siapkan daun pandan, daun Suji cuci bersih kemudian tambahkan air, blender hingga halus, saring airnya. Siapkan bahan-bahannya,Siapkan mangkuk, tuang parutan kelapa tambahkan 200 ml air, sisihkan santan nya. Kemudian tambahkan 250 ml air daun pandan suji peras santan nya,Dalam panci masukkan tepung beras rose brand. Didihkan santan daun suji tambahkan gula pasir dan garam aduk rata, masak hingga gula larut tapi tidak sampai mendidih, hanya hangat saja,Tuang air santan daun Suji kedalam tepung beras rose brand aduk rata, saring jika perlu, kukusan sudah dipanaskan sebelum nya. Tuang adonan kedalam cetakan kue Talam yang sudah di oles minyak goreng rose brand, kukus selama 15 menit,Siapkan tepung beras rose brand di wadah, masak santan dan garam hingga hangat, tuang santan kedalam wadah tepung beras rose brand aduk rata, tuang diatas adonan hijau, kukus selama 15 menit, angkat dan keluarkan dari cetakan"
kue,https://cookpad.com/id/resep/24896986,Kue Lumpur Kentang,"250 gram kentang kukus haluskan,250 gram tepung terigu protein sedang,10 sdm gula pasir ROSE BRAND warna hijau (premium),2 butir telur,500 ml santan,50 gram margarin ROSE BRAND cairkan,1/2 sdt garam,Secukupnya vanili susu La&#39;rome,Secukupnya beng-beng untuk topping","Cairkan margarin ROSE BRAND, tunggu uap panasnya hilang, sisihkan. Kocok gula pasir rose brand warna hijau (premium) dan telur hingga gula larut, tambahkan kentang kukus, vanili susu dan garam aduk hingga tercampur rata, jika perlu saring adonan,Tambahkan tepung terigu, dan santan bertahap kemudian aduk balik, tambahkan margarin rose brand yang sudah di cairkan aduk balik hingga tercampur rata,Panaskan cetakan dan oles dengan margarin ROSE BRAND, tuang adonan kedalam cetakan, masak hingga setengah matang,Setelah setengah matang beri topping beng-beng ditengah nya, kemudian tutup cetakan, setelah matang angkat, saya menggunakan arang waktu memasak rasa dan aroma lebih sedap jika di masak dengan arang,Anakku yang biasa nya gak mau kue lumpur jika dibelikan, ini dibuat kan lahap makan nya"
kue,https://cookpad.com/id/resep/24898968,Brownies Kukus Lumer,"2 butir telur8,80 gr gula pasir (sy 40 gr),1/4 sdt sp,45 gr tepung terigu,15 gr coklat bubuk,55 gr margarin,40 gr DCC,200 ml susu cair,40 gr kental manis (sy 20 gr),15 gr coklat bubuk,40 gr DCC,1/2 sdm maezena,10 gr butter,Secukupnya sprinkle","Membuat brownies: mixer telur, gula dan sp sampai pucat dan kental.,Lelehkan margarin dan DCC dengan metode double boiler. Sisihkan.,Masukkan terigu dan coklat bubuk ke adonan telur sambil di ayak. Aduk balik. Kemudian masukkan juga coklat leleh, aduk balik kembali sampai tidak ada yg mengendap di bawah (homogen).,Panaskan kukusan sampai beruap banyak. Tuang adonan ke loyang 10x20 cm yg sudah diberi baking paper. Kemudian kukus dengan api kecil selama 15 menit. Angkat dan langsung keluarkan dari loyang.,Potong-potong dan masukkan ke dalam cup 5x5 cm.,Membuat coklat ganache: masukkan semua bahan ke dalam wajan. Masak dengan api kecil sampai hampir mendidih.,Tuang ke dalam cup. Sajikan"
kue,https://cookpad.com/id/resep/24894316,Chocolate Crinkles Cookies,"2 butir telur ukuran besar,80 gr gula pasir,60 gr cokelat bubuk,120 gr tepung terigu,50 gr minyak goreng,1 sdt baking powder (WAJIB),1/2 sdt garam,1/2 sdt vanili bubuk,100 gr icing sugar (gula pasir dihaluskan)","Mixer telur dan gula pasir hingga gula larut.,Kemudian masukkan cokelat bubuk, mixer hingga rata. Kemudian masukkan tepung terigu, baking powder, garam, vanili bubuk, mixer rata.,Kemudian masukkan minyak goreng, aduk rata. Lalu simpan adonan di freezer selama 1 jam.,Setelah 1 jam, cetak adonan menggunakan dua buah sendok sambil dibentuk bulat, kemudian gulingkan pada icing sugar. Kemudian susun di loyang. Panaskan oven selama 15 menit. Kemudian panggang dengan suhu 150-170 derajat Celcius selama 20-30 menit atau hingga matang dan bagian bawahnya kering. Setelah matang, keluarkan dari oven, kemudian sajikan."
kue,https://cookpad.com/id/resep/24898379,Choco Pound Cake,"3 butir telur,150 gr margarin,100 gr gula pasir,100 gr tepung terigu pro sedang,50 gr bubuk cokelat,150 gr chocochip,1/4 sdt essen vanila,Sejumput garam","Panaskan oven dengan suhu 175 derajat celsius. Sambil menunggu oven panas kita membuat adonan. Mixer margarin hingga creamy lalu masukkan gula pasir (saya pakai gula halus). Cukup diaduk sampai tercampur aja,Masukkan telur satu persatu. Tepung terigu, bubuk coklat, garam dan juga essence vanila. Lalu mixer sebentar saja hanya untuk mencampur bahan,Beri sedikit terigu pada choco chip, fungsinya agar choco chip tidak tenggelam saat di dalam adonan. Tambahkan choco chip ke dalam adonan aduk rata. Tuang adonan ke dalam loyang yang sudah dioles margarin atau dialasi baking paper,Setelah oven panas. Masukkan loyang ke dalam oven dan panggang selama 50 menit. Atau sesuaikan oven masing-masing. Bisa tusuk dengan tusuk gigi untuk tes kematangan. Kita sudah dingin baru potong-potong sesuai keinginan"
kue,https://cookpad.com/id/resep/24896802,Bolu Gulung,"3 btr telur,1 sdt SP,60 gr gula pasir,60 gr tepung terigu,70 gr margarin cair, Butter cream siap pakai, Keju parut","Panaskan oven suhu 200°. Mixer semua bahan kecuali margarin cair. Mixer sampai kental berjejak kurang lebih 8-10 menit,Masukkan margarin cair, aduk rata,Masukkan ke dalam loyang uk. 22x22 yg sdh dialas kertas roti, sisakan sedikit adonan lalu beri pasta coklat untuk membuat motif,Panggang selama 15 menit api bawah kemudian turunkan suhu panggang api atas selama 5 menit,.sampai matang.,Balik bolu di atas lap bersih, lepaskan kertas roti kemudian gulung perlahan, tunggu sampai suhu ruang. Note kalau ingin isian selai bisa langsung diberi isian tidak perlu menunggu dingin,Setelah dingin oles dengan butter cream saya tambahkan keju parut kemudian gulung kembali sambil dipadatkan. Simpan di lemari es sampai set baru bisa dipotong2."
kue,https://cookpad.com/id/resep/24898608,Brownies Cheese,"2 sdm keju oles,2 sdm susu kental manis,1 btr telur,70 gr gula,26 gr margarin,75 gr dark cooking chocolate,40 gr terigu,16 gr cokelat bubuk","Campur keju oles dan skm, aduk rata, sisihkan,Lelehkan margarin dan dcc, sisihkan,Kocok telur dan gula pasir hingga larut, masukkan lelehan coklat dan margarin, aduk rata,Masukkan terigu dan cokelat bubuk, aduk rata kembali,Tuang adonan brownies dalam loyang yg dialasi kertas roti, lalu tuang adonan keju diatasnya. Panggang selama kurang lebih 35 menit di suhu 180• C (oven sdh dipanaskan) tes kematangan dgn tusuk gigi,Siap disantap 😍"
kue,https://cookpad.com/id/resep/24818257,Browkies (Brownies Cookies),"80 gram dcc,100 gram margarin,2 butir telur (55-60 gram dgn kulit),120 gram gula pasir ROSEBRAND, blender,55 gram tepung terigu sedang,1/4 sdt vanila,2 cubit garam,25 gram coklat bubuk,Secukupnya chocochip,55 gram margarin/mentega,70 gram gula ROSEBRAND, di blender,30 gram telur,2 cubit garam,1/2 sdt vanila,80 gram tepung terigu,1/4 sdt baking soda,50 gram chocochip","Lelehkan dcc dan margarin dengan cara tim. Angkat dan biarkan hangat.,Kocok telur, gula ROSEBRAND, garam dan vanila sampai gula larut, dengan menggunakan whisk.,Kemudian masukkan tepung dan coklat bubuk sambil di ayak. Aduk merata dengan menggunakan whisk. Lalu tuang lelehan dccnya. Aduk berlahan.,Olesi loyang dengan carlo dan alasi dengan baking paper. Tuang adonan merata ke dalam loyang, hentakkan. Taburi dengan almond dan sisihkan. Masukkan loyang ke dalam kulkas sebentar, agar set dan adonan cookies tidak tenggelam saat dituangkan.,Campur gula ROSEBRAND dan margarin, aduk dengan menggunakan whisk sampai lembut.,Kemudian masukkan telurnya, garam dan vanila, aduk merata.,Tuang tepung dan baking soda sambil di ayak, aduk merata.,Beri taburan chocochip, aduk merata.,Tuang adonan diatas permukaan adonan brownies.,Panaskan oven terlebih dahulu di suhu 180⁰C selama 10 menit, api atas bawah. Panggang adonan selama 25 -35 menit. Sesuaikan dengan oven masing-masing. Angkat. Biarkan suhu ruang dan potong sesuaikan selera."
kue,https://cookpad.com/id/resep/24830913,Bolu Ketan Hitam Viral,"3 butir Telur,85 gr Gula pasir,1 sdm SP,125 gr Tepung ketan,1/2 sdt Baking powder,40 gr Margarin,40 gr Minyak sayur,65 ml Santan instan (merk Santan Kara),160 gr cream cheese (merk spready),2 sdm kental manis","Campur semua bahan A mixer dengan kecepatan tinggi sampai adonan mengembang putih berjejak.,Masukan bahan B aduk dengan spatula hingga tercampur, kemudian masukan bahan C aduk-aduk pastikan sudah tercampur rata.,Untuk membuat isian campur cream cheese dan skm, aduk hingga rata (tips : jika kebanyakan skm isian bisa meleleh keluar ketika di kukus),Siapkan kukusan yang sudah di panaskann, tuangkan sebagian adonan ke dalam loyang, lalu kukus adonan tersebut,Jika sudah matang angkat sebentar untuk memasukan isian cream cheese tuang di bagian tengah atas kue, lalu timpa kembali dengan adonan.,Kemudian masukan lagi ke dalam kukusan tunggu hingga benar-benar matang, ditandai jika ditusuk dengan tusukan adonan tidak menempel. Selamat Mencoba 🙂"
kue,https://cookpad.com/id/resep/24900983,Kue lapis coklat vanilla,"800 ml santan,1 lembar daun pandan,1 sdt vanilli,250 g gula pasir,1/2 sdt garam,250 g tepung tapioka,125 tepung beras,15 g coklat bubuk,1 sdm coklat pasta, Pewarna putih/ saya skip","Rebus santan dengan gula pasir, vanilli,garam, daun pandan sampai mendidih, dinginkan Dan digunakan saat santannya benar2 sudah dingin ya.,Kemudian campur tepung kedalam santan aduk sampai tercampur rata. Setelah itu saring.,Setelah itu bagi adonan menjadi 2 sama rata, yang satunya tambahkan bubuk coklat Dan coklat pasta aduk sampai tercampur rata lalu sisihkan. Dan panaskan kukusan.,Siapkan loyang ukuran 20x20x4 cm lalu oles dengan minyak tipis²,tuang 100-105ml adonan warna coklat,kukus selama 4-5 menit,kemudian tuang adonan putih 100ml. Setelah layer coklat ditimpa layer putih,lakukan sampai adonan habis. Untuk layer terakhir kukus selama 20 -25 menit agar lebih tanak.,Setelah dingin keluarkan Dari loyang potong sesuai selera.,Kue lapis coklat siap di nikmati."
kue,https://cookpad.com/id/resep/24899870,Bika Ambon Gluten Free,"130 gram tepung tapioka ROSE BRAND,30 gram tepung beras ROSE BRAND,100 gram gula pasir,Secukupnya vanili susu La&#39;rome,1/4 sdt garam,1 sdt ragi instan,1 sdt gula pasir,50 ml air hangat,200 ml santan ROSE BRAND,1-2 batang serai,2-3 lembar daun jeruk buang tulang daunnya,1 ruas kunyit parut,1 lembar daun pandan,2 butir telur ayam,1 sdm margarin ROSE BRAND cairkan","Siapkan bahan-bahannya,masak santan, daun jeruk, daun pandan, serai yang sudah di geprek dan kunyit yang sudah di parut, saring, tunggu hingga uap panas hilang. Buat biang, campur air hangat, gula pasir dan ragi aduk rata,Dalam wadah tuang tepung beras rose brand, tepung tapioka rose brand, gula pasir, vanili susu La'rome dan garam aduk rata. Tuang santan yang sudah disaring aduk rata,Tambahkan kocokan telur aduk rata. Lelehkan margarin rose brand, jangan sampai mendidih. Tunggu hingga uap panas hilang,Tuang margarin rose brand yang sudah di lelehkan. Aduk hingga rata, resting adonan selama 60 menit,Setelah 60 menit, panaskan teflon, saya lapisi dengan wajan agar tidak gosong, tuang adonan tapi jangan sampai penuh masak hingga matang,Setelah atasnya set kuas dengan margarin rose brand dan balikkan sebentar posisi api sudah mati,Sajikan 🫰🏻"
kue,https://cookpad.com/id/resep/24901023,Bolu Ketan Lumer,"4 butir telur,120 gr gula pasir,1/2 sdt larome vanila cair,180 gr tepung ketan hitam,2 jumput garam,1/2 sdt baking powder,50 gr minyak sayur,50 gr palmia butter margarin lelehkan,65 gr santan kara,3/4 bungkus keju oles,2-3 sdm air (kalau suka skm silahkan ganti),2 tetes larome vanilla","Campur bahan isi aduk rata dan masukkan plastik segitiga.,Mikser bahan A sampai kental berjejak,Masukkan bahan B, aduk balik perlahan sampai rata. Lalu masukkan bahan C dan aduk kembali.,Panaskan kukusan, tuang setengah adonan, lalu kukus -+15 menit. Buat garis melingkar di adonan (sesuai loyang). Ambil tengahnya sedikit menggunakan sendok. Lalu isi dengan keju. Kemudian tuang sisa adonan, kukus kembali -+15-20 menit sampai matang. Pakai loyang uk 20 cm ya biar tinggi, ini adanya 23 cm jd pendek."
kue,https://cookpad.com/id/resep/24903304,Brownies Shiny Crust,"70 gr darck chocolate compound,5 gr margarine,50 ml minyak sayur,60 gr gula halus,1 butir telur,50 gr tepung terigu protein sedang,15 gr coklat bubuk, Topping: Almond secukupnya (sesuai selera)","Campur bahan A, lalu di tim hingga mencair, sisihkan.,Campur bahan B, aduk hingga gula larut,Tambahkan bahan A yg sdh dicairkan, aduk rata,Masukkan bahan C yg sudah diayak & aduk rata,Siapkan loyang, alasi dgn baking paper & oles mentega tipis2 saja, tuang adonan, tambahkan topping sesuai selera (me: akmond iris),Panaskan oven dgn suhu 180°C, masukkan loyang yg berisi adonan, panggang kurleb 20 menit ato sampai matang & terbentuk crust"
kue,https://cookpad.com/id/resep/24760669,798. 🧇Choco Cheese Chewy Brownies,"120 gr dark cooking chocolate,20 gr cokelat bubuk kualitas bagus,2 butir telur ukuran besar,150 gr gula pasir butiran halus,100 gr tepung protein rendah,20 gr susu bubuk 20,10 gr tepung maizena,secukupnya Choco chips &amp; keju parut","Siapkan semua bahan yang di gunakan.,Panaskan oven suhu 180 °C. 2. Lelehkan butter, panas-panas masukkan dark cooking chocolate, aduk-aduk sampai meleleh, sisihkan.,Kocok telur dan gula pasir sampai putih mengembang dengan mixer berkecepatan tinggi sekitar 5 menit. 
Matikan mixer. Masukkan tepung terigu, tepung maizena, susu bubuk, dan cokelat bubuk yang sudah diayak, aduk balik memakai spatula.,Tambahkan butter dan cokelat leleh, aduk kembali sampai rata.,Masukkan loyang kotak 20 x 20cm yang sudah dialasi kertas roti. Taburi topping suka-suka.,Oven selama sampai matang. Di sesuai kan dengan oven masing-masing.,Setelah matang, tunggu suhu ruang baru dipotong."
kue,https://cookpad.com/id/resep/24900784,Bolu ketan hitam keju,"120 g BOLA Deli Gula Halus,4 btr telur,1 sdt cake emulsifier,1 sdt vanilla cair,90 g BOLA Deli Tepung Ketan,40 g tepung ketan hitam,1 sdm coklat bubuk,1/2 sdt baking powder,60 ml santan,90 ml minyak goreng,30 g BOLA Deli Gula Halus,15 g BOLA Deli Tepung Ketan,150 g keju spread/ keju oles,1 btr telur,1/2 sdt vanilla cair","Campur bahan A lalu kocok sampai menental berjejak, masukan bahan B aduk rata, masukan bahan C aduk kembali sampai rata.,Tuang sedikit adonan dicetakan plastik yang sudah dipoles margarin, lalu kukus selama 5 menit.,Campur bahan cheese lalu aduk sampai tercampur rata, masukan dalam plastic segitiga, tuang diatas bolu yang sudah matang, tuang hingga setengah cetakan lalu timpa dengan adonan ketan sampai penuh.,Kukus kembali kue selama 10 menit atau hingga matang.,Setelah matang, buka kue dari cetakan lalu sajikan."
kue,https://cookpad.com/id/resep/24898535,Bolu Kukus Cokelat,"30 gram Coklat Bubuk,100 gram Tepung Terigu Serbaguna (10 sdm),1 sdt Baking Powder,1/2 sdt Vanili Bubuk,2 butir Telur,7 sdm Gula Pasir,Sejumput Garam,100 ml Air Hangat,1 sachet SKM Coklat,5 sdm Minyak Goreng,Secukupnya Margarin untuk olesan loyang,Secukupnya Chocochip","Siapkan bahan-bahan terlebih dahulu. Campurkan coklat bubuk, tepung terigu, baking powder dan vanili menjadi satu kemudian saring.,Dalam wadah lainnya, campurkan telur, gula dan garam. Kocok hingga gula larut, kemudian masukkan campuran tepung. Aduk hingga tercampur rata.,Larutkan SKM dengan air hangat, lalu tuangkan kedalam adonan. Aduk lagi hingga tercampur rata.,Beri minyak goreng kedalam adonan lalu aduk balik. Siapkan loyang yang sudah diolesi margarin, tuangkan adonan kedalam loyang lalu hentak-hentakkan agar tidak ada gelembung udara.,Beri taburan chocochip di atas adonan, lalu kukus sekitar 25 menit. Bisa dilakukan tes tusuk dengan lidi atau sumpit, jika tidak ada adonan yang menempel berarti sudah matang. Pindahkan bolu lalu sajikan. 🤗"
kue,https://cookpad.com/id/resep/24900658,KASTENGEL Gluten Free,"15 g BOLA Deli Gula Halus,150 g butter,1 btr telur,120 g BOLA Deli Tepung Beras,50 g BOLA Deli Tepung Ketan,25 BOLA Deli Tepung maizena,150 g keju cheddar parut,1 kuning telur,2 sdm minyak goreng,1 sdm kental manis putih,1 Batang Keju cheddar parut","Kocok bahan A sampai tercampur rata.,Masukan bahan B secara bertahap aduk sampai adonan bisa dibentuk.,Gilas adonan bentuk kotak, susun dalam loyang yang sudah dipoles margarin dan dialasi kertas roti.,Campur semua bahan polesan, poles diatas kue sampai rata lalu beri topping keju cheddar parut.,Oven kue selama 30 menit dengan suhu 150 derajat api atas bawah,Setelah matang, angkat kue dan dinginkan.,Simpan kastengel dalam toples kedap udara."
kue,https://cookpad.com/id/resep/24895807,Bolu susu kukus mesis,"2 butir telur,100 gr gula pasir,1/2 sdt sp,Secukupnya mesis coklat,100 gr tepung terigu,1/2 sdt baking powder,2 sdm susu bubuk coklat,50 ml susu uht,50 ml minyak goreng","Mixer dengan kecepatan tinggi, telur, gula dan sp hingga putih berjejak.,Turunkan kecepatan mixer terendah masukkan tepung terigu, susu bubuk coklat dan baking powder kemudian masukkan susu dan minyak goreng, aduk rata, matikan mixer.,Isi air pada kukusan biarkan mendidih, bungkus tutup kukusan dengan serbet bersih, olesi cetakan dengan sedikit minyak, masukkan adonan pada cetakan.,Tambahkan taburan coklat mesis. Kukus 15 menit dengan api sedang, matikan api, angkat.,Bolu coklat kukus mesis siap disajikan."
kue,https://cookpad.com/id/resep/24889608,Brownies ketan hitam choco chip,"2 butir telur,150 gr gula pasir,150 ml susu UHT,100 ml minyak sayur,100 gr tepung ketan hitam,70 gr tepung terigu pro rendah,30 gr coklat bubuk,1/2 sdt soda kue,1/2 sdt baking powder","Campurkan telur, gula pasir, susu UHT, dan minyak sayur aduk sampai tercampur rata,Tambahkan tepung ketan hitam, tepung terigu, coklat bubuk, soda kue dan baking powder, Aduk sampai adonan tercampur rata.,Siap disajikan.,Taburi cetakan dengan choco chip dan tuang adonan, kukus selama 10-15 menit (panaskan kukusan terlebih dahulu dan bungkus tutup kukusan dengan serbet). Angkat jika sudah matang."
kue,https://cookpad.com/id/resep/24879272,Bolu susu coklat kukus dcc,"2 butir telur,100 gr gula pasir,1/2 sdt sp,Secukupnya potongan coklat dcc,100 gr tepung terigu,1/2 sdt baking powder,2 sdm susu bubuk coklat,50 ml susu uht,50 ml minyak goreng","Mixer dengan kecepatan tinggi, telur, gula dan sp hingga putih berjejak.,Turunkan kecepatan mixer terendah masukkan tepung terigu, susu bubuk coklat dan baking powder kemudian masukkan susu dan minyak goreng, aduk rata, matikan mixer.,Isi air pada kukusan biarkan mendidih, bungkus tutup kukusan dengan serbet bersih, olesi cetakan dengan sedikit minyak, masukkan adonan pada cetakan.,Tambahkan potongan dcc (kukus 15 menit dengan api sedang), matikan api, angkat.,Bolu coklat kukus dcc siap disajikan."
kue,https://cookpad.com/id/resep/24903370,Bolu marmer coklat lumer,"5 butir telur,200 gr gula pasir,1/2 sdt sp,200 gr mentega cair,Secukupnya pasta coklat,Secukupnya selai coklat,200 gr tepung terigu,20 gr susu bubuk,1/2 sdt baking powder","Kocok gula, telur dan sp dengan speed kencang sampai mengembang kental berjejak,Turunkan ke speed paling pelan, masukkan bahan tepung yang sudah diayak.,Ambil beberapa sendok dari adonan, lalu tambahkan pasta coklat, aduk rata.,Masukkan 1/2 adonan ke dalam loyang, lalu masukkan adonan coklat, tambahkan pasta coklat. Lalu tuang adonan sisa ke loyang sampai habis.,Panggang sampai matang kurang lebih 30 menit"
kue,https://cookpad.com/id/resep/24903347,Kue Soes SP_Kitchen,"125 ml air,5 gram gula pasir,50 gram margarin (sy pakai blueband),75 gram tepung terigu protein sedang (segitiga biru),2 Butir telur","Dalam panci masukkan air + Gula + Margarin, masak hingga mendidih,Setelah mendidih, masukkan tepung terigu kemudian matikan kompor lalu aduk cepat tepung dalam didihan air margarin hingga adonan tercampur rata,Setelah tercampur rata, nyalakan kompor api kecil lalu aduk terus hingga agak padat. Matikan kompor lalu pindahkan adonan ke wadah lain dan dinginkan,Setelah adonan agak dingin, masukkan telur 1 persatu sambil di mixer cukup hingga tercampur rata. Kemudian masukkan dalam pipping bag, siap untuk dicetak dan di panggang,Bentuk2 pada wadah/talang lalu panggang di oven pada suhu 200 derajat selama 20 menit kemudian turunkan suhu ke 175 lanjut panggang selama 10-15 menit. (Total waktu pemanggangan selama 30-35 menit). Letakkan adonan kulit soes pada rak tengah oven,Setelah selesai, keluarkan dari oven lalu pindahkan ke cooling rak. Biarkan hingga dingin lalu semprit isian soes. (Saya pakai cream filling beli di toko oren)"
kue,https://cookpad.com/id/resep/24903297,104. Bolu Kukus Ketan Hitam," Bahan A :,5 butir telur ayam,175 gr gula pasir,1 sdt SP, Bahan B :,200 gram tepung ketan hitam, Bahan C :,100 ml minyak goreng,65 ml santan, Bahan D :, Keju oles,2 sdm SKM putih","Panaskan kukusan dengan api sedang. oles cetakan menggunakan minyak. Aduk rata bahan D. masukkan dalam piping bag.,Mixer bahan A sampai mengembang, kental berjejak selama 10 menit,Masukkan bahan B, aduk pelan dengan spatulla,Masukkan bahan C, aduk balik perlahan lahan.,Kukus setengah adonan selama 15 menit. Setelah 15 menit, masukkan keju oles dan sisa adonan. kukus kembali selama 20menit. Bolu siap di hidangkan"
kue,https://cookpad.com/id/resep/24900857,Moo Moo Roll Cake,"2 btr telur,45 gr gula pasir Rose Brand,45 gr tepung terigu pro rendah,1/2 sdt SP,8 gr tepung maizena Rose Brand,8 gr susu bubuk,70 gr margarin Rose Brand (cairkan),1 sdm coklat bubuk,50 gr whipping cream bubuk,100 ml air es","Campurkan telur, gula pasir, tepung maizena, SP, susu bubuk lalu mixer sampai kental berjejak.,Lalu masukan margarin cair, aduk rata, ambil 5 sdm adonan lalu tambahkan coklat bubuk, aduk rata.,Tuang acak dalam loyang yg sudah dialasi kertas baking lalu oven selama 10 menit.,Tuang adonan putih diatas nya, lalu oven sampai matang, kurleb 30 menit di suhu 180 dercel / sesuaikan oven masing2.,Kocok whippcream dan air es sampai mengembang.,Lepaskan kertas roti lalu olesi whippcream, gulung lali simpan di kulkas agar set, potong setelah dingin."
kue,https://cookpad.com/id/resep/24903237,Bolu Jerman Coklat Metode All In One,"6 butir Kuning telur,3 butir Putih telur,100 gram Mentega cair,100 gram Gula pasir,60 gram Tepung terigu,35 gram Maizena,25 gram Coklat bubuk,1/2 sdt SP,secukupnya Pasta coklat","Siapkan bahan. Campur telur dan gula dengan garpu hingga rata, sisihkan.,Ayak terigu, SP, coklat bubuk, dan maizena ke campuran telur-gula. Aduk sebentar, lalu mixer kecepatan tinggi 15 menit, rendah 5 menit.,Masukkan mentega cair sedikit demi sedikit, lanjut aduk balik hingga rata.,Tuang adonan ke loyang yang sudah dioles mentega dan ditaburi terigu tipis-tipis.,Panggang suhu 150°C selama 35-40 menit. Tes tusuk. Oven sudah dipanaskan terlebih dahulu.,Keluarkan dari loyang, sajikan."
kue,https://cookpad.com/id/resep/24386629,Brownies Burnt Cheese Cake Ekonomis,"175 gr DCC,45 gr margarin,75 gr gula pasir,1 butir telur,1/4 sdt vanilla cair,50 gr tepung terigu,15 gr coklat bubuk,200 gr keju oles,100 gr yoghurt original,60 gr gula pasir,1/2 sdt vanilla cair,2 butir telur,10 gr maizena","Lelehkan DCC dan margarin, sisihkan,Masukkan telur, gula dan vanilla dalam wadah, aduk sampai gula cair. Tuang campuran DCC dan margarin, aduk rata.,Tambahkan tepung terigu dan coklat bubuk sambil disaring, aduk sampai tercampur rata.,Siapkan loyang ukuran 20x10, olesi dengan margarin dan beri baking paper. Tuang adonan brownies, sisihkan.,Dalam wadah terpisah, masukkan keju oles, yoghurt dan gula, aduk hingga setengah tercampur, tambahkan telur dan vanilla,Aduk hingga tercampur rata, saring adonan agar tidak ada yang bergerindil. Tuang adonan ke atas brownies. Panggang ke dalam oven yang sudah dipanaskan sebelumnya, dengan suhu 190 derajat celciusselama 45 menit (sampai matang dan burnt), sesuaikan oven masing2.,Cek kematangan cheese cake, jika sudah matang, dinginkan dan simpan di chiller minimal selama 4 jam baru dipotong dan dihidangkan."
kue,https://cookpad.com/id/resep/24501299,Bolu Karamel Kukus," Bahan A :,200 gr gula Pasir,225 air panas,75 gr margarine,60 gr tepung terigu pro sedang,60 gr tepung tapioka,1/2 sdt Baking soda,1/2 sdt Baking powder,1 bungkus kecil Vanili Bubuk, Bahan C :,3 butir telur,1 sachet keci kental manis","Bahan A : Masak gula dengan api kecil sampai meleleh, setelah gula meleleh masukkan air panas sedikit demi sedikit sambil diaduk tambahkan margarine aduk kembali hingga meleleh, angkat dinginkan,Bahan C : Kocok telur dengan garpu sampai berbusa tambahkan kental manis & bahan B kedalam kocokan telur sambil diayak, aduk rata,Masukkan bahan A secara perlahan, aduk sampai semua tercampur rata,Oles loyang dengan margarine/minyak goreng dan taburi dengan tepung terigu tipis²,Tuang adonan ke dalam loyang sambil disaring supaya tdk ada adonan yg menggumpal,Masukkan kedalam kukusan yg sebelumnya sudah dipanaskan dengan api sedang, tutup kukusan lapisi dengan kain serbet,Kukus selama 30 menit/ sampai masak, lakukan tes tusuk, angkat dan dinginkan,Tunggu sampai benar² dingin baru di potong²"
kue,https://cookpad.com/id/resep/24902923,Kue ku anggur,"300 g BOLA Deli Tepung Beras Ketan,150 g ubi kukus, dihaluskan,10 g gula pasir,1/2 sdt vanilla essence,250 ml air hangat,200 g kacang hijau kupas,150 g gula pasir,250 ml air,1 sdt vanilla essence,6 lbr daun pandan,50 g butter,Secukupnya Pewarna ungu,Secukupnya Pewarna hijau,secukupnya Daun pisang,Secukupnya Minyak goreng","Rendam kacang hijau kupas selama 2 jam, kukus ± 20 menit setelah itu blender dengan air hingga halus.,Masak kacang hijau dengan gula, air, pandan, vanilla essence dan butter. Aduk rata dan masak hingga kental kemudian diamkan hingga dingin.,Bulat-bulatkan adonan kacang hijau (± 5 gram), lakukan sampai habis.,Campurkan semua bahan kulit, uleni sampai tidak lengket.,Ambil sedikit adonan, beri pewarna hijau, sisa adonan beri pewarna ungu.,Ambil adonan kulit 7 gram, isi dengan kacang hijau bulatkan adonan, lakukan hingga habis dan letakkan di atas daun pisang yang sudah dipoles dengan minyak goreng susun seperti buah anggur.,Bentuk daun adonan hijau, letakkan diatas kue ku anggur.,Kukus selama 10 menit, buka tutup kukusan setiap 3 menit sekali.,Angkat dan sajikan Kue Ang Ku."
kue,https://cookpad.com/id/resep/24902001,Bolu cokelat panggang,"3 butir telur,65 gr gula pasir,60 gr tepung terigu,20 gr cokelat bubuk tulip,10 gr maizena ROSE BRAND,1 SDM sp,50 gr mentega,25 gr minyak goreng,1 sachet SKM","Siapkan dan timbang bahan, cairkan mentega dan minyak goreng,Kocok telur dan gula pasir sampai setengah mengembang, lalu masukan bahan kering, mixer sampai tercampur rata. Lalu masukan SP, mixer sampai mengembang,Masukan bahan 4, aduk rata menggunakan spatula. Oles loyang dengan margarin lalu masukan adonan kemudian oven hingga matang, jangan lupa tes tusuk untuk memastikan bolu matang.,Siap di sajikan."
kue,https://cookpad.com/id/resep/24902885,Nagasari gulung,"150 g BOLA Deli Tepung Beras,30 g BOLA Deli Tepung Tapioka,50 g gula pasir,350 ml santan,1/2 sdt garam,Secukupnya Pisang raja / pisang kepok,Secukupnya Wijen hitam sangrai,Secukupnya Pewarna merah,Secukupnya Pewarna hijau","Campur bahan nagasari kecuali BOLA Deli Tepung Tapioka, aduk rata lalu masak hingga menggumpal dan kalis.,Tambahkan BOLA Deli Tepung Tapioka aduk hingga rata, bagi adonan menjadi 2 bagian satu bagian beri pewarna merah, satu bagian dibagi lagi menjadi 2 bagian, satu bagian beri warna hijau dan satunya biarkan putih.,Masukan masing-masing adonan ke dalam plastik segitiga.,Siapkan 1 lembar daun pisang, poles dengan sedikit minyak goreng, gunting adonan di unjungnya lalu tekan adonan merah diatas daun pisang hingga memanjang 10 cm sebanyak 6 lapisan, berseling dibawahnya tuang adonan putih sebanyak 2 lapisan dan bagian paling bawah tuang adonan hijau sebanyak 2 lapisan.,Beri pisang diatas adonan lalu digulung, lakukan hingga adonan habis.,Kukus adonan selama 10 menit hingga matang lalu beri wijen hitam di atas warna merah, sajikan."
kue,https://cookpad.com/id/resep/24902874,Bolu Keju Panggang lembut,"50 gr keju oles,50 ml susu uht,125 gr margarin,4 butir telur,125 gr gula pasir,1 sdt SP,secukupnya Vanili,150 gr tepung terigu,15 gr maizena,30 gr susu bubuk,1/2 sdt baking powder","Panas kan air kemudian Lelehkan keju + susu Uht, lalu masukan margarin sampai cair. Aduk rata hingga tercampur. Sisihkan,Mixer telur dan gula kemudian masukan SP,Mixer hingga putih berjejak,Masukan tepung terigu, susu bubuk, maizena, baking powder, vanili. Sedikit demi sedikit,Lalu masukan lelehan keju dll tadi. Aduk rata,Tuang ke dalam loyang yang sudah di olesi margarin dan taburan tepung terigu, bawahnya boleh di alasain baking paper,Masukkan oven yang sebelumnya sudah di panaskan, Oven di suhu 155°C dgn api atas bawah selama 45menit. Sesuaikan dgn oven masing².,Tes tusuk untuk mengetahui sudah matang atau belum."
kue,https://cookpad.com/id/resep/24902869,CHEESE CAKE (GLUTEN FREE),"100 g BOLA Deli Gula Halus,50 g BOLA Deli Tepung Beras,30 g BOLA Deli Tepung Ketan,20 g BOLA Deli Maizena,20 g susu bubuk,4 btr telur utuh,3 btr kuning telur,1 sdm cake emulsifier,1/2 sdt vanilla essens,100 g butter cair,300 g Rich Crème Whipcream siap pakai,250 g cream cheese,Secukupnya Simple syrup,Secukupnya Keju cheddar parut,Secukupnya Buah cherry","Campur semua bahan sponge jadi satu kecuali butter cair, lalu mixer hingga mengembang, tuang butter cair aduk rata.,Siapkan 2 buah loyang diameter 18 cm, poles margarin didasar loyang dan beri kertas roti.,Tuang adonan ke masing-masing loyang, ratakan dan oven dengan suhu 160 derajat selama 20 menit, angkat dan dinginkan.,Mixer semua bahan filling sampai tercampur rata, sisihkan.,Siapkan alas kue, beri sponge cake lalu siram simple syrup diatasnya lalu beri filling cream cheese dan taburan cheddar, tutup dengan sponge cake satunya lagi.,Tutup kue dengan cream cheese ke seluruh permukaan.,Taburkan cheddar parut dan hias dengan buah cherry."
kue,https://cookpad.com/id/resep/24902862,Chocolate Coffee Chiffon Cake (Tepung Gluten Free),"4 kuning telur,35 gr minyak sayur,70 ml susu cair,1/4 sdt vanili bubuk,2 jumput garam,60 gr tepung mocaf,10 gr tepung maizena,25 gr coklat bubuk,4 putih telur,1/2 sdm air jeruk nipis,40 gr gula pasir,30 gr gula kelapa organik,1/2 sdm pasta kopi (1sdt kopi bubuk+1sdt air panas),Secukupnya almond cincang (optional)","Siapkan semua bahan dan timbang sesuai takaran dalam resep. Campur tepung mocaf, tepung maizena, dan coklat bubuk, aduk rata. Panaskan oven suhu 150°C api atas bawah selama 15 menit. Alasi loyang dengan baking paper (loyang tidak perlu dioles).,Campur kuning telur, minyak, susu, vanili, aduk dengan whisk sampai tercampur rata. Masukkan campuran tepung sambil diayak, aduk rata. Sisihkan dulu.,Mixer kecepatan sedang putih telur dan air jeruk nipis sampai berbusa. Lalu masukkan gula bertahap sampai adonan mengembang dan berjambul. Ambil 1/3 adonan putih telur, masukkan ke dalam adonan kuning telur, aduk lipat sampai tercampur rata. Lalu masukkan adonan kuning telur ke adonan putih telur.,Tambahkan pasta kopi, aduk rata. Lalu masukkan almond (jika pakai) aduk sebentar. Tuang adonan chiffon ke dalam loyang, hentak-hentakan, kemudian panggang selama 50 menit, sesuaikan dengan oven yang dipakai.,Dinginkan (suhu ruang) dulu chiffon cake sebelum dikeluarkan dari loyang dan dipotong-potong."
kue,https://cookpad.com/id/resep/24665372,Fudgy Brownies Shiny Crust,"150 gr dark cooking chocolate/dcc,50 gr butter,50 gr minyak,2 butir telor,130 gula,1/2 sdt vanilla ekstrak,100 gr terigu pro sedang,25 gr coklat bubuk,1/2 sdt garam, Taburan: 30-50 gr mini choco chips","Dalam satu wadah, campur dcc, butter, minyak. Tim hingga coklat leleh, aduk hingga tercampur rata. Sisihkan. Dalam wadah lain, campur gula, telor, vanilla ekstrak. Kocok dengan mikser kecepatan rendah selama 4 menit atau hingga gula larut saja.,Masukkan campuran dcc, kocok dengan mikser kecepatan rendah sekitar 30-60 detik. Masukkan ayakan tepung terigu-coklat bubuk-garam,Masukkan ayakan tepung terigu-coklat bubuk-garam. Aduk rata menggunakan spatula. Tuang ke loyang yang sudah dialas kertas roti.,Tabur dengan mini choco chips. Panggang dalam oven dengan suhu 150°C selama 25-35 menit atau hingga matang. Keluarkan brownies dari loyang,Potong-potong sesuai selera. Brownies siap disajikan dan dinikmati."
kue,https://cookpad.com/id/resep/24907232,"Bolu labu kuning gula aren gluten free (tanpa sp, tanpa baking powder, tanpa baking soda)","250 gram labu kuning (berat setelah dikukus dan dihaluskan),150 gram tepung mocaf (bisa diganti tepung tiwul/ gaplek),1 sachet susu bubuk (sy: Etta goat milk),4 butir telur,120 gram gula aren (halus),1/2 sdt air jeruk nipis (pengganti vanili),100 ml coconut oil (bs diganti muk goreng kwalitas bagus)","Dalam wadah masukkan gula aren, telur, air jeruk nipis mixer dengan kecepatan tinggi sampai berjejak,Matikan mixer, masukkan tepung, susu bubuk lalu aduk pelan dengan spatula sampai rata. Aduk pelan agar adonan tidak menyusut.,Masukkan labu kukus aduk pelan sampai rata, terakhir masukkan minyak aduk pelan sampai rata dengan cara aduk balik agar tidak ada endapan minyak pada dasar wadah.,Panaskan oven, masukkan adonan dalam loyang yg sudah dialas kertas roti, bisa pakai 2 loyang ukuran 20*10 atau loyang tulban diameter 22. Panggang disuhu 170° api atas bawah selama 40 menit atau sampai matang. Bisa juga dikukus api sedang sampai matang. Terimakasih...Selamat mencoba🥰🙏🏻"
kue,https://cookpad.com/id/resep/24903167,Brownies Keju Karamel,"4 sdm gula pasir,4 sdm air,120 gr keju oles,3 sdm gula pasir,1/2 sdt vanili cair,2 butir telur,2 sdm tepung maizena,170 ml susu cair,70 ml minyak,1 bungkus brownis instan (aq pake merk haan),2 butir telur,50 gr minyak","Panaskan gula dgn api sedang tunggu hingga mencair sambil di putar sampe semua gulanya larut,Klo sdh larut kecilkan api tambahkan air sambil di aduk lalu tuang ke loyang (ini aq loyangnya kurang besar dikit ya jd nnti pake yg agak besar dr ini),Membuat Cheese : Masukkan keju oles,gula,telur,vanili aduk rata tambahkan susu,maizena,minyak aduk rata kembali lalu saring,Tuang ke atas karamel yg sdh set kukus kurleb 20 menit dgn api sedang cenderung kecil,Membuat Brownies : Masukkan telur,brownies instan dan minyak aduk rata,Tuang ke atas lapisan keju,kukus kurleb 40 menit/hingga matang"
kue,https://cookpad.com/id/resep/24883916,Donat Bintang Tiramisu Coklat,"260 gr tepung Terigu Protein Tinggi,30 gr tepung maizena ROSE BRAND,1 sdm margarin ROSE BRAND,1 btr telur,45 gr gula pasir ROSE BRAND,5 gr ragi instan (me: Fermipan),100 ml air es,40 gr margarin ROSE BRAND,1/2 sdt garam,secukupnya minyak goreng ROSE BRAND, Glaze rasa Tiramisu, Glaze rasa cokelat","Siapkan bowl masukkan tepung terigu, tepung maizena ROSE BRAND, susu bubuk,telur, gula pasir ROSE BRAND dan ragi. Aduk rata. Tuang air/susu cair sedikit demi sedikit sampai teksturnya pas. Uleni atau mixer sampai kalis.,Setelah adonan kalis, masukkan garam dan margarin ROSE BRAND. Uleni dengan mixer sampai elastis, cek window pane, jika adonan dibentangkan tipis, tidak mudah sobek, tandanya adonan telah siap.,Potong-potong dan timbang adonan per 35gr atau sesuaikan selera. Kemudian rounding atau bulatkan adonan hingga padat dan mulus, setelah semua selesai, tutup adonan dengan serbet bersih, diamkan selama 30 menit.,Setelah 30 menit, ambil satu adonan (urutkan dari yang pertama di rounding) beri tepung agar tidak lengket saat menggorengnya lalu tekan sedikit untuk membuang gas dalam adonan, gunakan cetakan bintang untuk membentukknya agar terlihat rapi. Letakkan adonan diatas kertas roti, agar mudah saat menggoreng nanti, lakukan sampai habis, tutup adonan dengan serbet bersih, Proofing selama ±40 menit (atau hingga mengembang 2x lipat),Setelah adonan siap, panaskan minyak ROSE BRAND di wajan agak besar, saat menggoreng minyak harus banyak dan panas, tetapi gunakan api kecil saja. Setelah minyak panas, masukkan satu persatu donat, goreng hingga kecoklatan, setelah satu sisi kecoklatan, balik, goreng kembali hingga kecoklatan, angkat dan tiriskan diatas kertas minyak atau tisu dapur, dinginkan.,Seelah dingin, beri topping glaze tiramisu diseluruh permukaan dan beei motif bulat bulat bersusun kemudian digaris menggunakan lidi dari tiap ujung bintang ketengah,,lakukan disemua sisi hingga motifnya berbentuk bunga."
kue,https://cookpad.com/id/resep/24883526,Cenil / klanting,"100 gr tapioka,100 gr tepung terigu protein rendah,1/4 sdt garam,135-150 ml air panas, Essens / pewarna makanan,100 gr gulmer,30 gr gula pasir,100 ml air,1 sdm maizena + 1 sdm air,1 lbr daun pandan,100 gr kelapa parut,Sejumput garam, Daun pandan","Taburan : kukus bahan taburan 10-15 menit.,Kinca : rebus gula merah,gula pasir dan air hingga larut&mendidih. Tuang larutan maizena. Aduk hingga mengental.,Cenil : campur bahan kering, lalu tuang air panas sedikit demi sedikit. Ulen hingga bisa dibentuk.,Bagi adonan jadi 3, beri warna merah,hijau,kuning. Aduk rata, lalu ambil sedikit adonan,pilin memanjang. Lakukan hingga habis,Didihkan air dan beri 1lbr daun pandan (ikat simpul). Masukkan cenil,masak hingga matang/mengapung. Tiriskan.,Penyajian =>> gulingkan cenil ke kelapa parut, siram kuah kinca."
kue,https://cookpad.com/id/resep/24907719,Bolu ketan hitam keju lumer,"70 gram keju prochiz spready,2 sdm kental manis,100 gr tepung ketan hitam,65 gr gula pasir / opsional,1/2 sdt sp,25 ml minyak goreng,2 sdm santan bubuk,Sejumput vanili bubuk,2 butir telor","Tuangkan gula pasir, telur dan sp lalu mixer dgn kecepatan tinggi 5-10 menit sampe putih kental berjejak,Masukan tepung ketan hitam, vanili bubuk, santan bubuk dan minyak goreng aduk balik dgn spatula,Panaskan kukusan, tutup panci di bungkus serbet bersih dan olesi cetakan dgn minyak goreng,Tuang adonan setengah cetakan, kukus selama 15 menit,Lalu beri adonan keju lumer di tengah,Tambahkan adonan lagi, hentak2 an supaya udara nya keluar,Kukus lagi selama 20 - 25 menit"
kue,https://cookpad.com/id/resep/24904659,Bolu Pandan Jadul Chocochip,"4 butir telur,1/2 sdt SP,80 gr gula halus, Diayak ;,80 gr tepung terigu,20 gr maizena,1/2 sdt garam,80 gr margarin, lelehkan,1/4 sdt pasta pandan,50 gr chocochip, tabur dengan sedikit tepung","Mixer telur gula dan SP hingga kental berjejak. Lalu masukkan ayakan tepung terigu maizena dan juga garam. Mixer cukup sebentar saja asal tercampur rata,Kalau masukkan lelehan margarin. Bisa pakai metode pancing. Aduk adonan dengan spatula lalu tambahkan pasta pandan dan aduk kembali. Tambahkan choco chip aduk rata. Sebenarnya choco chip diberi sedikit tepung supaya tidak tenggelam saat sudah matang,Siapkan loyangnya sudah di oles tipis dengan margarin atau di alasi dengan baking paper. Lalu oven adonan selama 25 menit dengan suhu 175 derajat celcius. Atau sesuaikan oven masing-masing. Jangan lupa dipanaskan dulu oven selama 10 menit. Setelah dingin baru dipotong-potong"
kue,https://cookpad.com/id/resep/24889367,Bolu Coklat Kukus,"100 gr tepung terigu protein sedang,100 gr gula pasir,30 gr coklat Van Houten,1 sachet skm coklat, resep aslinya 1 sachet skm putih,2 butir telur,1/2 sdt sp,1/2 sdt baking powder,Sedikit vanila cair,150 ml minyak goreng, Bahan Carlo/ oles loyang,1 sdm tepung terigu,1 sdm minyak goreng,1 sdm minyak goreng","Dalam wadah terpisah tepung terigu,coklat bubuk dan baking powder lalu ayak sisihkan,Dalam wadah, masukkan gula pasir, telur,sp dan vanila cair mixer hingga berjenjak putih,Tambahkan minyak goreng,susu, mixer dengan kecepatan rendah hingga merata,lalu tuang ke loyang yang sudah dioles karlo, ratakan,Sebelumnya sudah di panaskan panci kukusan,lalu masukkan,kukus selama 25-30 menit,gunakan api sedang cenderung kecil masak hingga matang dan penampakan bagian bawah,Sajikan"
kue,https://cookpad.com/id/resep/12550481,Raisin chocochip cookies 🍪,"350 gr terigu segitiga biru,100 gr coklat bubuk vanhouten,50 gr maizena,200 gr blue band cokies,100 gr butter,100 gr gula halus,50 gr palm sugar,3 btr kuning telur,1 sachet susu bubuk,1/2 sdt baking powder,secukupnya vanili,secukupnya kismis,secukupnya choco chip","Mixer semua gula, margarin, telur, vanili, juga butter, hingga tercampur rata aja, siap kan juga terigu yg telah dicampur dgn maizena, susu bubuk dn baking powder,Masukkan terigu dan coklat bubuk yg telah diayak beserta baking powder, masukkan secara bertahap,Terakhir masukkan choco chip dn kismis, aduk rata, siap di cetak,Ambil adonan dgn sendok kecil, beri jarak pada tiap adonan, panggang dlm oven yg telah dipanaskan hingga matang,sesuaikn dgn oven masing"" ya,Angkat dn angin""kan sebelum dimasukkan dlm toples...,Siap masukkn dlm toples"
kue,https://cookpad.com/id/resep/24888477,Bika Ambon Khas Medan,"50 gr tepung kunci,50 gr tepung ketan,175 gr tepung sagu/tapioka,6 gr ragi instan,250 ml santan kental,250 ml air,5 lembar daun jeruk,2 lembar daun pandan,1 batang serai (tambahan dr sy),1 gr kunyit bubuk,1 sdt garam,275-280 gr telur (kurleb 5 - 6 butir telur),225 gr gula pasir","Masak semua bahan cair hingga mendidih lalu diamkan hingga hangat,Ayak semua bahan kering lalu tuang sedikit demi sedikit dengan bahan cair tadi sambil di aduk rata sampai tidak ada yg bergerindil. Diamkan 15 menit hingga berbusa.,Setelah 15 menit, adonan akan berbuih / berbusa seperti ini.,Mixer telur dan gula pasir hingga mengembang dan kental, full speed selama 5 menit.,Masukkan bahan campuran santan dan tepung yg sudah didiamkan hingga berbusa tadi, sedikit demi sedikit. Aduk hingga rata.,Keplok² menggunakan balon whisk 15 menit, untuk membentuk gluten.,Diamkan 2-3 jam.,30 menit sebelum tepat 3jam, panaskan oven dan loyang (kosong-dioles minyak) di suhu 190°C api bawah,Setelah tepat 3 jam, metode panggang dlm oven : keluar kan loyang, lalu tuang adonan kedalam loyang.,Setelah adonan di tuang, panggang dlm oven dgn pintu sedikit dibuka (saya ganjal sendok -- pic 1) selama 50 menit dgn api bawah, rak bawah. Setelah 50 menit, pindahkan loyang ke rak tengah, turunkan suhu menjadi 170-175°C panggang lagi selama 35 menit api atas bawah dan pintu tertutup.,Keluarkan dari oven, dinginkan lalu potong-potong. 
Sajikan"
kue,https://cookpad.com/id/resep/24905381,Putu Ayu Pandan Wangi,"2 btr telur,200 gr gula pasir (me : 150 gr),200 gr tepung terigu,1 sdt SP,250 ml santan cair (Me : santan instan 65 ml + air),10 lbr daun suji + 10 lbr daun pandan,1 butir kelapa muda sedang (parut),Secukup nya garam,Secukup nya minyak goreng bagus","Kukus kelapa parut 15 menit tambahkan daun pandan,Oleskan cetakan kue putu dengan minyak bagus tipis2 saja,Blender daun pandan dan daun suji dengan sedikit air. Setelah halus, saring lalu campur dengan santan,Mixer telur, gula dan SP sampai putih mengembang,Turun kan speed mixer, masukan sedikit2 tepung terigu dan air daun+ santan.,Siapkan cetakan lalu masukan kelapa parut, tekan2 sampai padat.,Setelah cetakan diisi kelapa, masukan adonan memenuhi cetakan.,Siapkan kukusan dengan tutup di lapisi serbet. Tunggu sampai uap keluar banyak,Masukan cetakan ke dalam dandang dengan api cenderung kecil. Kukus 15 menit,Setelah 15 menit, buka kukusan, matikan api kompor. Angkat cetakan menggunakan capit. Angin2 kan tunggu sampai hangat baru lepaskan dr cetakan. Selamat makan!!"
kue,https://cookpad.com/id/resep/24903612,Donat maizena black forest,"250 gr terigu protein tinggi,10 gr bubuk coklat,40 gr maizena,1 sdt esens black forest,1 telor,45 gr gula,5 gr ragi,100 ml air es,40 gr margarin,1/2 sdt garam","Campurkan terigu,bubuk coklat dan maizena,Masukkan gula,ragi dan esens black forest,Masukkan air uleni sebentar, tambahkan margarin dan garam, uleni sampai kalis,Bulatkan adonan lalu tutup kain, diamkan 30 mnt,Setelah mengembang bentuk lobangi tengah nya,tutup lagi diamkan 45 mnt,Goreng dengan api kecil"
kue,https://cookpad.com/id/resep/24904875,Chiffon pandan loyang kertas,"6 kuning telor,1 sdk makan gula pasir,1/2 sdk teh garam,65 ml santan isntan (saya pakai 1 bgkus kecil merk sasa/kara),100 gr terigu,65 ml minyak sayur,3 tetes pasta pandan,1 tetes pasta coklat,100 gr gula pasir (saya pakai 90gr aja, ga suka manis),6 putih telor,1/2 sdk teh cream of tar tar atau di ganti 1 sdk makan air jeruk nipis,2 lotang kertas persegi ukuran 10x20x6cm","Di wadah A masukkan 6 kuning telor, 1 sdk mkn gulapasir, 65ml santan dan 65 ml minyak sayur, garam. Aduk2 sampai rata dsn tercampur lalu masukkan terigu.,Tambahkan 3 tetes pasta pandan dan 1 tetes pasta coklat. Aduk rata. Lalu sisihkan.,Di wadah B, mixer 1 menit 6 putih telor dan cream of tartar, sambil di tambahkan gula pasir. Mixer sd soft pick. (Ketika wadah dibalik adonan tidak tumpah),,Lalu masukkan adonan wadah B (putih telor) ke wadah A. Lalu aduk rata.,Tuang adonan ke 2 loyang kertas. Lalu oven.saya pakai oven tangkring sekitar 35 mnit. Api sedang,Sebelum diangkat pastikan dgn tes tusuk, disebut matang jika di tusukan sdh tidak ada adonan yg menempel.,Biarkan dingin, kue chiffon siap di potong utk di hidangkan"
kue,https://cookpad.com/id/resep/24904811,Lumpur surga,"3 butir telur,8 sdm gula pasir,150 ml santan cair (bisa 65 santan instan, tambah air 85ml),2 sdm tepung terigu,10 lembar pandan,100 ml air,400 ml santan cair (130ml santan kental, 270 air),1 sdm maizena,1 sdm tepung beras,2 sdm gula pasir,Sejumput garam","Blender pandan dan air, saring ambil airnya saja. Lalu sisihkan,Campur 3 telur, dan gula, aduk sampai rata dan gula larut (aduk menggunakan pengocok telur biasa, tidak perlu pakai mixer),Masukan tepung terigu, aduk rata,Masukan santan dan air pandan aduk sampai rata,Saring adonan agar hasilnya halus, lalu masukan ke cetakan,Kukus 10 menit, lalu sisihkan,Membuat Fla santan, campurkan seluruh bahan adonan fla santan,Saring adonan fla santan agar bersih dan halus,Masak dengan api sedang sampai mengental, sisihkan,Tambahkan fla ke atas bahan yang sudah di kukus,Tunggu hingga dingin, siap di hidangkan"
kue,https://cookpad.com/id/resep/24904743,Martabak Lumpia Telur,"2 lembar kulit lumpia,Secukupnya daun bawang,Secukupnya tauge,1 butir telur,Secukupnya Penyedap rasa dan garam,Secukupnya minyak","Kocok telur dengan menambahkan daun bawang dan tauge atau kol, bisa juga menambahkan sayur lain seperti bayam,Masukan garam dan penyedap rasa, aduk hingga tercampur merata,Tuangkan minyak pada PAN, taruh selembar kulit lumpia, lalu tuangkan telur dan sayur yang sudah tercampur, barulah nyalakan api,Timpa kembali dengan selembar kulit lumpia, tekan tekan agar menempel,Goreng hingga matang"
kue,https://cookpad.com/id/resep/24905122,Choc lava cake,"4 sdm terigu protein sedang,3 butir telur,1 sdt sp,1 sdm cokelat bubuk,1/2 sdm maizena,6 sdm gula pasir,100 gr coklat (jenis selai, dcc yg sdh di mix mentega),1/2 sdm susu bubuk,3 sdm susu cair,3 sdm minyak sayur","Saring tepung, coklat bubuk, maizena, susu bubuk,Mixer gula pasir, telur, sp, sampai kental,Mix tepung ke telur dg spatula bila dg mixer pake kecepatan rendah, lalu minyak, susu cair,Siapkan cetakan, olesi minyak ya, kukus 10 menit, (tips: lapisi tutup panci kukus dg kain, spy air tdk jatuh ke kue),masukkan 3/4 bagian cetakan, sisa adonan masukkan ke piping bag,Setelah 10 mnt, masukkan adonan yg di piping bag, memutar, sisakan lubang dibagian tengah, isikan selai coklat, tutup dengan adonan lg, kukus kembali 20 menit,Setelah itu diamkan biar set, dan pelan2 balik,Setelah kue dingin Cairkan sisa selai dg sedikit minyak, siramkan di atas kue, masukkan kulkas spy coklat set dan lbh cantik,,"
kue,https://cookpad.com/id/resep/24905782,Moringa Brownies (Brownies Daun Kelor),"62,5 gr dark chocolate cooking,62,5 gr white chocolate cooking,50 gr butter-margarine,60 gr minyak,1 sdm coklat bubuk,2 sdm daun kelor bubuk,2 butir telur,130 gr gula,1 sdt vanilla ekstrak,120 gr tepung terigu protein sedang,1/4 sdt garam,Secukupnya roasted pumpkin seeds dan chocolate chip, untuk taburan","Dalam satu wadah, tim dcc, wcc, butter-margarine, minyak, coklat bubuk dan daun kelor bubuk, aduk menggunakan spatula hingga coklat leleh dan tercampur rata, sisihkan. Dalam wadah berbeda, campur telur, gula dan vanilla ekstrak, aduk rata menggunakan whisk hingga gula larut saja sekitar 4 menit. Masukkan campuran coklat leleh, aduk rata menggunakan whisk selama 30 detik. Masukkan ayakan tepung terigu dan garam, aduk rata menggunakan spatula.,Tuang adonan ke loyang yang sudah dialas kertas roti, tabur dengan pumpkin seeds dan chocolate chip. Panggang dalam oven dengan suhu 150-160°C selama 25-35 menit.,Keluarkan dari oven, dinginkan di atas rak kawat. Potong-potong sesuai selera. Moringa Brownies siap disajikan dan dinikmati."
kue,https://cookpad.com/id/resep/24863954,Cookies Coklat BPJS,"1 butir telur,30 gr gula pasir,60 gr tepung terigu,1 sdm coklat bubuk,1 sdm susu bubuk","Pertama masukkan telur dan gula lalu kocok hingga telur tercampur dengan gula. Jika sudah masukkan coklat bubuk dan susu bubuk,Aduk hingga tercampur lalu tambahkan tepung terigu aduk lagi hingga tercampur rata,Sudah rata masukkan dalam papingbag, siapkan loyang untuk memanggang. Cetak dalam adonan dalam papingbag yang sudah di potong ujungnya (cetakan adoanan akan lebih cantik jika pakai spuit, katna saya lupa tatuknjd saya skip),Lalu panggang kurang labih 15 menit atau bisa di lihat bawahnya sudah tidak menempel dan kecoklatan gelap. Jika sudah matang angkat dan dinginkan simpan pada tempat kering dan rapat.,Kue kering bpjs siap dinikmati"
kue,https://cookpad.com/id/resep/24907255,Cookies Cokelat Kacang,"320 gram tepung terigu,30 gram tepung maizena,50 gram bubuk Cokelat,3/4 sdt baking powder,150 gram butter,150 gram margarine,250 gram gula pasir,1 sdt vannili,2 butir telur,250 gram kacang tanah panggang,30 gram susu bubuk cokelat,250 gram Dark Chocolate Cincang","Campurkan semua bahan A, aduk rata lalu ayak,Mix butter, margarin dan gula halus hingga pucat mengembang,Setelah rata, tambahkan Bahan A yang sudah diayak. Aduk kembali,Masukkan susu bubuk cokelat, DCc cincang, dan kacang tanah panggang. Aduk rataq,Panaskan oven di suhu 160°C kurang lebih 15 menit. Susun cookies dalam loyang, kemudian panggang selama 30 menit atau sesuai kan dengan oven masing-masing."
kue,https://cookpad.com/id/resep/24907243,Bolu jadul ndeso takaran gelas,"3 gelas belimbing tepung terigu,1.5 gelas belimbing gula,1 sdm Sp,35 ml susu full cream,5 butir telur,Secukupnya vanili,1 sacset susu dancow,3 sdm margarin cair","Mixer telur, gula, sp dan vinili sampai kental berjejak, lalu masukkan tepung terigu setahap demi setahap, dan terakhir masukkan margarin cair aduk balik,Siapkan loyang wonder pan yg sdh di oles karlo, lalu masukkan adonan,Lalu panaskan api 🔥kecil kl pinggiran sdh terlihat coklat berarti bolu jadul sdh matang,Dan bolu jadul siap di hidangkan,Dan bisa di potong2 bisa jg buat isian snack box atau cemilan santai,Happy cooking"
kue,https://cookpad.com/id/resep/24907488,Bika Ambon,"1 bungkus segitiga santan ROSE BRAND tambah air hingga 350 ml,1/3 sdt garam,1 lembar daun pandan,3 lembar daun jeruk,1 batang serai,1/2 sdt kunyit bubuk, (3 bahan terakhir kutambahkan karena ingin rasa bika ambon yang original),180 g gula pasir ROSE BRAND,3 butir telur,1 sachet SKM putih,150 g tapioka ROSE BRAND,70 g tepung terigu,1/2 sdt ragi instan,60 g margarin ROSE BRAND lelehkan, Bahan tambahan :,Secukupnya pasta pandan","Siapkan bahan. Rebus bahan A hingga mendidih (selama merebus harus terus diaduk agar santan tidak pecah).. biarkan hingga hangat.,Kocok lepas bahan B hingga gula pasir larut.. tambahkan SKM.. aduk hingga rata.. sisihkan.,Siapkan bahan C.. tambahkan bahan A kedalamnya.. aduk rata.. kemudian tambahkan pula bahan B kecampuran A + C.. aduk hingga rata. Masukkan margarin ROSE BRAND leleh.. aduk dengan balon whisk hingga benar-benar rata dan tidak bergerindil (saring bila perlu).,Bagi adonan menjadi 2 bagian.. 1 bagian tambahkan dengan pasta pandan.. aduk rata. Diamkan minimal 1 jam (kudiamkan hampir 2 jam).,Panaskan cetakan.. oles tipis dengan margarin.. tuang adonan dalam cetakan (jangan terlalu penuh).. tunggu hingga permukaan berpori.. lalu tutup.. masak hingga matang. Angkat dan hidangkan."
kue,https://cookpad.com/id/resep/24907401,Chocolate Cupcake,"2 sdt coklat bubuk,1 butir telur,2 sdm gula pasir,3 sdm minyak sayur,3 sdm tepung terigu, Chococip. Oreo","Campur semua bahan hingga rata dan tidak menggerindil,Masukkan adonan ke dalam cup dan tambahkan topping sesuai selera,Panaskan airfriyer terlebih dahulu selama 5 menit. Masukkan ke dalam air friyer. Panggang selama 10 menit dengan suhu 180°,Siap disajikan"
kue,https://cookpad.com/id/resep/24903254,Brownies Panggang,"150 gr DCC,40 gr margarine,40 ml minyak goreng,2 butir telur,150 gr gula pasir (sy blender dulu),100 gr tepung terigu protein sedang,35 gr coklat bubuk,secukupnya chocochips,secukupnya oreo,patah²kan","Tim bahan A sampai larut,sisihkan dulu.,Ayak & campur rata semua bahan C,sisihkan dulu.,Kocok bahan B sampai gula benar² larut.,Masukkan bahan A,aduk rata. Lanjut masukkan bahan C,aduk rata kembali.,Tuang adonan kedalam loyang yg sdh diolesi margarine tipis & dialasi baking paper. Beri toping chocochips & patahan oreo.,Panggang dlm oven yg sdh dipanaskan sblmnya selama 30 menit dgn suhu 180°C (utk waktu & suhu pemanggangan silakan sesuaikan dgn oven masing²).,Setelah matang,angkat & keluarkan dari loyang. Dinginkan,lalu potong² sesuai selera. Brownies nan manis legit siap disajikan!"
kue,https://cookpad.com/id/resep/24907321,Palm cheese cookies,"200 gr margarin ROSE BRAND,30 gr gula halus,30 gr susu bubuk,2 butir kuning telur,30 gr tepung maizena ROSE BRAND,250 gr tepung terigu protein rendah,75 gr keju parut,50 gr palm sugar","Siapkan semua bahan Campur margarin ROSE BRAND, gula dan kuning telur aduk rata,Saring dan Masukkan susu bubuk dan tepung maizena ROSE BRAND, aduk sampai rata lalu masukkan saring tepung terigu dan keju parut aduk dengan tangan sampai tercampur,Bulatkan 8gr lalu gulingkan diatas palm sugar sampai rata,Tata di nampan,Panggang 30 menit suhu 150⁰c tungku atas bawah,Keluarkan dr oven dan dinginkan baru masukkan stoples"
kue,https://cookpad.com/id/resep/24907265,Fudgy brownies,"300 gr DCC,100 gr butter,80 gr minyak,250 gr gula halus,4 butir telur,200 gram tepung kunci,25 gr bubuk kopi (optional)","Campur minyak, butter dan coklat, lelehkan dengan cara double boiler, kemudian sisihkan. Pastikan coklat meleleh sempurna.,Campur gula halus dan telur, aduk sampai gula larut sempurna.,Campurkan bahan A ke bahan B lalu masukan bahan C yang sudah di ayak, aduk sampai homogen. Tekstur adonan kental ya, kemudian tuang ke loyang.,Taburi dengan topping sesuka hati, kemudian panggang dalam pre heater oven 160•c selama 30 menit,Keluarkan dari oven, dinginkan, potong sesuai selera"
kue,https://cookpad.com/id/resep/24855623,Brownies kukus potong,"1 btr telur (saya pakai 2tlr),1 sdt sp,90 gr gula pasir,80 ml susu cair coklat(1sacet skm+air),80 gr terigu,1 sdm coklat bubuk,1/2 sdt baking powder,50 ml minyak, topping:,Secukupnya dcc dilelehkan lalu masukan ke plastik segitiga gunting ujungnya","Siapkan bahan.mixer speed tinggi gula,telur,dan sp sampai kental berjejak,Turunkan speed kepaling rendah,masukan terigu,coklat bubuk,baking powder selang seling dengan minyak dan susu cair.matikan mixer lalu aduk balik hingga rata.tuang ke loyang 20x20x4vm yang sudah dialas bakingpaper hentakan 2kali lalu kukus 25-30menit atau sampai matang.setelah matang keluarkan dari kukusan,Balikan cake biarkan suhu ruang lalu potong potong.beri topping sajikan"
kue,https://cookpad.com/id/resep/24467979,Fudgy Brownies,"100 gr dark chocolate,50 gr mentega (saya pakai margarin),1 butir telur,75 gr gula,50 gr tepung terigu,40 gr cocoa powder,1 jumput garam","Lelehkan mentega, masukkan DCC agar meleleh bersama,Siapkan gula dan telur, aduk rata hingga berbusa, masukkan lelehan DCC dgn mentega,Tamabhkan tepung terigu, bubuk coklat, dan sedikit garam. Aduk rata,Masukkan ke loyang 20x10, panggang dgn suhu 200° (tergantung oven masing-masing) selama 20-25 menit,Angkat, dan sajikan🤗"
pisang,https://cookpad.com/id/resep/24755843,Kue Kamir Pisang,"2 1/2 buah pisang ambon,100 gr gula aren organik,2 butir telur,50 gr mentega cair,300 ml susu full cream,250 gr tepung segitiga,1/2 sdt ragi instan,1/4 sdt garam","Lumatkan pisang ambon, lalu sisihkan terlebih dahulu,Kocok telur dan gula hingga larut menggunakan whisk, kemudian tambahkan ragi dan pisang ambon, aduk merata,Masukan tepung dan susu secara bergantian, lalu aduk rata. Lakukan hingga tepung dan susu habis,Tambahkan mentega cair dan garam, aduk hingga tercampur rata,Tutup wadah yang berisi adonan dengan kain bersih selama 1 jam, hingga adonan mengembang,Siapkan dan panaskan cetakan kue, aku pake cetakan kue apem, bisa pake cetakan kue lain yang kalian punya,Setelah cetakan panas, olesi dengan sedikit mentega untuk di awal saja agar tidak lengket,Masukkan adonan ke dalam cetakan 3/4 penuh, lalu tutup cetakan, masak dengan api sedang cenderung kecil,Jika kue sudah matang dan bagian tiap sisi kue sudah berwarna kecoklatan balik kue, masak sebentar hingga bagian atasnya juga berwarna kecoklatan,Angkat kue dan dinginkan sebelum dihidangkan,Nb : jika ingin di beri tambahan toping, bisa ditambahkan saat kue masih dalam keadaan setengah matang dan sedikit di tekan agar toping tidak lepas"
pisang,https://cookpad.com/id/resep/24755394,803. Steam Banana Chocochip Cup Cakes,"200 gram pisang matang tanpa kulit,1 butir telur,140 gram gula,130 ml susu UHT,45 gram minyak,250 gram terigu pro sedang,1 sdt baking powder,1 sdt soda kue,1/4 sdt kayumanis bubuk,1/8 sdt garam,50 gram chocochip","Hangatkan susu, masukkan gula,dan kocok hingga larut, sisihkan,Timbang pisang tanpa kulit, haluskan dengan garpu,Satukan bahan kering, ayak, sisihkan,Kocok telur dalam baskom,Tambahkan pisang, kocok rata,Masukkan bahan kering bergantian dengan campuran susu+gula,Tambahkan vanila pasta+minyak, cocok rata, lalu tambahkan sebagian chocochip,sisakan sedikit untuk topping,Aduk merata lalu tuang di cetakan yang sudah dilapis papper cup, beri toping sisa chocochip,Panaskan kukusan hingga beruap, lalu masukkan adonan, kukus 20 menit, taraaa....wangi n so yummy"
pisang,https://cookpad.com/id/resep/24756143,"Bolu pisang panggang (free gluten, free pengembang)","250 gram pisang apa aja yg sudah mateng banget haluskan (berat setelah dihaluskan),120 gram gula pasir,4 butir telur,175 gram tepung mocaf (me : mocafine),1 sachet susu bubuk (me: Etta goat milk),125 gram anchor unsalted butter (lelehkan)","Siapkan wadah lalu masukkan bahan kering (susu bubuk dan tepung) aduk rata.,Dalam wadah lain masukkan telur dan gula lalu mixer, dengan kecepatan rendah bertahap ke kecepatan tinggi kurang lebih 15 menit, atau sampai adonan putih berjejak.,Matikan mixer masukkan bahan kering aduk balik perlahan menggunakan spatula sampai rata, kemudian masukkan pisang aduk rata (jangan over aduknya dan aduk pakai spatula, biar adonan tdk bantet).,Terakhir masukkan butter yang sudah dilelehkan.. Aduk perlahan sampai rata. Siapkan loyang ukuran diameter 20 yang sudah dioles dengan butter dan taburi tepung, tuang adonan. Taburi atasnya dengan topping sesuai selera (me : almond slice),Panggang adonan dalam oven yang sudah dipanaskan selama 45 menit atau sampai matang (tes tusuk dengan lidi, jika tidak lengket pada lidi tanda kue sudah matang). Angkat keluarkan dari loyang.,Bolu pisang tetap moist dan gembul meskipun tidak pakai pengembang. Selamat mencoba🥰🙏🏻"
pisang,https://cookpad.com/id/resep/24758019,Bolu Pisang Tanpa Mixer,"3 buah pisang matang (hancurin pake garpu),2 butir telur,7 sdm gula pasir,11 sdm tepung terigu,10 sdm minyak goreng,1/2 sdt baking soda,2 sdm susu bubuk,secukupnya Vanili esens","Aduk-aduk dua telur dan gula pasir sampai gulanya halus dan menyatu.,Tambahkan pisang yang sudah dihancurkan dengan garpu. Aduk-aduk.,Tambahkan terigu, susu, baking soda. Aduk-aduk sampe bener-bener menyatu.,Tambahkan minyak goreng, Aduk-aduk lagi. 

Nah sebelum semua ini, kita udah siapin kukusan dan dipanaskan ya, 😁,Adonan yang sudah jadi tuang semua ke loyang, kukus sampai benar-benar matang. Kira - kira 30 -45 menit.,Setelah matang, angkat dan sajikan dengan secangkir cokelat hangat 😋"
pisang,https://cookpad.com/id/resep/24757198,Bolu pisang kukus,"400 gram pisang matang,4 butir telur,150 gram gula pasir,200 gram tepung terigu protein sedang,30 gram susu bubuk,1/2 sdt pasta vanila/bubuk vanili,1 sdt baking soda,1/4 sdt garam,100 ml minyak goreng","Lumatkan pisang kemudian kocok telur dan gula pasir sampai gula larut.,Setelah larut masukkan pasta vanila/vanili bubuk dan pisang yang sudah dilumatkan. Aduk rata.,Tuangkan bahan kering seperti tepung terigu, susu bubuk, garam dan baking soda (diayak agar tidak ada yang bergerindil), aduk rata memakai spatula.,Kemudian yang terakhir masukkan minyak goreng dengan cara aduk balik.,Tuang adonan kedalam loyang ukuran diameter 18cm tinggi 7cm yang sudah dioles minyak goreng.,Kukus selama ± 35 menit atau hingga matang dengan cara tes tusuk dengan tusuk gigi. Kalau tidak ada adonan yang menempel, tandanya bolu sudah matang.,Jika sudah matang bolu pisang kukus siap dihidangkan"
pisang,https://cookpad.com/id/resep/24757801,Pisang geprek karamel,"2 pisang,3 sdm Gula, Minyak untuk menggoreng pisang","Potong pisang mentah kecil² kemudian kukus sebentar, jangan sampai kematangan,Setelah ½ matang kemudian geprek,Setelah semua selesai di geprek goreng sampai kering pisang tadi,Setelah selesai digoreng sisihkan, buat karamel dengan masukan 3 sdm gula pasir kedalam sisa minyak goreng tadi masak hingga menjadi karamel setelah jadi karamel masukan pisang tadi, ratakan dan selesai selamat menikmati"
pisang,https://cookpad.com/id/resep/24769452,Pisang Bakar Coklat Keju,"8 bh pisang kepok matang,secukupnya Margarin,secukupnya Keju parut,secukupnya SKM,1 sdt coklat bubuk,2 sdm meses coklat,1 sdt gula pasir","Siapkan bahan-bahan taburan coklat. Campur dalam satu mangkok. Aduk rata. Sisihkan.,Kupas pisang kepok. Belah dua tidak terputus. Pisang siap dibakar. Sisihkan.,Panaskan margarin/mentega pada teflon. Gunakan api kecil. Panggang pisang kepok. Olesi mentega merata di kedua sisinya.,Balik pisang bila sudah matang kecoklatan. Begitu juga sebaliknya. Angkat. Letakkan di piring saji.,Penyajian : letakkan pisang bakar di piring saji. Potong-potong pisang agar mudah dimakan. Taburi dengan campuran taburan coklat yang sudah dibuat tadi. Beri SKM secukupnya, atas beri taburan keju parut.,Pisang bakar coklat keju siap disajikan. Selamat mencoba."
pisang,https://cookpad.com/id/resep/24755484,Pisang Kepok Kukus,1/2 sisir Pisang Kepok / Kapas,"Pisahkan pisang dari bonggolnya, cuci bersih.,Kukus pisang dalam panci kukus selama 15 menit, sampai matang.,Dinginkan pada suhu ruang dan sajikan."
pisang,https://cookpad.com/id/resep/24753454,136. Banana Tea Cake,"200 gr gula pasir,1 sdt SP,4 butir telur,225 gr tepung protein sedang,1 tsp garam,1 tsp vanili bubuk,1 tsp baking powder,1 tsp baking soda,1 tsp bubuk kayu manis,125 gr butter (cairkan),2 sdm SKM,30 ml pasta teh (teh seduh air panas),6 buah pisang raja (lumatkan),Secukupnya pisang iris,Secukupnya Chocochip","Siapkan pasta teh terlebih dahulu, Lalu mixer bahan A sampai kental dan mengembang,Dalam wadah lain campur semua bahan B aduk rata sisihkan,Setelah itu masukkan Bahan D, mixer sebentar asal tercampur,Setelah itu masukkan Bahan B yang sudah dicampur jadi 1 dengan cara bertahap dan diayak, mixer sebentar masukkan Chocochip mixer kembali sebentar saja asal tercampur,Setelah itu masukkan bahan C, aduk dengan spatulla dengan teknik lipat balik, aduk rata sampai tidak ada endapan minyak dibawahnya,Setelah itu panaskan oven selama 5 menit disuhu 170°C api atas bawah, siapkan juga loyang yang sudah diolesi margarin dan baking paper, tuang adonan kedalam loyang hentakan 3x lalu oven selama 10 menit, keluarkan dari oven beri topping lalu oven kembali 30 menit,Banana tea cake siap disajikan"
pisang,https://cookpad.com/id/resep/24764585,Bolkus Pisang Gluten Free," Bahan kering:,70 gr tepung beras,20 gr tepung tapioka,10 gr tepung maizena,1/4 sdt baking powder,1/2 sdt baking soda,1/2-1 sdt bubuk kayumanis, Bahan basah:,200 gr pisang yang sudah matang,2 butir telur,30 gr minyak kelapa,20 gr madu,Sejumput garam","Campur semua bahan kering lalu ayak,Haluskan pisang menggunakan garpu, tambahkan telur, minyak kelapa, madu, dan garam, aduk sampai tercampur rata.,Masukkan bahan kering, aduk perlahan sampai rata, jangan over mix.,Masukkan adonan dalam cetakan yang sudah dioles minyak. Kukus 10-15 menit atau sampai matang.,Siap disajikan."
pisang,https://cookpad.com/id/resep/24763176,Brownies Pisang Kukus,"1 butir telur,1/4 sdt sp,1/2 sdt vanili cair,6 sdm gula pasir,2 bungkus bubuk minuman coklat,20 gram DCC,100 ml air panas,50 ml minyak goreng,1/2 sdm margarin,150 gram tepung terigu,15 gram susu bubuk,1/4 sdt baking powder,1/4 sdt baking soda,200 gram pisang, ini berat sudah tanpa kulit,Secukupnya Chocochips,Secukupnya glaze strawberry dan WCC leleh","Pertama siapkan Bahan C. Sisihkan dahulu.,Lalu siapkan Bahan B, sisihkan juga.,Kocok Bahan A dengan mixer cukup sampai putih kental saja.,Lalu masukkan larutan Bahan B. Mixer sebentar saja.,Kemudian masukkan Bahan C secara bertahap, tepung terigu, susu bubuk, baking powder dan baking soda masuk di awal. Mixer sebentar asal tercampur rata.,Kemudian masukkan pisang yang sudah dihaluskan. Mixer kembali sampai benar-benar tercampur rata. Tambahkan chocochips jika suka.,Siapkan loyang. Olesi dengan margarin tipis-tipis. Tuang adonan ke loyang. Lalu kukus selama 30 menit di api kecil. Setelah matang, angkat.,Tunggu uap panasnya hilang. Lalu keluarkan dari loyang. Anginkan sebentar.,Setelah cake agak dingin, beri toping glaze strawberry dan WCC leleh. Atau sesuai selera. Lalu taburi chocochips di atasnya. Siap untuk dinikmati."
pisang,https://cookpad.com/id/resep/24750948,Pisang Goreng Saus Keju,"6 buah pisang,3 sdm tepung terigu,1 sdm susu bubuk,100 ml susu cair,2 sdm gula pasir,1/2 sdt vanili bubuk,50 gr keju quickmelt,100 ml susu cair,1/2 sdm maizena, larutan dengan 1sdm air","Larutkan gula dengan air. Tambahkan tepung, susu bubuk dan vanili bubuk. Tuang susu cair. Aduk hingga larut.,Siapkan pisang. Belah pisang tapi jangan sampai putus.,Celupkan pisang ke dalam adonan basah, lalu goreng hingga kekuningan.,Saus Keju: Siapkan Keju, tuang susu, aduk hingga tercampur.,Panaskan susu hingga sedikit berbuih di pinggir panci. Tuang larutan maizena. Aduk supaya mengental.,Pisang goreng saus Keju siap disajikan."
pisang,https://cookpad.com/id/resep/24750330,Godok Godok Pisang Keju,"180 gram pisang matang tanpa kulit (bebas pakai pisang apa saja, kalo ada yang sudah sangat matang),100 gram tepung terigu protein sedang,1 sdm susu bubuk,40 gram keju, parut,1 sdm gula pasir,1/4 sdt soda kue,Sejumput garam","Haluskan pisang, saya sengaja tidak terlalu halus menghaluskannya.,Tambahkan tepung terigu, susu bubuk, keju parut, soda kue, dan garam. Aduk rata. Diamkan adonan selama 30-60 menit. Jangan lupa adonan ditutup supaya tidak kering.,Panaskan minyak goreng, ambil sesendok adonan, masukkan ke dalam minyak dengan bantuan sendok, goreng dengan api kecil hingga matang kecoklatan."
pisang,https://cookpad.com/id/resep/24764703,Pisang Plenet Suju,"4 buah pisang pipit,125 ml susu uht,3 sdt gula pasir,1 sdm keju parut,1 sdt maizena,secukupnya Keju parut","Siap kan pisang,, panaskan susu yg sudah di beri gula dan maizena, jika mulai mengental masukan keju aduk rata angkat,Panaskan trglon beri sedikit mentega masukan pisang. Bakar sampai kecokelatan. Balik pisang nya.,Plenyet pisang pkai sendong biar agk pipih,, tata di piring, guyur fla beri toping keju parut.. Siap di santap.. Yummyy.. 👌😍"
pisang,https://cookpad.com/id/resep/24764678,Kue Pisang Kukus,"3 buah Pisang jantan atau pisang lilin atau pisang ambon yang matang,5 sendok makan kacang arab,1 butir telur,1 ujung sendok  butter","Masukkan terlebih dahulu kacang arab kedalam blender,Tambahkan pisang 3 buah,Tambahkan telur,Tambahkan butter,Blender semua bahan hingga halus,Masukkan ke dalam cetakan,Kukus dengan api sedang selama 25-30 menit,Kue siap disantap,Jangan lupa membaca doa Sebelum makan ya"
pisang,https://cookpad.com/id/resep/24677877,Banana Cheesecake Gluten Free (egless)," 🍌 lapisan Pisang, Bahan A :,300 gr pisang matang (octa pakek Pisang kepok yang ada stoknya di kulkas)Haluskan dengan garpu atau blender, 🍌 Bahan B :,120 gr gula palm,65 ml santan kental,115 ml minyak goreng, 🍌 Bahan C : campur rata,150 gr tepung beras,50 gr tepung maizena,30 gram susu bubuk full cream,1 sdt speakuk,Sejumput garam,1 sdt baking soda,1 sdt baking powder,1/2 sdt vanili bubuk, 🧀Lapisan cream cheese,100 gr keju oles,2 sdm gula halus,2 sdm air matang,1 sdm tepung beras","Siapkan bahan,Dalam Bowl, campur bahan B lapisan pisang, aduk rata,Masukkan bahan A dan bahan C aduk rata,Tuang sebagian ke dalam cetakan yang sudah di olesi tipis minyak goreng, kukus selama 10 menit,Sambil menunggu lapisan pisang matang, Kuta buat lapisan cheese: campur keju oles dengan gula halus, kocok dengan balon whisk hingga rata, tambahkan 2 sdm air matang, aduk hingga tercampur rata,Masukkan tepung beras aduk kembali hingga rata dan licin,Tuang di atas lapisan pisang, ratakan. Kemudian tuang sisa adonan lapisan pisang, kukus kembali selama 15-20 menit dengan api sedang,Angkat dan keluarkan dari cetakan,Setelah dingin, potong-potong dan sajikan,Enjoy😊& Happy baking Mommy's 🤎🧡"
pisang,https://cookpad.com/id/resep/24756823,Banana Custard Pudding,"2 buah pisang raja,150 ml susu UHT,2 butir telur,1 jumput garam,1 sdt brown sugar","Larutkan susu UHT, telur, garam, dan brown sugar. Kocok hingga merata,Iris pisang lalu letakkan pada alumunium foil tray (kode : RR603). Tambahkan raisin, dan tuangkan larutan susu,Panggang selama 35 menit dengan suhu 190° (sesuaikan oven masing-masing),Matang dan sajikan 🤗"
pisang,https://cookpad.com/id/resep/24761450,Es Pisang Ijo,"5 bh pisang raja,6 sdm tepung terigu,6 Sdm tepung beras,2 Sdm gula pasir,1/2 sdt garam,1 Sdm margarin,250 Gr santan,2 tetes pasta pandan,5 Sdm tepung beras,500 ml santan,1/4 sdt garam,2 Lbr daun pandan,secukupnya Sirup frambos,secukupnya Es batu,50 Gr keju parut,sesuai selera Skm","Kukus pisang selama 10 menit, sisihkan,Campur jadi satu bahan kulit kecuali margarin, aduk rata kemudian saring,Tuang ke dalam teflon, panaskan dengan api kecil, aduk2 hingga mengental dan kalis kemudian matikan api,Tambahkan margarin, aduk2 hingga tercampur rata. Bagi adonan sesuai jumlah pisang.,Pipihkan adonan taruh pisang yang sudah dikupas di dalamnya kemudian gulung dan rekatkan ujung-ujungnya.lakukan hingga adonan habis,Kemudian kukus selama 15 menit dan biarkan dingin.,Untuk membuat bubur sumsum campur semua adonan, aduk hingga rata kemudian panaskan dengan api yang kecil, aduk2 terus hingga adonan mengental dan meletup-letup. Matikan api.,Sajikan es pisang ijo dengan bubur sumsum ditambah es batu dan disiram sirup frambos serta skm diberi toping keju..uhm yummy...atau kalau mau dijual juga bisa dikemas di thinwall bening"
pisang,https://cookpad.com/id/resep/24764164,Pisang Bakar Teflon,"1 sisir pisang kepok,Secukupnya margarin,Secukupnya kental manis putih,Secukupnya keju cheddar parut","Panaskan teflon, beri sedikit margarin, masukkan pisang yg sudah di kupas, bolak balik sisinya hingga matang merata kecoklatan,Tata di piring, beri kental manis dan parutan keju, sajikan hangat 🤤"
pisang,https://cookpad.com/id/resep/24764056,Nagasari Pisang hijau,"3 buah pisang (lilin /kepok, sesuai selera),120 gr tepung terigu,70 gr tepung tapioka rose brand,80 gr gula pasir Rose brand,1,5 bungkus santan rose brand @65 ml (100ml)+250 ml air,1/2 ;sdt garam,Secukupnya vanili,Secukupnya Pewarna pandan,Secukupnya minyak rose brand","Siapkan bahan, potong pisang,Campurkan tepung terigu, tepung tapioka rose brand, gula pasir rose brand, garam, campuran santan rose dan vanilli.,Aduk rata sampai tidak ada yang menggerindil., tambah pasta pandan, aduk lagi,Panaskan kukusan sampai air mendidih dan beruap. Olesi tipis-tipis cetakan dengan minyak goreng rose brand. Tata pisang dicetakan,Tuang sedikit adonan di atas pisang. Lalu letakkan 1 potongan pisang lagi kemudian tuang kembali secukupnya adonan. Setelah itu kukus kurang lebih 20 menit sampai matang.
(Jangan lupa tutup kukusannya dilapisi serbet bersih.),Setelah matang, angkat dan diamkan di suhu ruang sampai uap panasnya hilang, baru keluarkan nagasari dari cetakan. Siap disajikan."
pisang,https://cookpad.com/id/resep/24765621,Keripik Pisang #235,"15 sisir pisang (sobopepet),100 gr gula pasir,1/2 liter minyak goreng","Kupas kulit pisang, lalu iris tipis.,Rebus gula dengan 100 ml air, sisihkan.,Panaskan minyak, goreng pisang hingga kering. Lalu masukkan air gula. Tunggu hingga pisang keemasan. Angkat tiriskan.,Sajikan."
pisang,https://cookpad.com/id/resep/24764967,Pisang Goreng Mocaf Keju Wijen,"6 buah pisang kepok yang sudah tua,6 sdm tepung mocaf lokal,1 sdm tepung maizena,150 ml air minum,2 sdm margarin Rose Brand,2 sdm gula pasir,2 sdm keju cheddar parut,1 sachet susu bubuk instant putih,1 sdm wijen putih,Secukupnya minyak goreng Rose Brand,Secukupnya keju parut,Secukupnya coklat mises","Siapkan bahan-bahannya.,Parut keju cheddar, cuci biji wijen dan saring, tiriskan,Kupas dan potong-potong pisang kepok memanjang. Campur di wadah : air, tepung mocaf, gula pasir, tepung maizena, susu bubuk, margarin, aduk rata. Tambahkan pisang, keju parut, wijen. Aduk rata,Panaskan wajan dan tuang minyak goreng, goreng adonan diatas minyak terendam dan panas. Gunakan api sedang,Goreng hingga matang dan cukup satu kali balik. Angkat dan tiriskan. Sajikan dengan topping keju parut dan coklat mises"
pisang,https://cookpad.com/id/resep/24773481,Pisang goreng crispy keju mesissceres terenak,"14 pisang lilin / pisang pilihan kamu (belah dua),11 sdm Tepung terigu (170gr),2 sdm Tepung beras,1 sdm Gula,1 sdm Susu bubuk (optional),5 gr baking powder,secukupnya Garam,300 ml Air putih,secukupnya Keju,secukupnya Mesis,secukupnya SKM","Campur semua bahan jadi satu,Jangan lupa kasih baking powder,Masukkan air putih, aduk hingga tercampur rata. Konsistensi kurang lebih seperti ini ⤵️ tidak cair, tidak juga kental.,Panaskan minyak secukupnya, goreng hingga adonan habis. Insya Allah masih tersisa tepung basah nya, bisa di tambah lagi potongan pisang nya.,Susun di piring cantik, beri skm secukupnya. Kemudian parut keju & taburi mesis :) yummmm selamat menikmati 🫶🏻"
pisang,https://cookpad.com/id/resep/24778103,Bolu pisang ala mamak gabut,"4 buah pisang yg sudah matang,4 butir telur,5 sdm gula pasir,12 sdm tepung terigu,10 sdm margarin cair(bisa pake minyak juga ya. Pilih aja salah satu.),secukupnya Vanili,1/2 sdt baking soda","Haluskan pisang hingga halus. Disini saya pake garpu ya. Kalo mau agak halus juga gpp. Semua tergantung selera. Jika sudah halus, sisihkan pisang.,Di wadah lain, masukkan telur dan gula. Aduk hingga gula larut.,Jika sudah larut, masukkan pisang yang tadi sudah dihaluskan dan aduk rata.,Tuang terigu sedikit demi sedikit (bisa sambil di ayak ya). Aduk rata,Masukkan garam, vanili dan baking soda. Aduk kembali dan tambahkan minyak/margarin cair.,Panaskan kukusan. Sambil menunggu panas, olesi cetakan dengan minyak, kemudian tuang adonan ke dalam cetakan.,Jika sudah panas, masukkan adonan dan kukus -/+ 40 menit.,Jika sudah 40 menit, bisa di tusuk sedikit untuk memastikan bagian dalam masih basah/tidak. Jika sudah kering, matikan kompor dan tuang bolu ke piring. Bolu pisang siap disajikan.."
pisang,https://cookpad.com/id/resep/17061295,Pukis Pisang keju susu,"1 sdm Terigu,1 sdm Gula pasir,1 sdt Ragi,50 ml Air hangat,300 terigu,120 gr gula pasir,250 ml santan (1 Bks kara @65ml + air hangat),2 buah pisang raja serai,2 butir telur,1 saset susu dancaw,1 sdt vanila bubuk,1 sdt garam,100 gr margarin, dicairkan,Secukupnya Messes coklat dan keju parut","Siapkan alat dan bahan :,Buat biang: campur dan aduk semua bahan biang hingga rata. Diamkan selama 10 menit hingga berbuih dan mengembang.,Haluskan pisang, tambahkan santan dan dancaw, aduk rata.,Kocok telur bersama gula hingga gula larut. Tambahkan garam, aduk rata.,Masukkan adonan pisang ke dalam adonan telur, aduk rata.,Tambahkan biang ke dalam adonan.aduk rata.,Masukkan bahan kering (tepung & vanili) sambil diayak. Aduk rata.,Tambahkan margarine cair,aduk rata.,Diamkan adonan selama 30-45 menit hingga adonan mengembang. Adonan siap dicetak.,Panaskan cetakan pukis dengan api kecil ke sedang (untuk cetakan teflon menurut saya tidak perlu dioles dengan minyak)."
pisang,https://cookpad.com/id/resep/24756056,140. Banana Cheese Cake,"200 gr gula pasir,4 butir telur,1 sdt SP,225 gr tepung terigu protein sedang,1 tsp baking powder,1 tsp baking soda,1 tsp garam halus,1 tsp vanili bubuk,1 tsp cinnamon powder,6 buah pisang raja,1/2 balok Keju cheedar parut,125 gr butter margarin (lelehkan),2 sdm SKM,Secukupnya pisang raja iris","Siapkan bahan B campur dan aduk rata sisihkan,Mixer bahan A sampai mengembang dan kental dengan speed tinggi,Setelah itu masukkan bahan D mixer sebentar saja asal tercampur,Lalu masukkan bahan B yang sudah dicampur tadi secara bertahap dan diayak, mixer sebentar asal tercampur gunakan speed rendah,Lalu masukkan bahan D aduk dengan spatulla cukup lipat balik dan pastikan tidak ada endapan agar tidak bantat hasilnya,Panaskan oven disuhu 170°C api atas bawah rak tengah selama 5 menit, olesi juga loyang dengan margarin dan timpa dengan baking paper lalu tuang adonan hentakkan 3x, baking selama 10 menit, keluarkan lalu kasih topping baking kembali sampai 30 menit/sampai matang (sesuaikan oven masing-masing) setelah matang keluarkan dari oven,Dan siap dihidangkan"
pisang,https://cookpad.com/id/resep/24778270,Brownis pisang mete coklat,"100 g Tepung pisang,80 g Tepung terigu,150 gr Gula pasir,4 butir telur,1 sdt SP,100 g Coklat blok,1/2 sdt Vanili,1/2 sdt Garam halus,10 g coklat cip,50 g kacang mete cincang,50 gr Mentega lelehkan","Tim coklat blok dg mentega sampai lumer. Tambahkan minyak goreng. Sisihkan,Mikser gula + telur + sp dg kecepatan sedang. Setelah mengembang tambahkan tepung terigu, tepung pisang, garam n vanili aduk rata,tambahkan coklat leleh aduk rata,Tambahkan kacang mete dan beri taburan coklat chip,Panggang di oven. Sesuaikan dg oven masing masing,Uji kematangan brownis. Jika tdk lagi menempel d lidi. Berarti brownis sdh siap untuk dinikmati"
pisang,https://cookpad.com/id/resep/24772809,Bolu Pisang,"380 gram pisang ambon masak,5 butir telur,160 gram gula pasir,1 sdt SP,1/2 sdt vanilli esense,Sejumput garam,225 gram tepung terigu protein sedang,27 gram susu bubuk,25 gram maizena,1/2 sdt soda kue,50 gram keju chedar (parut),150 ml Minyak goreng","Lumatkan pisang. Oles loyang dengan margarin lalu taburi dengan tepung.,Campur semua Bahan bsah lalu mixer dg speed tinggi sampai pucat,kental berjejak.,Masukkan pisang mix dg speed rendah, setelah tercampur rata kemudian masukkan keju, bahan kering (secara bertahap, sy bagi 3) aduk menggunakan spatula aduk balik saja,Panaskan oven 10 menit dg suhu 180,Terakhir masukan minyak, aduk balik dg spatula, kemudian tuang di loyang (sya menggunakan loyang d 22 dan 20x10, karena adonan msh sisa) hentak2 pelan (agar tdk ada udara yg terperangkap),Panggang selama kurleb 50 menit api atas bawah (suhu 160°) menyesuaikan oven masing2. 15 menit terakhir saya pindah ke rak tengah. Lalukan tes tusuk klu sdh tdk ada adonan yg menempel cake bisa diangkat.,Setelah agk dingin, lepaskan dr cetakan. Potong sesuai selera. Bolu pisang siap dinikmati bersama kluarga tercinta☺️"
pisang,https://cookpad.com/id/resep/24772778,Steam Banana Chocochip,"200 gram pisang matang tanpa kulit,1 butir telur,140 gram gula pasir Rose Brand,130 ml susu UHT,45 gram minyak goreng Rose Brand,250 gram terigu pro sedang,1 sdt baking powder,1 sdt soda kue,1/4 sdt kayumanis bubuk (saya skip),1/8 sdt garam,50 gram chocochip","Hangatkan susu, masukkan gula pasir Rose Brand, dan kocok hingga larut, sisihkan.,Haluskan pisang dengan garpu.,Satukan bahan kering, ayak, sisihkan.,Kocok telur dalam baskom. Tambahkan pisang, kocok rata. Tuang minyak goreng Rose Brand, kocok rata kembali.,Masukkan bahan kering bergantian dengan campuran susu + gula pasir Rose Brand, aduk rata.,Lalu tuang di cetakan yang sudah dilapis papper cup, beri toping chocochip.,Panaskan kukusan hingga beruap, lalu masukkan adonan, kukus 20 menit.,Setelah matang, sajikan."
pisang,https://cookpad.com/id/resep/24772489,"Bolu Pisang Keju (simpel, tanpa mikser)","300 gr pisang ambon (berat tanpa kulit), pilih yg sangat matang,1 butir telur,100 ml minyak goreng,2 sdm susu kental manis,60 ml air,50 gr keju parut,200 gr terigu,2 sdm susu bubuk,80 gr gula (bisa ditambah kalau suka manis),1/2 sdt garam,1 sdt baking powder,1/2 sdt baking soda,1/2 sdt kayu manis bubuk","Ayak terigu, susu bubuk, baking powder, baking soda, dan kayu manis bubuk. Campur dengan gula dan garam, aduk rata.,Dalam wadah terpisah, lumatkan pisang menggunakan garpu.
Campur dengan semua bahan basah lainnya. Aduk rata.,Panaskan oven.
Siapkan loyang ukuran 18×18 cm, alasi kertas roti dan oles dengan margarin atau minyak goreng.,Campur bahan kering dan bahan basah. Aduk rata sebentar saja. Tuang ke loyang. Beri taburan keju parut.,Oven dengan suhu 170°C selama 40 menit api bawah, ditambah 10 menit api atas bawah. (Sesuikan oven masing-masing.) 

Bisa juga dikukus selama 30 menit (masukkan kukusan setelah kukusan panas).,Potong-potong, hidangkan.,Selamat mencoba"
pisang,https://cookpad.com/id/resep/24772281,Pancake Pisang Gluten Free,"3 buah pisang ambon kematengan,1 butir telur,5 sdm rolled oat,1 sdm chia seed,125 ml susu uht","Haluskan rolled oat menggunakan chopper sebentar saja, jangan sampai halus.,Tambahkan chia seed ke dalam oat.,Masukkan pisang, telur dan susu uht ke dalam chopper.,Haluskan bahan sampai tercampur hingga rata.,Panaskan teflon. Tuang adonan secukupnya.
Panggang dengan api kecil sampai permukaan kecoklatan dan matang untuk kedua sisi.,Sajikan hidangan di atas piring. Beri toping sesuai selera. Selamat mencoba 😊"
pisang,https://cookpad.com/id/resep/24772144,Pisang goreng crispy,"50 gr margarin cair,1 sdm gula pasir,1/2 sdt garam,5 sdm tepung beras,3 sdm tepung terigu,100 ml air,1 sdt vanili / perisa vanila,2 Pisang dipotong belah jd","Siapkan semua bahan dan campurkan perlahan,Masukkan pisang,Panaskan minyak di wajan,Goreng dg api sedang hingga coklat,Siap disajikan"
pisang,https://cookpad.com/id/resep/24769495,792) Puding Pisang Kukus,"2 buah pisang tanduk, iris bulat,25 gram tepung beras,1/4 sendok teh garam,50 gram gula aren,250 ml susu cair,1 butir telur,1 lembar daun pandan, potong kecil","Di wadah masukkan tepung beras, garam dan susu cair. Aduk rata. Masukkan telur dan gula aren. Aduk rata baru masukkan 3/4 bagian irisan pisang.,Aduk kemudian tuang ke cetakan. Sisa irisan pisang tata di atasnya kemudian beri potongan daun pandan (saya lupa). Kukus di kukusan yg sudah mendidih hingga matang sekitar 20-25 menit (pakai api sedang saja).,Enak dinikmati hangat maupun dingin 👍😋."
pisang,https://cookpad.com/id/resep/24661586,Bolu Pisang Kurma Kukus,"3 buah pisang matang,2 butir telur,150 gr tepung gandum / terigu pro sedang,1-2 sdm gula aren,9 buah kurma,100 ml susu UHT,1 sdt baking soda,50 gr margarin,2 sdm minyak goreng,1/2 sdt vanili","Siapkan seluruh bahan bahannya,Lelehkan margarine dengan tekhnik double boiler, sisihkan,Blender kurma dan susu,sisihkan,Haluskan pisang,🍰 masukkan telur dan gula aren, kocok ± 2 menit sampai gula larut
🍰 masukkan pisang aduk rata,🍰 tambahkan tepung gandum / tepung terigu, baking soda, vanili bubuk. Masukkan sambil di ayak agar tak ada yang bergerindil
🍰 aduk rata,Tambahkan minyak dan margarin aduk rata,Olesi loyang dengan Carlo. Masukkan adonan ratakan dan hentakan agar tak ada rongga udara,Siapkan kukusan dan tutup panci di alasi dengan serbet agar uap tidak jatuh ke adonan. Tunggu sampai menggolak air nya,Kukus adonan ± 25-30 menit. Kemudian test dengan tusukan sate jika sudah tidak ada yang menempel berarti sudah matang sempurna,Potong sesuai selera"
pisang,https://cookpad.com/id/resep/24758879,Pancake Pisang Keju Gluten Free (MPASI 11 bulan),"2 buah pisang cavendish matang banget,1 butir telur ayam,2 blok keju belcube,2 sdm susu kedelai,2 sdm tepung beras rose brand,1 sdm tepung ketan rose brand","Kupas pisang,masukkan mangkok,lumatkan dengan sendok.,Masukkan keju,susu kedelai,telur. Aduk rata. Tambahkan tepung beras dan tepung ketan rose brand. Aduk rata.,Panaskan wajan anti lengket. Tuang 1 centong adonan. Beri toping suka-suka (saya almond). Masak dengan api kecil. Balik. Masak sampai matang. Angkat. Sajikan untuk si kecil selagi hangat. Semoga suka🥰"
pisang,https://cookpad.com/id/resep/24754046,"Bola-bola Pisang isi Coklat, Bersalju 😍","12 bh pisang kepok matang,6 sdm tepung terigu,3 sdm tepung maizena Rose Brand,3 sdm susu bubuk,1/2 sdt garam,4 sdm gula pasir Rose brand,Secukupnya minyak goreng Rose brand utk mengoles,Secukupnya Meises utk isian,Secukupnya Gula Halus Rose brand utk topping","Siapkan bahan-bahan,Hancurnya pisang, lalu tmbh pertepungan (terigu & tepung maizena,Masukan gula pasir rose brand, garam, aduk rata, sisihkan,PNaskan teflon, oles tipis dgn minyak rose brand, lalu isi loyang l/2 dgn adonan, lalu beri Meisses, tutup lagi dgn adonan,Masak loyang dgn api sedang cenderung kecil, agar tidak gosong,Setelah matang, angkat & bedaki dgn gula halus rose brand,Sajikan 🤗"
pisang,https://cookpad.com/id/resep/24707772,Roti Isi Pisang Coklat,"300 gr tepung terigu protein tinggi,4 gr ragi instan,1 butir telur ayam,1/4 sdt pelembut roti,50 gr gula pasir,1 sdm susu bubuk,130 ml susu cair,1/5 sdt garam,35 gr margarin,10-11 buah pisang kepok,Secukupnya selai coklat","Campur tepung terigu, gula, ragi instan, pelembut roti, telur dan susu bubuk jadi satu. Tuang susu cair sedikit demi sedikit uleni sampai adonan bisa dibentuk dan setengah kalis.,Selanjutnya masukkan margarin dan garam, uleni adonan hingga kalis elastis. Tutup adonan dengan plastik wrap dan istirahatkan selama 30 menit.,Panaskan teflon dan tambahkan margarin secukupnya, panggang pisang diatasnya sambil dibolak-balik balik hingga kecoklatan, setelah itu angkat dan tiriskan.,Kempiskan adonan yang sudah selesai di istirahatkan, kemudian masing-masing adonan timbang sebanyak 45-50gr, lalu bulatkan.,Ambil satu buah adonan, lalu gilas dan tambahkan pisang dan selai coklat secukupnya. Tutup bagian sisi kiri dan kanannya dan gulung bagian atasnya kemudian potong-potong untuk membuat motifnya.,Tata diatas loyang yang sudah di olesi dengan margarin, diamkan selama 20 menit. Olesi bagian atasnya dengan susu cair dan taburi dengan meises.,Panggang kedalam oven yang sudah dipanaskan hingga matang. Setelah matang selagi masih panas olesi dengan mentega."
pisang,https://cookpad.com/id/resep/24778249,Pisang Pandan Pok Pok,"4 buah pisang raja (ukuran jumbo),150 gr tepung pisang goreng,100 gr tepung beras,1 sdt baking powder,5 tetes pasta pandan,200 ml susu cair (UHT),50 ml air (secukupnya),2 sdm gula halus, untuk taburan,Sejumput garam,Secukupnya minyak goreng","Kupas pisang, lalu belah jadi 2 dan potong segitiga.,Campurkan tepung pisang goreng, tepung beras, baking powder, garam, susu cair dan air secukupnya, aduk sampai tercampur rata dan tidak bergerindil. Adonan jadinya tidak terlalu kental/cair. Masukkan pasta pandan.,Aduk sampai tercampur merata, masukkan pisang, aduk pelan².,Panaskan minyak goreng. Siapkan dengan api sedang. Ambil pisang menggunakan sumpit satu per satu, lalu goreng hingga ½ matang, lalu balik. Oh ya, nanti pisang akan lengket satu dg yg lainnya. Jadi Bunda harus sabar nglepasin satu satu ya😁jika sudah matang bisa di tiriskan. Letakkan dalam piring saji yg sudah dialasi tisu. Kemudian taburi gula halus👍🏼 hmmm enakkkkk😋"
pisang,https://cookpad.com/id/resep/24777807,Gabin Isi Pisang Keju,"10 buah biskuit gabin,2 buah pisang kepok,30 gr keju cheddar,2 sdm susu kental manis,1 sdm margarin","Haluskan pisang, tambahkan susu kental manis, keju cheddar, aduk rata.,Lelehkan margarin, masukkan adonan pisang, masak hingga mengental.,Ambil 1 biskuit lalu tambahkan adonan pisang, tutup lagi dengan gabin.,Goreng gabin hingga kecoklatan. Sajikan."
pisang,https://cookpad.com/id/resep/24774910,Pisang Goreng Keju Mozarella,"5 buah Pisang Kepok matang (potong jadi 10 pcs),1 buah Pisang Tanduk matang (potong jadi 6 pcs),16 lembar Kulit Lumpia / Springroll,1 bungkus / 150 gr Keju Mozarella,150 ml Minyak sayur (untuk goreng)","Kupas dan potong pisang. Iris keju mozarella jadi 16 pcs @10 gr. Siapkan kulit lumpia.,Bungkus 1 pcs pisang + keju dengan kulit lumpia.,Simpan dipiring,Goreng sampai matang.,Sajikan untuk sarapan atau snack minum teh / kopi"
pisang,https://cookpad.com/id/resep/24708003,Roti panggang pisang keju,"2 lembar roti tawar,1 buah pisang matang,Secukupnya keju cheddar parut,Secukupnya margarin,Secukupnya skm","Potong roti jadi 2. Potong pisang sesuai selera.,Oles roti dengan margarin, susun didalam roti dengan pisang, keju dan skm, tutup dan panggang diatas teflon hingga kecoklatan, angkat.,Siap disajikan."
pisang,https://cookpad.com/id/resep/24776863,Banana Schotel,"2 butir telur,50 gr gula pasir,20 gr terigu,1/4 sdt garam,1 gr vanila bubuk,20 gr margarin, lelehkan,20 gr keju parut,200 gr susu cair full cream,5 buah pisang raja (364gr) potong tipis,secukupnya keju parut,secukupnya almond slice,secukupnya Choco chip","Kocok telur dan gula sampai rata. Masukkan margarin leleh dan keju parut, aduk rata. Masukkan susu cair, aduk rata.,Tata pisang di loyang yang sudah dioles margarin. Tuang adonan susu. Beri taburan keju parut, almond slice dan Choco chip. Panggang sampai matang.,Siap disajikan. Simpan di kulkas, dimakan dingin lebih enak 👍"
pisang,https://cookpad.com/id/resep/24767748,Brudel Pisang Keju,"300 gr tepung terigu pro sedang (∆),2 sdm susu bubuk full cream,1 sdm ragi instan,100 ml susu cair hangat,1 sdt gula pasir,300 gr pisang yang sangat matang (saya pisang ijo),1 sdm perasan air lemon (supaya kue lebih moist),100 gr keju cheddar parut (tambahan saya),70 gr margarin, cairkan dengan 100ml minyak goreng,4 butir telur,1/2 sdt soda kue,250 gr gula pasir,Sedikit vanili,Sedikit garam,Secukupnya pisang,Secukupnya keju cheddar parut","Campurkan bahan A dan ayak, sisihkan.,Campur bahan B, biarkan kurang lebih 10 menit hingga berbuih.,Lumatkan bahan C menggunakan garpu menjadi satu, sisihkan.,Mixer bahan F dengan speed rendah, asal campur saja.,Masukkan bahan A B C secara bergantian kedalam adonan F. Mixer paling rendah, sampai rata.,Lanjut masukkan bahan D E secara bergantian, saya cukup menggunakan spatula saja. Campurkan hingga rata.,Siapkan loyang 22cm, oles dengan margarin lalu beri sedikit terigu, ratakan.,Tuang adonan kedalam loyang, tutup menggunakan kain bersih, diamkan selama 40menit.,Pada menit ke 30, panaskan oven, saya memakai suhu 225° selama 10menit. Jadi nanti setelah adonan mengembang, adonan sudah siap dipanggang tanpa menunggu lagi.,Setelah 40menit, beri toping sesuai selera.,Panggang selama 40menit, suhu 225° api atas bawah. Sesuaikan dengan oven masing-masing yaa. Untuk memastikan bisa test tusuk.,Setelah matang, keluarkan kue dari oven dan loyang, angin-anginkan.,Brudel Pisang Keju siap dinikmati!,Enakkk! Untuk menjaga kelembutan kue, setelah kue dingin, simpan dalam wadah kedap udara. Meskipun disimpan dalam kulkas, kue tetap moist. Selamat mencoba! 😊"
pisang,https://cookpad.com/id/resep/24073097,Bolen Mini Pisang Keju Coklat,"80 g korsvet,250 g tepung terigu,50 g tepung beras,2 sdm susu bubuk full-cream,1 sdt baking powder,1/4 sdt garam,2 kuning telur, kocok lepas,100 ml (-+) air es,5 buah pisang raja, potong dua lalu belah,50 g keju, potong kecil memanjang + ekstra untuk topping,1 kuning telur, kocok lepas","Letakkan korsvet pada selembar plastik, gilas tipis lalu simpan dalam kulkas.,Ayak jadi satu semua bahan A. Masukkan kuning telur, aduk asal rata kemudian tuang air es sedikit demi sedikit sambil diuleni. Jika adonan sudah bisa dibentuk, stop pemberian air es. Bulatkan adonan, tutup dan istirahatkan selama 1 jam.,Setelah 1 jam, tipiskan adonan. Ambil lembaran korsvet, letakkan di tengah2 dan lipat sisi adonan menutup korsvet. Gilas melebar membentuk persegi, lipat seperti amplop.,Gilas lebar kembali adonan. Lipat sisi atas dan bawah ketengah, gilas setebal 1 cm. Terakhir lipat tekuk adonan (bisa diroll), bungkus adonan dengan plastik dan simpan dalam kulkas setidaknya 20 menit.,Ambil adonan, potong menjadi 20 bagian. Gilas melebar masing2 potongan dan beri isian. Satukan sisi kiri dan kanan kulit ketengah menutup isian, rapatkan. Gilas tipis kedua ujungnya dan lipat ketengah.,Panaskan oven selama 10 menit. Tata bolen dalam loyang yang sudah dialasi baking paper. Oles permukaanya dengan kuning telur dan beri taburan keju parut. Panggang dalam oven dengan suhu 180°C selama 45 menit (sesuaikaan oven masing2).,Setelah 45 menit, kulit bolen akan akan terlihat kering, keluarkan dari dalam oven. Punyaku kulit terlalu tipis, kulit jadi retak dan isiannya ada yang bocor 🥲"
pisang,https://cookpad.com/id/resep/24763192,Cekodok Pisang Aroma Kayumanis,"5 bh pisang kepok matang,4 sdm tepung terigu,4 sdm gula pasir,1/4 sdt baking powder,1/2 sdt kayumanis bubuk,1 sdm susu bubuk","Kupas pisang dan haluskan,Masukkan tepung, susu, gula, baking powder dan kayumanis kedalam mangkuk, aduk. Tambahkan pisang aduk rata hingga tercampur,Panaskan minyak, goreng pisang hingga matang kecoklatan angkat tiriskan,Sajikan"
pisang,https://cookpad.com/id/resep/24774545,Pisang Goreng Pandan Wijen,"3 sdm tepung terigu,1 sdm tepung beras Rose Brand,3 sdm endapan pandan (saya pakai secukupnya pasta pandan),70 ml air,1/4 sdt garam,1/4 sdt baking powder,1 sdm wijen putih,3 buah pisang kepok,Secukupnya minyak goreng Rose Brand untuk menggoreng","Siapkan bahannya,Masukkan terigu dalam mangkuk, tambahkan tepung beras, tambahkan garam.,Tambahkan air dan pasta pandan aduk hingga tercampur,Tambahkan baking powder, aduk rata dan tambahkan wijen, aduk merata,Potong pisang seperti koin (saya belah dua aja), masukkan dalam adonan tepung, goreng diminyak panas, api sedang saja,Balik supaya matang merata, jika sudah kering,angkat tiriskan, dan sajikan dipiring."
pisang,https://cookpad.com/id/resep/24727416,❣️Pisang Kepok Kukus,"1 sisir pisang kepok,secukupnya Air","Cuci bersih pisang kepok yg sudah diiris dari pangkalnya,Siapkan kukusan, isi air dan biarkan air mendidih.,Setelah kukusan mendidih, Susun pisang dan kukus hingga matang."
pisang,https://cookpad.com/id/resep/24776841,Banana Bread CreamCheese,"250 gr pisang cavendis matang tanpa kulit,1 butir telur size besar,100 gr gula palm,1/2 sdt vailla paste,200 gr terigu pro sedang,1 sdt baking powder,1/2 sdt soda kue,Sejumput garam,100 ml minyak kelapa,Secukupnya dcc serut,Secukupnya keju oles","Haluskan pisang dengan garpu, sisihkan,Ayak tepung terigu, baking powder, baking soda, sishkan,Siapkan baskom masukkan telur, gula palem, garam, vanilla paste kocok dengan whisk hingga gula larut,Setalah larut, masukkan pisang, aduk,Setelah tercampur masukkan campuran terigu, aduk rata,Tambahkan minyak aduk rata,Tuang di loyang 20x10cm yang sudah dilapisi baking paper. Beri keju oles ditengah adonan lalu tumpuk dengan adonan dan beri topping coklat serut diatasnya. Masukkan ke oven yg sudah dipanasi 10 menit suhu 160. Oven listrik kurang lebih 30-40 menit cek oven masing2.,Oven tangkring api sedang cenderung kecil sekitar 50 menit"
pisang,https://cookpad.com/id/resep/24757950,1088. Nugget Pisang (Bisa frozen)," ✅️ Nugget :,16 buah Pisang Kepok,3/4 sdt Garam,1/2 sdt Vanili Bubuk,4 btr Telur,4 sdm Gula Pasir (sesuaikan dng manisnya pisang),8 sdm Tepung Terigu, ✅️ Pencelup :,2 btr Telur,Sedikit Garam,Secukupnya Tepung Terigu,500 gr Tepung Panir kasar, ✅️ Topping :,Secukupnya Kental Manis &amp; Meses","✅️Nugget : Haluskan pisang menggunakan blender/chopper, tambahkan bahan lainnya,Tuang dalam loyang lalu kukus 30 menitan, dinginkan potong²,✅️Buat bahan pencelup, tambahkan air secukupnya, aduk rata... Celup nugget ke pencelup lalu gulingkan ke tepung panir.... simpan dlm freezer sebentar (atau bisa utk stok di freezer).. Goreng hingga golden brown,Beri sedikit kental manis di atasnya lalu taburi meses.. Kemas dlm mika"
pisang,https://cookpad.com/id/resep/24786836,Pancake pisang teflon rumahan tanpa telur,"1 buah pisang,1 sdm gula,1 sdm madu atau kental manis,3 sdm tepung terigu,1 sdm chococip / mises","Campurkan semua bahan hingga kalis jika dirasa adonan terlalu kental tambahkan air sedikit,Panaskan teflon dan masak hingga kecoklatan,Makanan siap dihidangkan"
pisang,https://cookpad.com/id/resep/24781629,Cheesy Banana Egg Puff,"4 lembar puff pastry instant,4 buah pisang (ini pakai pisang raja),1 butir telur,2 sdm skm,4 sdm susu cair,1 /2 sdt vanilla cair,1/4 bungkus Keju spread,2 sdm susu cair,1 sdm skm, keju parut,Irisan pisang","Buat cream cheese, aduk semua bahan dengan mixer / whisk hingga tercampur rata,Panaskan Pisang diatas teflon. Potong potong. Letakkan kulit puff pastry diatas cetakan kecil berbentuk Mangkok tahan panas,Beri Isian Pisang yang sudah dipotong. Kemudian aduk susu cair, skm, pasta vanila, kocok lepas. Siram diatas Pisang. Kemudian beri cream cheese diatasnya. Beri Keju parut,Tambahkan potongan Pisang. Tata diatas Loyang kemudian oven Di suhu kurleb 180 dercel/ api sedanhgg hingga matang mengembang,Keluarkan darinloyang. Sajikan"
pisang,https://cookpad.com/id/resep/24782145,🍌🥛Pisang susu,"2 butir telur,150 ml susu UHT,1 sdm gula pasir (bisa ditambahin lagi kalo mau manis),Secukupnya pisang (iris),2-3 tetes vanili cair (opsional, aku tambah sendiri),Secukupnya Keju parut/choco chip/wijen/kismis (tambahan apapun sesuai selera)","Iris pisang, tata di loyang. Tabur bahan tambahan (keju,dll sesuai selera),Di tempat terpisah, kocok lepas telur dan gula. Tambahkan susu cair, aduk hingga rata,Tuang adonan susu telur ke loyang irisan pisang.,Panggang pada suhu 150 selama -+ 20 menit."
pisang,https://cookpad.com/id/resep/24782467,Godok Pisang Susu Keju,"3 buah pisang raja matang sekali,100 gram tepung terigu (sy pke 80 gram tepung beras),20 gram susu bubuk,20 gram gula pasir (sy skip),1/2 sdt baking powder,secukupnya keju cheddar parut,secukupnya minyak goreng","Kupas lalu haluskan pisang, campur dengan tepung beras dan gula pasir bila pakai, aduk rata.,Masukkan susu bubuk dan keju parut, aduk hingga menjadi adonan siap goreng.,Panaskan minyak lalu goreng adonan per satu sendok makan hingga kecoklatan, angkat dan sajikan dengan toping keju parut."
pisang,https://cookpad.com/id/resep/24782356,Pisang Penyet Keju,"4 buah Pisang lilin/ sy 2 bh,1 sdm margarin rose brand,3 sdm keju parut,2 sdm skm","Kupas pisang, lalu penyet,Panaskan margarin rose brand pada teflon.
Taruh pisang penyet diatas teflon dengan api kecil.
balik pisang jika sdh kecoklatan.,Tata pisang yang sudah matang di piring saji.
Beri topping skm dan parutan keju,Sajikan"
pisang,https://cookpad.com/id/resep/24782458,384. Talam Pisang Kenari,"12 buah pisang (mix kepok dan raja),9 sdm tepung protein sedang,2 sdm tapioka,2 sdm margarine,26 gr susu bubuk,1 sdt vanila pasta,65 ml santan instan,70 ml air,250 ml air,5 sdm tepung pro sedang,4 sdm gula pasir,35 ml santan instan,15 gr susu bubuk,1/2 sdt vanila pasta,1/2 sdt garam, Sckpnya kenari,1 lembar daun pandan","Oles loyang dengan margarine, sisihkan,Dalam wadah, haluskan pisang menggunakan mug.,Tambahkan semua bahan pisang sisa. Tepung masukkan bertahap. Aduk rata. Sisihkan,Campur semua bahan lapisan tepung sambil panaskan dandang.,Masukkan daun pandan di air kukusan. Jika kukusan telah beruap, tuang adonan ke dalam loyang dan kukus selama 10 menit. Lanjut tuang lapisan tepung dan kukus kembali selama 20-25 menit. Jangan lupa beri topping kenari.,Angkat dan dinginkan.,Tunggu agak dingin baru dipotong agar tidak hancur 👍😘"
pisang,https://cookpad.com/id/resep/24780584,Banana Crspiy Vla Keju Susu 예르다🧀," 🍌7 buah pisang ranten, Adonan basah,100 ml air,10 sdm tepung terigu,1 sdt garam, Adonan Kering,200 gr tepung panir, 🧀Vla Keju Susu,1 bungkus susu bubuk dancow,100 gr keju cedar (parut),2 lembar keju sleis,2 sdm gula pasir,1 sdt garam,4 sdm skm,1 sdm maizena larutkan,250 ml air,250 ml minyak untuk menggoreng","Abis pisang belah jd dua. Siakan adonan basah,Kemudian masukkan pisang ke adonan basah lalu ke tepung panir,Setelah semuanya selesai goreng di minyak panas hingga matang,Masukkan semua bahan vla keju susu tambahkan air aduk perlahan hingga gula dan keju larut, kemudian tambahkan larutan maizena aduk kembali,Masak hingga mengental, ambil wadah tata vla kurang lebih 2 sdm tambahkan pisang krispinya,Tuang vla keju susu kembali dan beri topping keju parut nd seres cokelat, banana Crspiy Cheese siap di sajikan"
pisang,https://cookpad.com/id/resep/24782380,Limpang-Limpung Pisang Keju,"7 buah pisang kepok, potong dadu,3/4 blok keju cheddar,15 sdm munjung tepung terigu,4 sdm gula pasir,1/2 sdt garam,300-350 ml air,Secukupnya minyak goreng","Potong-potong keju berbentuk dadu.,Masukkan pisang, keju, garam, dan gula ke dalam mangkuk besar.,Masukkan tepung terigu. Tambahkan air sedikit demi sedikit sambik diaduk sampai konsistensi adonan kental cenderung encer.,Panaskan minyak goreng. Masukkan 1 sdm adonan. Lakukan sampai pan penuh. Goreng sampai bagian bawah kecokelatan, balik goreng kembali sampai matang merata dan kuning keemasan. Tiriskan.
Lakukan sampai habis.,Sajikan hangat-hangat."
pisang,https://cookpad.com/id/resep/22674650,383. Bolen Pisang (dgn Korsvet),"300 gr tepung protein sedang,50 gr gula pasir,20 gr susu bubuk,75 ml air,1 butir kuning telur,100 gr margarine,1/2 sdt garam,150 gr korsvet, Sckpnya pisang raja matang, Sckpnya meises atau selei coklat,1 kuning telur utk olesan, Sckpnya meises utk topping, Sckpnya keju parut utk topping","Panggang pisang dengan margarine. Sisihkan,Dalam wadah, masukkan tepung, kuning telur, gula, susu, garam dan air. Aduk. Masukkan margarine, ulen hingga rata sampai tidak lengket di tangan. Tutup dan sisihkan.,Pipihkan korsvet ukuran sama sisi 12X12 di atas plastik. Bungkus dan simpan di kulkas sekitar 20 menit. Sisihkan. Lanjut ambil adonan tepung, giling melebar, ambil korsvet dan letakkan diatasnya,,Tutup berbentuk amplop, pastikan korsvet ertutup rapat,Pipihkan perlahan berbentuk memanjang ukuran 20X30 cm. Lipat tiga dan simpan di chiller selama 15 menit. Ambil adonan pipihkan kembali. Lakukan langkah ini sebanyak 3 kali.,Setelah itu lanjut dirolling memanjang kembali. Bagi sama rata menjadi 16 bagian. Di sini terlihat layernya.,Ambil satu bagian adonan (tutup adonan sisa). Rolling dan beri isian potongan pisang dan meises. Kemudian lipat berbentuk amplop, pastikan tidak ada yg bocor.,Tata di loyang yg dialas baking paper atau dioles margarine. Oles dengan kuning telur dan beri topping,Panggang di suhu 180 derajat selama 25-35 menit (sesuai oven masing2),Jika telah matang, angkat dan dinginkan,Kulitnya crunchy di luar lembut di dalam,Tunggu suhu ruang dan simpan di wadah kedap udara 👍😘"
pisang,https://cookpad.com/id/resep/24772218,Pisang Goreng Merah Wijen,"5 sdm tepung terigu,5 sdm tepung beras,1 sdm tepung maizena (tambahan saya),6 tetes pewarna merah,200 ml air (sesuaikan),1/4 sdt garam,1 sdt gula,1/4 sdt vanile,1/4 sdt baking powder,1 sdt wijen putih &amp; hitam,1 sisir pisang raja,Secukupnya minyak untuk menggoreng","Masukkan terigu dalam mangkuk, tambahkan tepung beras, tepung maizena, baking powder,gula, vanile, garam. Aduk rata. Lalu tambahkan air. Aduk rata.,Tambahkan pasta merah, aduk hingga tercampur rata. Tambahkan wijen, aduk rata.,Belah dua pisang, masukkan dalam adonan tepung.,Goreng diminyak panas, api sedang saja. Balik supaya matang merata, jika sudah kering,angkat tiriskan, dan sajikan dipiring.,Mantaap 👍👍."
pisang,https://cookpad.com/id/resep/24781552,20. Banana Pineapple Smoothies,"300 ml susu vanilla,1 buah pisang ambon uk. besar,100 gr nanas,1 sachet madu","Siapkan bahan. Kupas & potong- potong pisang & nanas.,Masukkan potongan pisang & nanas, madu, dan susu cair vanilla ke dalam blender. Blender hingga halus.,Tuang smoothies ke dalam gelas, sajikan."
pisang,https://cookpad.com/id/resep/24790703,Banana Oat Cake Gluten Free,"250 gr pisang matang kupas (cavendish/ambon),230 gr oatmeal blender halus,Sejumput garam,Sejumput vanili,1/4 sdt soda kue,2 butir telur,220 gr gula semut (bisa disesuaikan selera),115 gr margarin cairkan","Haluskan pisang, sisihkan.,Haluskan oat, tambahkan vanili, garam, baking soda, aduk rata.,Kocok telur dan gula hingga larut, tambahkan pisang yang sudah halus dan margarine, lalu masukan adonan kering bertahap, aduk hingga tercampur rata.,Masukan cetakan. Panggang sesuai suhu oven masing-masing. Saya pakai airfryer jadi agak lama karena pakai cetakan lumayan besar. Suhu 180c 25menit+25menit.,Berhubung pakai airfryer lamaaa, sebagian saya kukus ternyata lebih cepat prosesnya, 15menit sudah jadiii. 🥰"
pisang,https://cookpad.com/id/resep/24803050,*Kue Pisang Wijen*,"5-6 buah pisang uli matang,175 gr tepung ketan putih,1-2 sdm gula aren bubuk/gula pasir (manis sesuai selera),1/2 sdt vanili bubuk,1/4 sdt garam, Air minum untuk mengoles, Minyak goreng","Kukus 5 buah jika ukuran besar, sy 6 buah lalu haluskan lalu campurkan dengan semua bahan lainnya, aduk rata, uleni hingga Kalis dan menyatu,Ambil secukupnya adonan, bulatkan, lubangi tengahnya dengan jari hingga berbentuk seperti donat/bentuk bulat saja. Lakukan hingga selesai lalu siapkan air minum dan wijen,Oles kue pisang dengan air atau celupkan dalam air lalu balur dengan wijen sambil sedikit ditekan-tekan agar wijen lebih menempel. Lakukan hingga selesai, diamkan ± 10 menit atau bisa juga langsung digoreng dalam minyak hangat dengan api sedang,Goreng hingga kecoklatan dan matang merata, angkat, tiriskan lalu sajikan."
pisang,https://cookpad.com/id/resep/24626060,Pancake Pisang,"375 gr pisang kepok(berat tanpa kulit),100 ml susu cair fullcream,75 gr gula pasir,1/2 sdt vanili bubuk,1/2 sdt garam,1/2 sdt baking powder,1 butir telur,100 gr tepung terigu serbaguna,1 sdm margarine, cairkan","Dalam Chopper campur semua bahan kecuali tepung terugu dan margarine cair. Kemudian Chopper hingga halus,Tuang ke dalam bowl 🥣
Masukkan tepung terigu dan margarine cair,aduk rata dengan spatula,lalu diamkan selama 5 hingga 10 menit,Panaskan Teflon,pastikan hingga benar-benar panas ya mom's😍,Tuang 1 centong sayur adonan,masak dengan api paling kecil,biarkan hingga permukaannya mengering,,Lalu balik dan masak hingga matang
Lakukan hingga adonan habis,Angkat dan dinginkan,Sajikan buat sarapan di temani secangkir kopi/teh hangat atau sekedar teman duduk santai sambil nonton film favorit,Enjoy & Happy baking😊😍"
pisang,https://cookpad.com/id/resep/24790411,Bola-bola Pisang Ubi Isi Keju,"4 buah pisang kukus,1 buah ubi yang sudah dikukus,1 sdt palm sugar,3 sdm tepung terigu (sesuaikan),1 sdm maizena,Secubit garam, Keju potong dadu untuk isian,Secukupnya minyak untuk menggoreng","Kupas pisang kukus yg sdh dingin tempatkan ke dalam wadah, kupas juga ubi yang sudah dikukus, haluskan. Tambahkan palm sugar, garam aduk rata. Tambahkan tepung terigu, tepung maizena, aduk kembali.,Setelah rata, Ambil 1 sdm, pulung,bulatkan lalu pipihkan. Beri keju. Bulatkan rata. Lakukan sampai adonan habis.,Panaskan minyak, goreng hingga kecoklatan. Angkat tiriskan.,Sajikan 👍👍. Rasanya agak seperti perkedel kentang tapi manis 😁😁."
pisang,https://cookpad.com/id/resep/24790365,Pisang Goreng Kriuk Pakai Tepung Beras,"5 buah Pisang tanduk (diresep Pisang raja),5 sdm tepung beras,1 sdm tepung tapioca,1 sdm tepung maizena,1/4 sdt baking powder,Sejumput vanila,1 sdt gula,1/4 sdt garam, Secukupnya air,1 butir telur (di skip), Secukupnya minyak goreng","Siapkan wadah masukkan tepung beras, maizena, dan tepung tapioka Rose Brand, vanila, baking powder, gula, garam.,Tuang air aduk rata, potong Pisang sesuai selera.,Goreng pisang yang sudah dilumuri tepung. Masak hingga matang.,Angkat dan tiriskan. Salin ke piring saji.,Siap disajikan."
pisang,https://cookpad.com/id/resep/24790042,Pisang Goreng," Pisang kepok,ketip,ato raja (mana yang disuka aj), Tepung beras, Garam,secukupnya Air, Minyak goreng","Potong pisang menjadi 2 ato 3 bagian memanjang,Tuang tepung beras,air,garam ke dalam mangkok besar aduk rata,jangan keenceran ato kekentalan,Lapisi pisang 1 per 1 ke dalam adonan tepung,Panaskan minyak,lalu goreng pisang yang sudah dilapisi tepung sampai matang,Selamat mencoba"
pisang,https://cookpad.com/id/resep/24786948,Bolu pisang gluten free,"5 buah pisang matang,2 sdm madu,1/2 gelas minyak goreng,2 gelas oat (blender halus),2 sdm tepung maizena,3 sdm tepung beras,2 sdm gula pasir,2 butir telur,1 sdt sp,1 sdt baking soda,Secukupnya keju, kismis","Haluskan pisang tambahkan madu. Diamkan -+15 menit. Campurkan oat, tepung meizena, tepung beras dan baking soda kemudian ayak.,Mikser telur, gula, sp sampai mengembang. Masukkan campuran tepung bergantian dengan pisang. Aduk balik masukkan minyak goreng.,Masukkan ke loyang yang telah dioles margarin, beri toping sesuai selera. Panggang 180 selama 20 menit. Sajikan dengan kopi pahit,,, yummy 🥰"
pisang,https://cookpad.com/id/resep/24789453,Feijoa banana loaf,"5 buah pisang Cavendish ukuran sedang di kupas dan haluskan dengan garpu,1 cup feijoa kupas dan di chopper kasar,1 cup feijoa kupas potong dadu,4 cup plain flour,1 1/2 cup gula pasir,200 gram butter suhu ruang,2 butir telur,2 sdt baking powder,2 sdt baking soda,1 sdt vanilla essence,1/2 sdt garam,1 cup susu full cream,1 cup air","Mikser butter gula telur selama 2 menit lalu masukkan pisang halus..feijoa..air..susu cair..baking powder..baking soda..vanilla essence...garam..,Aduk rata lalu masukkan tepung terigu aduk rata tapi jangan terlalu lama ngaduknya..siapkan 2 loyang alasi baking paper tuang adonan dan panggang selama 50 menit di suhu 160°c"
pisang,https://cookpad.com/id/resep/24789386,Healthy Banana Brownies With Oat and Dark Choco,"2 buah pisang ambon matang,5 sdm (200 gr) gandum/oat,1/2 sdt baking powder,Sejumput garam,2 sdt bubuk coklat,1 butir telur,100 gr coklat batang secukupnya (optional, bisa diganti Choco chip/kacang almond dll)","Hancurkan pisang menggunakan garpu,Tambahkan gandum, baking powder, garam, bubuk coklat dan telur. Aduk rata,Taburkan coklat batang serut / choco chip / kacang almond,Kukus dengan api sedang selama 30 menit,Angkat dan sajikan."
pisang,https://cookpad.com/id/resep/24788873,Banana Cake Oat,"3 pisang matang, haluskan pakai garpu,150 gr rolled oat dihaluskan blender,2 telur,30 gr butter, lelehkan,Sejumput garam,1 sdt baking soda,70 gr dark chocolate, potong kecil,1 sdm kayumanis bubuk, Kismis, kenari slices, chocochip","Campur semua bahan,Baking dg suhu 180° selama 35 menit"
pisang,https://cookpad.com/id/resep/24783699,Pisang Koin Frambozen Keju,"6 Buah Pisang Uli,Secukupnya Keju Parut,Secukupnya Minyak Goreng, BAHAN ADONAN :,4 sdm Tepung Terigu,4 sdm tepung beras, tambahan saya,1 sdm tepung maizena (tambahan saya),1 sdm Gula Pasir (sy pakai palm sugar),1 sdt Margarin (sy skip),1 Tetes Vanila,1/4 sdt Garam,3-5 tetes pewarna Frambozen (tambahan saya),50-100 ml Air (Sesuaikan adonan),Secukupnya minyak untuk menggoreng, Topping: parutan keju dan palm sugar","Siapkan bahan yang diperlukan.
Lalu potong bulat pisang uli. Sisihkan.,Lalu campurkan semua bahan adonan. Aduk rata.,Tambahkan 3 - 5 tetes pewarna Frambozen. Aduk rata.,Lalu masukan pisang kedalam adonan. Lumuri dengan rata.,Panaskan minyak, lalu goreng pisang sampai ke 2 sisi matang kecoklatan. Angkat dan tiriskan.,Lalu taburi dengan keju parut dan palm sugar secukupnya. Dan siap disajikan dan di santaap👍👍."
pisang,https://cookpad.com/id/resep/24758330,Bolu Pisang Takaran sendok Anti gagal,"3 buah pisang Ambon/bebas,4 butir telur,16 sdm Gula pasir,18 sdm tepung terigu serbaguna,1 bks susu bubuk,1 Sdt baking soda,1/4 sdt vanilli,1/4 sdm garam,6 sdm minyak goreng","Haluskan pisang ambon menggunakan garpu,Campurkan telur dan gula aduk sampai gula larut,Masukan tepung terigu, susu, baking soda,garam dan vanilli aduk sampai tercampur,Kemudian masukkan minyak aduk jangan sampai ada minyak yang mengendap, lalu kukus selama ±30 menit"
pisang,https://cookpad.com/id/resep/24782721,Pisang Goreng Gula Aren,"1 sisir pisang kepok,1 bungkus tepung serbaguna pisang goreng,2 sdm tepung beras rosebrand,Secukupnya air, Secukulnya taburan gula palem","Siapkan pisang kepok lalu belah dua bagian,Campur tepung serbaguna pisang giteng dan tambahkan tepung beras rosebrand untum hasil lebih renyah,Celupkan pisang kedalam adonan tepung aduk perlahan hingga semua bagian terselimuti goreng hingga berwarna kekuningan,Angkat dan tiriskaN taburi dengan gula palem diatasnya"
pisang,https://cookpad.com/id/resep/24788723,Pisang Keju enak,"200 gr trigu segitiga,60 gr tepung beras,40 gr tepung maizena,45 gr gula pasir,1/2 sdt garam,3/4 sdt Baking powder,1/4 sdt vanili bubuk/1/2 sdt pasta vanila,30 gr margarin lelehkan,360 ml air,secukupnya Pisang matang,1 sdm Gula palm,secukupnya Keju parut,secukupnya Skm","Belah pisang sesuai selera,Campur semua bahan aduk sampai halus,Masukkan pisang k dlm adonan,Goreng di minyak panas hingga matang,Beri topping sesuai selera"
pisang,https://cookpad.com/id/resep/24782232,Kroket Pisang Keju isi coklat,"12 buah pisang kepok / 1 sisir,50 gr keju,1 bungkus susu bubuk Dancow,6 SDM tepung terigu,1 SDM tepung maizena,3 SDM gula pasir,5 SDM tepung terigu,Secukupnya tepung roti atau panir,Sejumput garam,Secukupnya selai coklat atau bisa juga coklat batangan collata","Panaskan panci lalu kukus pisang hingga matang,Lumatkan pisang dan siapkan bahan yg lainnya,Masukkan tepung terigu, maizena, keju, gula dan susu bubuk,, lalu ulenihingga tercampur rata,Setelah tercampur rata, bentuk adonan sesuai selera beri isian coklat lalu tutup lagi,Balur adonan yg sudah dibentuk ke dalam bahan pencelup dan tepung panir, lakukan hingga semua nya terbalur,Panas kan minyak Lalau goreng kroket hingga golden brown,Kroket siap di santap, bisa juga di Frozen buat besok lagi yahh buun"
pisang,https://cookpad.com/id/resep/24781427,Bolu pisang keju lumer,"200 gr pisang matang,2 btr telur,75 gr gula pasir,1/4 st garam,125 gr terigu protein sedang,1 st baking soda,100 ml minyak goreng, Keju Lumer:,100 gr keju oles,2 sm susu kental manis","Haluskan pisang, sisihkan,Kocok telur & gula pasir dgn whisk, sp gula larut.,Tambahkan pisang yg telah dihaluskan, aduk rata,Masukkan terigu yg telah dicampur dgn garam & baking soda, aduk rata,Masukkan minyak goreng, aduk rata,Panaskan kukusan, tutup kukusan dibungkus serbet. Siapkan loyang yg dioles tipis minyak goreng, tuang adonan setengah bagian, kukus sp matang.,Buat lapisan keju lumernya: aduk rata keju oles & susu kental manis, lalu masukkan kedalam piping bag,Sth bolu matang, angkat beri adonan keju ratakan, tuang lagi setengah adonan, kukus kembali sp matang,Sth dingin keluarkan dari loyang"
pisang,https://cookpad.com/id/resep/24802154,Bolu pisang,"5 butir telur,175 gr gula pasir,1/2 sdt sp,300 gr terigu,350 gr pisang yang telah dihaluskan,1/2 sdt bs,1/2 sdt bp,1/2 sdt vanila butter,100 ml susu cair,75 ml minyak","Mix gula dan telur hingga setengah mengembang lalu masukan sp mix hingga putih berjejak,Turun kan keceatan mixer, lalu Masukan secara bergantian trigu, pisang, minyak dan susu,Aduk balik dengan spatula, panggang dengan tulban 24 cm, suhu atas bawah 170 derajat"
pisang,https://cookpad.com/id/resep/24791161,Bongko Durian Pisang😋🔥(Sangat Enak!!),"3 sdm munjung Durian kupas,4 buah Pisang, potong2 (pilih pisang yg harum spt pisang raja, pisang barangan),2 pouch Santan instant (@ 65 ml ==&gt; setara 130 ml,4 sdm munjung Tepung Beras Rose Brand ==&gt; jk ingin tipe padat bs ditambah, tp mnurut ajaran Eyang sy: 🔥BONGKO adalah tipe jajanan pasar yg lumer berbungkus, 💥BUKAN PADAT spt NAGASARI 😉,3 sdm munjung Tepung KETAN Rose Brand ==&gt; 🔥🔥🔥JANGAN GANTI TERIGU ==&gt; krn GURIH-nya akan berbeda !!!,6 sdm Gula Pasir,1 sdt Garam,100 ml Air Daun pandan (blender dr 3 lbr saring - jk ingin warna hijau banyakin ya pandannya) ==&gt; blenderan daun pandan membuat rasa &amp; wangi bongko terasa &#39;kuat&#39; dan rasa jg makin nikmat !!😋,500 ml Air Aqua","Siapkan bahan-bahan.,Campur air aqua, larutan pandan, garam dan gula pada panci rebus.,Masukkan juga tepung beras putih dan tepung beras ketan. _________________________________ Aduk rata (pastikan tingkat rasa gurih-asin manis- nya sdh sesuai selera).,Tambahkan durian kupas. Aduk rata.,Rebus dng api kecil hingga mengental (tapi tidak terlalu padat !!). Hmmmm...wangii😋😋😍,Bungkus adonan bongko dng daun pisang. Tata spt poto. _________________________________ (Asli jajanan bongko ini saat sy msh kecil di Jawa, maka bungkus diluarnya akan diberi lapisan plastik agar lumeran adonan tidak beleber keluar dr lipatan daun pisangnya - krn bongko adlh tipe jajanan lumer, bukan padat),Tata bongko yg sdh terbungkus daun pisang dan kukus. _________________________________ Kukus hingga matang. _________________________________ Angkat jk daun sdh layu dan bongko tanak.,Siap disajikan !! _________________________________ Uenaaaakkkk pake buuaangetttttt 😋😋😋😋😍😍,Tekstur lembut dan tidak terlalu padat ya untuk bongko khas Jawa seharusnya...(krn jika padat, jadi nagasari nantinya hihi😂😉). _________________________________ Rasanya gurih banget masya Allah😋😍👍👍❤️"
pisang,https://cookpad.com/id/resep/24801144,Banana chocolate muffin,"3 buah pisang matang,1 buah telur ukuran besar,6 sdm unsalted butter, lelehkan,100 gr gula pasir,66 gr gula merah,1 tsp vanilla extract,185 gr tepung terigu,3/4 tsp baking soda,1/2 tsp baking powder,62.5 gr sour cream/yogurt,Sejumput garam,175 gr choco chips","Panaskan oven 200 C (fan oven),Campur bahan basah,Campur bahan kering,Campurkan bahan basah dan kering. Jangan overmix,Masukkan ke dalam cetakkan muffin,Panggang selama 5 menit pada suhu 200 C kemudian turunkan suhu ke 170 C dan panggang selama 15 menit"
pisang,https://cookpad.com/id/resep/24801518,Pisang goreng,"10 buah pisang kepok ukuran sedang, potong bagi 2 tiap bijinya,3 sdm terigu,2 sdm tepung beras,1 sdm maizena,1 sdm gula,Sejumput garam,1/4 sdt vanili,Secukupnya air bersih,1 sdt wijen hitam,Secukupnya minyak goreng untuk menggoreng","Campur semua bahan kecuali pisang. Aduk rata, jangan terlalu cair, agak kental ya adonannya,Masukkan pisang sedikit - sedikit ke adonan lalu goreng."
pisang,https://cookpad.com/id/resep/24801307,Bolu Pisang Coklat,"1 butir telur,100 gram gula pasir,150 gram pisang matang, berat tanpa kulit,100 gram tepung terigu,10 gram coklat bubuk,1/2 sdt soda kue,1/4 sdt baking powder,15 gram susu bubuk,100 ml air hangat,2 tetes pasta coklat,90 ml minyak goreng,Secukupnya glaze strawberry dan chocochips","Kocok Bahan A sampai gula larut dan berbusa.,Lalu masukkan Bahan B secara bertahap. Mulai dari pisang, hingga campuran tepung yang sudah diayak. Aduk hingga rata.,Masukkan Bahan C secara bertahap juga, aduk rata lagi. Tambahkan chocochips jika suka. Aduk dengan spatula hingga tercampur.,Siapkan loyang. Olesi minyak goreng tipis. Lalu tuangkan adonan. Kukus selama 30 menit di kukusan yang sudah dipanaskan sebelumnya. Tes tusuk. Setelah matang, angkat.,Keluarkan dari loyang. Setelah dingin. Beri toping sesuai dengan selera."
pisang,https://cookpad.com/id/resep/24797889,Pisang Koin Keju Gula Palem,"6 buah pisang (sy pake pisang kepok yg belum terlalu lembek),Secukupnya keju parut,secukupnya gula palem,secukupnya minyak goreng,4 sdm tepung terigu,1 sdm tepung beras,1 sdm gula pasir (sy skip),1/4 sdt garam,1 sdt margarin,1/4 sdt baking powder,secukupnya air","Kupas pisang lalu iris bulat².. Campur semua bahan adonan, aduk rata, kekentalan di sesuaikan.,Masukkan irisan pisang ke dalam adonan tepung aduk lalu goreng hingga kecoklatan, matang angkat dan tiriskan,Susun pisang goreng ke piring saji, beri keju parut dan taburi gula palem, sajikan dengan secangkir kopi atau teh.."
pisang,https://cookpad.com/id/resep/24800062,Keripik pisang kriuk,"3 sisir pisang raja nangka/kepok mentah (kulit masih hijau),Sejumput kapur sirih,secukupnya Air, Garam, Minyak untuk menggoreng","Gunakan sarung tangan dan kuoas pisang dengan pisau,Rendam pisang dalam larutan air kapur sirih kurang lebih 10 menit,Serut pisang dengan alat khusus atau pisau,Siapkan minyak di wajan dengan panas sedang,Masukan pisang bolak balik.saat setengah matang masukkan 1sdm larutan garam jika ingin membuat pisang asin.Jika ingin rasa original tidak perlu ditambahkan apa apa,Jika ingin keripik pisangnya manis dapat dibuatkan larutan gula terpisah"
pisang,https://cookpad.com/id/resep/24777129,Bolu Pisang Keju Lumer,"200 gram pisang matang (saya pakai pisang ambon hijau), haluskan,2 butir telur,100 gram gula pasir,1/4 sdt garam,125 gram terigu protein sedang,1 sdt baking soda,100 ml minyak sayur,100 gram keju oles,3 sdm SKM","Campurkan telur, gula, dan garam. Aduk rata menggunakan whisker hingga berbuih.,Tambahkan pisang yang sudah dihaluskan, lalu aduk rata kembali.,Masukkan tepung terigu dan baking soda sedikit demi sedikit sambil diaduk sampai tercampur rata. Tambahkan pula minyak sayur, kemudian aduk kembali.,Tuangkan setengah adonan ke dalam cetakan atau loyang, lalu kukus di kukusan yang telah dipanaskan sebelumnya. Jangan lupa bungkus tutup kukusan dengan kain bersih agar air tidak menetes. Kukus selama 10 menit.,Sambil menunggu, buat keju lumernya dengan mencampurkan keju oles dan SKM, lalu aduk rata. Masukkan adonan keju ke dalam piping bag.,Setelah 10 menit, semprotkan adonan keju di atas bolu, lalu tutup atasnya dengan sisa adonan bolu pisang tadi. Kukus kembali 10 menit.,Lepaskan bolu yg sudah matang dari loyang/cetakan. Bolu pisang keju lumer siap disajikan."
pisang,https://cookpad.com/id/resep/24799343,Bolu pisang cokelat,"90 gr tepung terigu protein sedang,25 gr cokelat bubuk,3/4 sdt baking soda,1/2 sdt baking powder,Sejumput garam,120 gr butter / bisa pakai margarine,65 gr gula halus,2 butir telur,150 gr pisang matang (bebas mau pake pisang jenis apa dan takaran sesuai selera juga ya),1 sdt vanilla essence","Lumatkan pisang menggunakan garpu, sisihkan. Siapkan bahan lainnya, sisihkan.,Mixer butter dan gula pasir hingga pucat mengembang.,Tambahkan telur. Masukkan bertahap telurnya. Mixer sampai tercampur rata dan teksturnya agak mengembang. Tambahkan vanili essense.,Masukkan pisang, mixer sampai tercampur rata.,Masukkan bahan kering secara bertahap dan sambil diayak, mixer sampai tercampur rata. Matikan.,Aduk balik adonan sampai tepung benar2 tercampur rata.,Tuang ke loyang, taburi dengan toping kesukaan masing2. (Loyang sblumnya diolesi metega kemudian dilapisi baking paper. Hentakan agar udara di dalam adonan keluar.,Panggang di oven suhu 160°C selama 40 menit, sebelumnya sudah dipanaskan dlu ya ovennya.,Tadaaaa..jadi eeh bolunya.,Pindahkan ke tempat bersih. Siap disantap"
pisang,https://cookpad.com/id/resep/24783445,589. Tempe Oat Banana Pancake,"1/2 papan Tempe (185 gran),65 gram Oat Rolled - blender halus,1 buah Pisang,2 butir telur,150 ml Susu Cair,sejumput garam","Persiapkan bahan-bahan yang akan digunakan.,Blender oat rolled hingga halus,Potong-potong tempe kemudian campur semua bahan dan blender hingga halus,Bila adonan masih terlalu kental bisa ditambahkan susu, hingga diperoleh konsistensi adonan seperti ini.,Panaskan olesi dengan sedikit minyak. Tuang 1 sendok sayur adonan pancake masak hingga berlubang lubang / setengah matang lalu balik. Masak hingga matang.,Pancake siap disajikan dengan topping madu, butter, buah-buahan segar, SKM collat, keju dll sesuai selera."
pisang,https://cookpad.com/id/resep/24727102,Pisang Goreng Wijen,"3 buah pisang Tanduk,3,5 sdm  terigu,2,5 sdm tepung beras, Rose Brand,1 sdm maizena, Rose Brand,1 sdt Baking Powder,1 sdm gula pasir, Rose Brand,1/2 sdt Vanilli bubuk,1 sdm margarin (cairkan),100 ml air,2 sdm wijen Putih,Secukupnya minyak, untuk menggoreng","Siapkan bahan bahan yang dibutuhkan. Cairkan margarin, potong pisang sesuai selera.,Campur aneka tepung, gula pasir, dan vanilli. Tambahkan air bertahap sambil diaduk agar merata & tidak bergerindil. Tambahkan margarin cair, aduk merata. Celup pisang yang sudah dipotong2, taburi wijen dan goreng dalam minyak yang sudah dipanaskan.,Balik bila satu sisi sudah matang kecoklatan. Bila kedua sisi sudah matang, angkat dan tiriskan.,Pisang Goreng Wijen, siap disajikan bersama secangkir kopi/teh hangat, tentunya sangat nikmat..."
pisang,https://cookpad.com/id/resep/24806466,Kue Lumpur Pisang,"250 gr pisang matang,150 gr tepung terigu segitiga,100 gr gula,250 gr susu / santan (me: susu),1 butir telur,1/2 sdt garam,1/2 sdt vanila essence,40 gr margarin,secukupnya pewarna kuning,secukupnya Topping : Kismis","Campurkan semua bahan menjadi satu,Chopper / blender semua bahn hingga halus. Beri pewarna makanan secukupnya campur rata kembali,Panaskan cetakan, olesi dengan minyak, tuang adonan kemudian tutup. masak hingga setengah matang, beri topping raisin diatasnya,tutup kembali, tunggu hingga matang. Keluarkan kue dengan spatula kecil. sajikan"
pisang,https://cookpad.com/id/resep/24388560,Pisang Gapit ala Mbak Arina Putri,"9 buah Pisang kepok, saya pisang cavendish,2 SDM Butter,130 gr Gula merah,65 ml Santan,2 lembar pandan,saya skip,secukupnya Vanili bubuk,300 ml air,1/2 sdt Maizena, larutkan,secukupnya Garam","Siapkan semua bahan-bahannya.,Kupas pisang cavendish lalu pipihkan dengan menggunakan talenan. Untuk pisang kepok mungkin bisa dipipihkan lebih dalam lagi,tapi untuk pisang cavendish,lebih bagus jangan ya..saya waktu percobaan pertama, pisang nya saya pipihkan terlalu dalam,dan setelah itu menjadi benyek dan lembek ketika saya panggang. Untuk percobaan yang kedua kalinya, saya tidak menekannya dan lebih hati-hati. Hasilnya lebih bagus.,Bakar diteflon dengan olesan margarin,masak sampai matang bolak-balik,angkat,sisihkan.Iris gula merah lalu masukkan semua bahan kecuali maizena kedalam panci,masak sampai larut dan terakhir masukkan larutan maizena,aduk rata,matikan api.,Sajikan pisang dengan sausnya"
pisang,https://cookpad.com/id/resep/24806318,Es pisang ijo,"2 sisir pisang ijo,1 kg tepung terigu,1 kg tepung beras,1000 gram santan kental,10 lembar Daun pandan,250 gram gula pasir,3 sendok margarin,1 bungkus sagu mutiara,1 botol Syrup pisang ambon","Kukus Pisang 10 menit dan buat adonan seperti di contoh,Setelah set d kukus kembali kira2 15 menit sampai matang,,Masukan tepung Beras, santan, jus daun pandan, susu, garam dan 1 liter air aduk hingga merata masak dengan api kecil adun hingga set...,Hidangkan dan tambahin Toping sagu mutiara dan susu kental manis dan syrup pisang ambon. Dan Es batu.."
pisang,https://cookpad.com/id/resep/24806401,Pisang Gapit,"4 buah pisang kepok matang,125 ml air,2 sdm santan instan,1/4 sdt garam,3 sdm gula semut,1 1/2 sdm larutan maizena (½ sdm maizena + 1 sdm air),1 lembar daun pandan","Kupas kulit pisang lalu pipihkan pisang dengan talenan.,Panggang pisang dengan sedikit margarin. Lalu angkat jika sudah berwarna sedikit kecoklatan.,Di wadah lain panaskan larutan kuah kinca. Aduk terus hingga mendidih agar santan tidak pecah.,Letakkan pisang yang sudah dipanggang di atas piring lalu tuangkan kuah kinca."
pisang,https://cookpad.com/id/resep/24597264,Pisang cokelat (piscok),"3 buah pisang nangka,1 bungkus kulit lumpia (isi 10),2 bungkus skm cokelat,2 Sdm terigu, Minyak goreng","Potong memanjang pisang,lalu siapkan adonan terigu (siapkan wadang masukan 2 sdm terigu lalu masukan sedikit air dan sedikit garam aduk2 sampai merata),siapkan jg kulit lumpia.,Siapkan kulit lumpia (me.potong jd 2 kulit lumpia) masukan pisang dan susu skm lalu tutup rapat ujung lumpia lem menggunakan adonan terigu.,Siapkan wajan panaskan minyak lalu goreng pisang cokelat sampai kuning kecoklatan ulangi sampai habis,pisang coklat siap dinikmati 😍😍"
pisang,https://cookpad.com/id/resep/24168393,Dadar Gulung Pisang Coklat,"10 buah pisang raja (diiris 2 bagian),Secukupnya mentega,Secukupnya keju parut,Secukupnya meses (DCC serut),250 gr tepung pro sedang,20 gr coklat bubuk,2 sdm tepung tapioka,30 gr gula pasir,1/2 sdt garam,2 butir telur,500 ml susu cair,4 sdm minyak goreng","Cairkan mentega di teflon, panggang pisang bolak balik hingga matang.,Siapkan bahan isian lainnya.,Campur semua bahan kulit jadi satu aduk hingga rata. Saring supaya tidak bergerindil.,Panaskan teflon, oles dengan sedikit minyak dengan kuas silikon. Tuang adonan kulit putar/ratakan di teflon. Tunggu hingga bagian atas matang. Kemudian taruh di piring.,Langsung tata isian pisang, keju, coklat. Kemudian gulung. Lakukan sambil mendadar adonan kulit. Lakukan hingga habis."
pisang,https://cookpad.com/id/resep/24713909,399. Pisang Gogodo,"6 buah pisang masak (raja/kepok),4-5 sdm tepung serba guna,1 sdm tepung beras (opsional),75-100 ml air,1 sdm gula pasir (bisa ditambah jika pisang kurang manis),Sejumput garam, Sckpnya minyak goreng, Topping :, Sckpnya gula donat (opsional)","Kupas dan potong pisang kotak2 kecil. Sisihkan. Lanjut dalam wadah campur tepung2an, gula, garam dan air. Aduk sampai tidak ada yg bergerindil. Masukkan pisang yg telah dipotong2 tadi,Goreng di minyak panas sambil di bolak balik sampai matang kuning kecoklatan, angkat dan tiriskan,Sajikan, bisa ditabur gula donat tipis2 👍😘"
pisang,https://cookpad.com/id/resep/24729734,Puding pisang,"4 bh pisang barangan,5 sdm gula pasir,1/2 sdt garam,1 sachet agar2 bubuk,1 sdm tepung maizena,1 sdt perasa vanilla,secukupnya Pewarna makanan,450 ml santan","Siapkan bahan2,Potong pisang kecil2, lalu masukkan ke panci. Tambahkan gula, tepung maizena, garam.,Tambahkan agar2 dan susu. Lalu aduk rata hingga tercampur rata. Masak hingga mendidih.,Dinginkan sebentar, agar uap menghilang. Masukkan ke dalam cetakan.biarkan membeku.,Sajikan..."
pisang,https://cookpad.com/id/resep/24804469,Banana cake tanpa tepung,"2 atau 3 bj pisang matang tergantung ukuran,2 telur ayam,2-3 tetes stevia,80 gr rolled oats yang diblender/dihaluskan,1 sdt soda kue,1 sdm cocoa powder, Dark chococips / coklat batang dicincang kasar,1/2 sdt vanili bubuk","Haluskan pisang,Campurkan semua bahan pakai sendok,Kukus 30menit"
pisang,https://cookpad.com/id/resep/24805667,Pisang geprek keju,"10 biji Pisang kepok Mateng tapi tidak begitu lembek,4 sdm Susu Kental Manis,2 sdm gula palm tabur,1 sdm margarin (Filma),1 bungkus keju craft parut","Kupas pisang kemudian digeprek dengan cara : siapkan talenan, plastik, dan pisau yang lebar agar memudahkan proses geprek nya,Setelah itu lelehkan margarin di atas teflon sedikit demi sedikit tnggu sampai aroma margarin keluar,Panggang pisang sampai berwarna sedikit kecoklatan,Setelah Mateng siapkan diatas piring yang menarik,Kasih SKM sedikit demi sedikit,Taburkan gula palm di atas nya,Kemudian topping terakhir parut keju sesuai selera"
pisang,https://cookpad.com/id/resep/24333466,Nagasari Pisang Raja,"3 buah pisang raja ukukuran besar,250 gram tepung beras Rose brand,50 gram  tepung tapioka (sy pakai sagu tani),100-1200mili  santan (3 bungkus Kara + air),1/4 sdt garam,secukupnya vanili bubuk,100 gram gula pasir","Siapkam bahan,Kupas pisang dan potong sesuai selera,Siapkan panci, masukkan semua bahan kecuali pisang untuk isian.,Masukkan santan hangat yg sudah di rebus sebelumnya, aduk hingga tercour rata,Nyalakan kompot lalu masak tepung yg sudah di campur sajtan hangat tadi lalu Aduk sampai tercampur rata dan pastikan tidak ada bahan yang bergerindil.
Masak sampai kental, kalis dan kesat. Angkat,Bungkus dengan daun pisang dan sematkan pisang untuk isian,Kukus sampai matang dengan api sedang,Jika sudah matang angkat, lalu dinginkan dan siap disahikan"
pisang,https://cookpad.com/id/resep/24585104,"Pisang Goreng Corn Flakes, tanpa minyak","6 buah pisang uli mengkal,1 sdm gula cair(boleh ganti dg madu/kental manis),50 gram corn flakes,50 gram keju cheddar parut,30 gram meises,30 gram kental manis","Haluskan corn flakes, sisihkan,Kupas pisang, belah 2 tidak terputus. Oles dengan gula cair dan baluri seluruh permukaannya dengan remahan corn flakes.,Panaskan air fryer 5 menit di suhu 180C. Masak pisang selama 5 menit,Sajikan pisang dengan parutan keju, meises dan kental manis."
pisang,https://cookpad.com/id/resep/24801066,Pisang Goreng Praktis,"2 sisir pisang kepok kuning, dan sudah tua,2 sachet tepung pisang goreng Instant,310 ml air,Secukupnya minyak untuk menggoreng","Siapkan bahan bahan yang dibutuhkan.,Tuang tepung pisang goreng instant diwadah, tambahkan air bertahap, sambil diaduk hingga menjadi adonan halus.,Kupas dan belah pisang, agar bag dalam pun akan matang sempurna. Celup dalam adoman dan goreng dalam minyak yang sudah dipanaskan.,Balik bila satu sisi sudah berwarna keemasan. Bila kedua sisi sudah matang angkat dan tiriskan. Bisa dilihat saat di belah pisang sudah matang sempurna (garing diluar tetap lembut di bagian dalam).,Pindahkan dipiring saji, dan pisang goreng praktis dengan tepung instant, siap dinikmati 🤩, kriuknya dapat, serta lembut harum dan manisnyapun sempurna, praktis banget kan....😍👍"
diet,https://cookpad.com/id/resep/24963558,Apple Cider Vinegar/ Cuka Sari Apel/ Cuka Apel,"5 buah apel apa aja,15 sdm munjung gula pasir (gulpas),secukupnya Air minum, Toples kaca buat tempat fermentasi, Kain katun sama karet buat tutup, Saringan plastik (jaring maupun rangkanya) halus jangan yang jaringnya dari besi ya, Corong plastik buat nuang Cuka ke botol biar gak tumpah, Irus plastik jangan yang dari besi ya buat ngambil Cuka,Mangkok kaca untuk wadah Cuka yang udah disaring, Toples kaca kecil untuk wadah ampas apel, Spatula silikon untuk menekan nekan ampas apel,Botol kaca mulut kecil (Ibuku: botol kaca bekas sirup) buat wadah Cuka Sari Apel","Cuci apel dengan air mengalir 3x. Kalau punya Eco Enzyme (EE), rendam apel dengan 1 tutup botol EE selama 30 menit, bilas. Potong apel kecil kecil. Buang bijinya. Masukkan potongan apel ke toples kaca 2 liter.,Tambahkan gula pasir.,Tambahkan air minum 3/4 bagian toples (1/4 bagian sisa toples untuk udara), aduk dengan spatula silikon.,Lap mulut toples sama leher toples dengan lap bersih (biar gak ada serangga yang hinggap lalu bertelur).,Tutup toples dengan kain katun, ikat karet. Beri label tanggal pembuatan. Simpan di suhu ruang.,Selama 10 hari pertama, buka, aduk Cuka tiap hari. Setelah itu tutup lagi. *Ibuku aduk Cuka tidak tiap hari. Kadang 2 hari sekali kadang 3 hari sekali karena Ibuku sibuk jualan. Jangan lupa selalu lap mulut sama leher toples dengan lap bersih ya kalau mau ditutup lagi.,Setelah 1 bulan, akhirnya panen. Horeee.,Siapkan alat alat saringnya. Ambil air Cuka dengan irus, saring. Tekan tekan ampas apel yang tersangkut di saringan (biar airnya keluar semua), simpan ampas ke toples kaca kecil. *Ampas apel bisa buat pupuk tanaman. Tuang air Cuka hasil saringan dari mangkok ke botol kaca dengan bantuan corong. Tutup rapat. Simpan di suhu ruang.,Taraaa. Cuka Sari Apelnya sudah jadi. Yeayyy.,Cara minum: tuang 2 sdm plastik Cuka Sari Apel ke dalam 1 gelas air minum, aduk. Kalo Ibuku minumnya pagi hari sebelum makan sama malam sebelum tidur (kalau ingat karena biasanya Ibuku lupa karena langsung tidur).,Selamat mencoba ya semua. Semoga sehat selalu.🥰"
diet,https://cookpad.com/id/resep/24700593,Sandwich Putih Telur,"2 lembar Roti Whole Wheat Bread,1 sachet sambal tomat,Sedikit Minyak Goreng untuk membuat omelet,2 butir putih telur,1 potong ayam bakar (sisa semalam, bisa diskip),1/2 wortel ukuran sedang, potong kotak,1/4 sdt merica bubuk,1/4 sdt garam,1/8 sdt kaldu bubuk","Siapkan bahan-bahan yang diperlukan.,Pertama kita buat Omeletnya. Kocok putih telur bersama merica, garam dan kaldu bubuk. Kocok sampai tercampur rata lalu masukkan ke dalam irisan wortel dan suwiran ayam. Aduk rata.,Panaskan pan lalu tuang bahan omelet. Masak sampai kedua sisinya kering.,Ambil satu lembar roti lalu letakkan omeletnya. Tambahkan saus sambal lalu tutup dengan 1 lembar roti lainnya. Potong segitiga atau sesuai selera,Siap disajikan"
diet,https://cookpad.com/id/resep/22610404,Ayam Chili Padi Khas Malaysia,"500 gr ayam (me: dada &amp; paha),2 siung bawang putih, haluskan,1/2 sdt garam,4 sdm maizena,1 sdt ketumbar bubuk,2 sdm air lemon,8 cabai keriting merah,8 cabai keriting hijau,2 cabai hijau besar,15 cabai rawit setan,8 siung bawang merah,5 lembar daun jeruk,3 siung bawang putih,1/2 sdm asam jawa tanpa biji,1 sdm saus tiram,1/2 sdt garam,1 sdt gula pasir,Secukupnya minyak goreng","Potong² & cuci ayam hingga bersih. Tiriskan,Campur semua bahan A, marinasi ±1 jam di kulkas,Goreng ayam menggunakan api sedang cenderung kecil hingga ayam kecoklatan / matang. Angkat & tiriskan,Chop kasar daun jeruk, bawang merah, bawang putih, cabai keriting merah, cabai keriting hijau, cabai hijau besar, dan cabai rawit setan. Jangan terlalu halus,Tumis bumbu yg sudah dichop +asam jawa hingga wangi, masukkan gula, garam, dan saus tiram. Aduk rata, koreksi rasa, jika kurang asin, bisa ditambah garam sesuai selera,Masukkan ayam, aduk² hingga rata,Matikan api, angkat & sajikan. Jangan lupa kulit sisa asam jawanya dibuang. Selamat mencoba"
diet,https://cookpad.com/id/resep/24938711,Pepes Jamur Tahu,"250 gram jamur tiram, suwir-suwir,2 buah tahu putih, lumatkan,1 butir telur,1 buah tomat merah, potong-potong,1 genggam daun kemangi,10 buah cabai rawit merah utuh (atau sesuai selera),2 lembar daun jeruk,1 batang serai, memarkan, Daun pisang secukupnya untuk membungkus,5 siung bawang merah,3 siung bawang putih,3 butir kemiri,1 ruas kunyit,5 buah cabai merah keriting (sesuai selera),secukupnya Garam, gula, dan merica","Suwir jamur dan cuci jamur. Haluskan semua bahan bumbu halus. Tumis bumbu halus hingga harum. Masukkan daun jeruk dan serai, tumis. Masukkan jamur tiram, masak hingga layu. Tes rasa.,Campurkan tumisan bumbu dan jamur ke dalam tahu yang sudah dilumatkan.,Tambahkan telur, tomat, kemangi, dan cabai rawit utuh. Aduk rata.,Ambil daun pisang, letakkan adonan, bungkus rapi, dan semat dengan lidi. Kukus pepes selama 30-45 menit atau hingga matang.,Siap disajikan dengan nasi hangat."
diet,https://cookpad.com/id/resep/24938316,Tumis Ayam Jamur Shimeji,"150 gr jamur shimeji,200 gr ayam fillet,3 siung bawang merah,3 siung bawang putih,2 buah cabe merah besar,2 buah cabe hijau besar,2 sdm saus tiram,2 sdm kecap asin jepang,1/2 sdt lada bubuk,1 sdt kaldu bubuk,50 ml air,1 sdm vco","Tumis ayam dengan 1 sdm vco hingga berubah warna.,Masukan irisan bawang dan cabe, tumis hingga harum.,Masukan seasoning dan air, masak hingga ayam matang.,Tambahkan jamur shimeji. Masak sebentar hingga jamur lembut."
diet,https://cookpad.com/id/resep/24938409,42/25. Jamur Telor Kukus,"100 gr jamur merang,3 ekor udang kupas,2 telor ayam,1 batang daun bawang,2 siung bawang putih,1 sdt garam,1/2 sdt penyedap,1/2 sdt merica","Siapkan bahan2 untuk jamur kita iris tipis2 bawang daun dan bawang merah putih kita iris juga.,Tumis bawang putih masukkan udang lalu masukkan jamur sampai layu lalu masukkan daun bawang beri bumbu garam merica penyedap..angkat dinginkan. Dalam siapkan telur yang sudah dikocok lepas beri 2 sdm air.,Masukkan tumisan jamur ke dalam telor lalu kukus 20 menit dengan api sedang. Lalu angkat dan siap dinikmati"
diet,https://cookpad.com/id/resep/24968111,Sosis Solo Gluten Free,"1 ons tepung mocaf,20 gr tepung maizena,1/2 sdt garam,1 butir telur,300 ml air,1 sdm minyak goreng,1/4 ayam filet dada,30 ml santan kental + air,2 kemiri sangrai,3 siung bawang merah,2 siung bawang putih,1/4 sdt merica bubuk,Secukupnya garam,2 lbr daun salam,1 btg sereh geprek,1 ruas jahe geprek,1 lbr daun jeruk,Secukupnya kaldu ayam,1/2 sdt gula","Ayam di rebus kemudian di Chopper hingga halus.,Haluskan bawang merah, bawang putih, kemiri sangrai.,Tumis bumbu halus, tambahkan daun salam, daun jeruk, sereh dan jahe geprek. Tambahkan seasoning garam, gula, dan kaldu bubuk.,Masukan ayam yang sudah di Chopper dalam tulisan bumbu. Tambahkan santan yang sudah dilarutkan dalam air. Masak hingga air menyusut. Koreksi rasa,Campurkan tepung mocaf, tepung maizena, garam. Tambahkan telur aduk hingga rata. Tambahkan air sedikit demi sedikit sambil diaduk agar tidak menggumpal hingga air habis. Tambahkan minyak goreng aduk rata.,Saring adonan agar kulit sosisnya halus.,Panaskan pan, cetak kulit sosis dengan takaran sendok sayur. Selesaikan sampai semua adonan.,Isikan ayam dalam kulit sosis. Gulung dan simpan dalam tupperware. Bisa di simpan dalam kulkas untuk stok cemilan.,Goreng dalam minyak yang panas dengan api sedang."
diet,https://cookpad.com/id/resep/16421231,Bolu diet menggunakan oatmeal,"1 bungkus oatmeal 45g,1 bungkus santan kara,1 butir telur(suhu ruang),8 sendok makan gula,6 sendok makan terigu,4 sendok makan air,1/2 sendok makan baking powder","Kocok telur dan gula sampai mengembang,Masukan santan, air, oatmeal, terigu, dan baking powder,Kocok dengan kecepatan sedang,Panaskan kukusan,Masukan adonan kocok ke loyang yang sudah di olesi mentega,Masak 15 menit, tes kematangan dengan di tusuk lidi,Angkat(awas panas), dinginkan, dan keluarkan dari loyang. Bolu siap di nikmati"
diet,https://cookpad.com/id/resep/16430531,"Bolu pisang Oat kukus (diet) tanpa gula dan tepung, tanpa Mixser","2 buah pisang Ambon,1 butir telur,3 sdm Oat (kuaker merah) belender hingga jadi tepung,1/2 sdt vanili,1/3 sdt soda kue,1/4 sdt garam himalaya, boleh pake garam dapur,2 sdm madu asli (boleh pake Amerika TJ）","Kocok pisang menggunakan garpu, sishkan,(pilih pisang yg benar-benar matang/ranum, agar menambah manis pada bolu) ➡️ BAHAN A,Di tempat terpisah, kocok telur, madu, vanili, garam hingga berbusa, sishkan (gunakan telur suhu ruang ya, jangan yg dari kulkas), ➡️BAHAN B,Masukan tepung oat, dan soda kue ke (BAHAN B) aduk hingga rata masukan (BAHAN A),Siapkan loyang dan masukan adonan ke dalamnya (saya pake wadah plastik tinwall yg mangkok, agar tidak lengket),,Siapkan api, dan kukus kurleb 25 menit,, kalau sudah dingin boleh di potong"
diet,https://cookpad.com/id/resep/24966550,Kefir/ Susu Kefir,"250 ml susu kambing atau susu sapi murni,10 gram kefir grain,Cangkir kaca buat wadah fermentasi, Kain katun sama karet buat tutup, Spatula silikon buat ngaduk,Mangkok kaca buat wadah Kefir yang udah disaring, Spatula silikon buat ngambil kefir grain,plastik Saringan untuk menyaring Kefir,Botol kaca mulut kecil buat wadah Kefir, Corong plastik untuk menuang Kefir ke botol biar enggak tumpah","Masukkan kefir grain ke cangkir kaca.,Tambahkan susu sapi murni. Aduk sama spatula silikon.,Lap mulut cangkir sama lap bersih terus tutup dengan diikat karet. Simpan di suhu ruang.,Setelah 12 jam, buka, aduk. Tutup lagi. Jangan lupa dilap dulu ya cangkirnya biar gak dideketi coro sama kecoak.,Setelah 24 jam, aduk, saring. Kefir grainnya dimasukkan lagi ke cangkir terus tambahin susu sapi murni 250 ml. Lap, tutup sama iket karet. Simpan lagi di kamar. Besoknya panen. Gitu terus.,Simpan Kefir di kulkas."
diet,https://cookpad.com/id/resep/16425676,Pizza Oatmeal Kentang Teflon - menu diet,"30 gr rolled oat,60 gr air panas,65 gr kentang (rebus/kukus, lumatkan),1 butir telur kocok lepas,secukupnya Garam dan lada bubuk,Secukupnya wortel, buncis atau sayuran lain,Secukupnya sosis (rebus dulu) bisa diganti daging ayam/lainnya,Secukupnya daun bawang,Secukupnya bawang bombay,1 lembar keju Quick melt,20 gr tomat merah haluskan,1 sachet saos sambal pedas (9gr),secukupnya Garam dan lada bubuk,2 gr margarin untuk memanggang","Rendam rolled oat dengan air panas sampai air panas terserap dan rolled oat empuk.,Saos: campur semua bahan saos, sisihkan,Setelah rolled oat empuk, campur dengan semua bahan Adonan. Aduk rata.,Panaskan teflon, oles dengan margarin. Masukkan adonan pizza, ratakan. Panggang sampai sisi bawah kecoklatan lalu balik.,Oles dengan bahan saos, taburi topping. Tutup teflon, panggang dengan api kecil sampai sisi bawahnya kecoklatan.,Angkat dan sajikan 😍"
diet,https://cookpad.com/id/resep/24950632,Ayam Goreng Basah Khas Sunda,"1 ekor ayam kampung (aku pakai ayam potong biasa) potong potong,10 butir bawang merah,8 siung bawang putih,5 butir kemiri sangrai,1 ruas kunyit sangrai,1 ruas lengkuas,1 ruas jahe,2 batang sereh geprek,4 lembar daun salam,1 SDT ketumbar bubuk, Air kelapa dari satu buah kelapa,secukupnya Garam, penyedap Asatu ROSE BRAND, lada putih bubuk, Pelengkap, Sambal Bawang, Lalapan","Haluskan bumbu, masukan dalam wajan. Ungkep dengan menggunakan air kelapa dan api sedang cenderung kecil. Masukan juga bumbu aromatik, garam dan lada putih bubuk.,Saat mengungkep jangan lupa ditutup, agar nanti hasilnya lebih empuk. Tambahkan penyedap Asatu ROSE BRAND, Ungkep hingga air menyusut,Tiriskan ayam, goreng sebentar saja, tidak sampai kering. Matikan api sajikan bersama lalapan dan sambal."
diet,https://cookpad.com/id/resep/16452554,Dori Cabe Garam versi Diet,"300 gram Ikan Dori Filet,4 sdm Oatmeal (haluskan dengan blender),1 Buah Telur,2 Buah Cabe Merah Keriting,4 Buah Cabe Rawit Merah,1 Tangkai Daun Bawang,15 ml Minyak Kelapa (bisa diganti minyak zaitun/ minyak sawit),Secukupnya Gula (disini aku pakai gula tropicana slim),Secukupnya Garam,3 Siung Bawang Putih","Potong Dadu Ikan Dori dan Balur garam secukupnya.,Kocok telur lalu masukkan ikan ke dalam telur,Balur ikan ke dalam oatmeal yang sudah di haluskan dan sisihkan,Panaskan Minyak Lalu goreng Ikan yang sudah dibalur oatmeal lalu angkat jika sudah matang dan sisihkan,Tumis bawang putih yang sudah di geprek halus,Masukkan Cabe yang sudah diiris lalu tumis,Masukkan Daun Bawang, Garam dan Gula Secukupnya,Masukkan Ikan Dori yang sudah digoreng tadi lalu aduk merata,Siap dihidangkan dengan nasi tambah enak"
diet,https://cookpad.com/id/resep/16420894,"Overnight Oat Susu Kurma, Untuk Diet","50 gr (5 sdm) instan oat / overnight oat,100 ml susu kurma,60 gr (4 sdm) greek yogurt,1 sdm madu,Buah buah segar, Kurma (saya ga pake ya)","Siapkan wadah tertutup

Masukkan oat,Tambahkan susu kurma,Lalu yogurt,Kemudian madu 

Lalu aduk rata

Jika menggunakan instan oat, saya hanya biarkan sekitar 15 menit

Jika menggunakan rolled oat, saya biarkan minimal 2 jam atau semalaman,Sajikan dengan topping kesukaan, enaak banget, alhamdulillah 

Untuk overnight oat dengan susu uht, langsung kesini"
diet,https://cookpad.com/id/resep/24950912,Shrimp roll,"1 butir telur,1 kuning telur,1/2 sdt garam,1/2 sdt kaldu jamur,60 grm terigu serbaguna,1 sdm maizena,15 ml minyak goreng Rose Brand,180 ml air,250 grm paha ayam fillet (saya pakai dada),150 grm udang,1 putih telur,4 siung bawang putih cincang halus,2 sdm tepung tapioka cap Pak Tani Gunung,1 sdm tepung maizena,1/2 sdt garam,2 sdt gula pasir Rose Brand,1 1/2 sdt kaldu jamur,1 sdm minyak wijen,1 sdm saus tiram,1/2 sdt merica bubuk,50 grm terigu serbaguna,1 sdm maizena,1/2 sdt garam,100 ml air,Secukupnya tepung panir,Secukupnya minyak goreng Rose Brand untuk menggoreng","Bikin kulit dulu. Siapkan bahan. Di wadah masukkan terigu, maizena, garam dan kaldu jamur. Masukkan telur lalu minyak goreng Rose Brand. Whisk rata.,Masukkan air secara bertahap. Whisk rata hingga tak bergerindil lalu saring. Adonan siap dipakai.,Panaskan pan 24 cm di atas kompor. Oles tipis dengan minyak goreng Rose Brand. Setelah panas tuang adonan memakai centong sayur. Goyangkan pan agar adonan rata. Masak dengan api kecil hingga matang. Tandanya sudah matang: saat dibalik adonan akan lepas dengan sendirinya. Lakukan hingga habis. Sisihkan,Bikin isian. Siapkan bahan. Tumis bawang putih di pan hingga harum dan kekuningan. Sisihkan. Di mangkok chopper masukkan ayam fillet, udang. Lalu masukkan bawang putih tumis, putih telur, garam,lalu tepung tapioka cap pak Tani Gunung dan tepung Maizena,Masukkan pula gula pasir Rose Brand, kaldu jamur, merica, saos tiram dan minyak wijen. Chopper hingga halus.,Siapkan saus pencelup (tinggal campur semua bahan dan whisk hingga tak bergerindil).Sekarang Shrimp roll siap untuk ditata,Ambil 1 lembar kulit. Isi dengan 2 sdm adonan. Lipat pinggiran kulit menyerupai amplop. Lalu gulung sambil dirapatkan. Bagian ujung diberi sedikit bahan pencelup,Lakukan hingga habis. Jadinya 5 gulung ya. Panaskan kukusan.,Kukus di kukusan yang sudah beruap panas dan kukus dengan api sedang selama 30 menit. Setelah matang keluarkan dari kukusan lalu biarkan dingin,Setelah dingin potong2 serong adonan. Gulingkan di adonan pencelup. Lalu gulingkan di tepung panir.,Lakukan hingga bahan habis. Tata shrimp roll di wadah tertutup. Siap disimpan di freezer dan bertahan hingga 2 bulan 💕,Jika ingin dimakan panaskan minyak goreng Rose Brand di wajan. Lalu goreng Shrimp roll dengan api sedang hingga golden brown.,Setelah matang tiriskan.,Shrimp Roll siap untuk disajikan atau dijadikan bekal buat sekolah 💕"
diet,https://cookpad.com/id/resep/24954919,Cap Cay Goreng Chinese,"150 gr dada ayam fillet,1 buah wortel,100 gr kembang kol,150 gr pakcoy,150 gr sawi putih,2 batang daun pre,5 siung bawang putih,1 buah bawang bombay sedang,2 sdm kecap asin,1 sdm kecap ikan,2 sdm saos tiram,1/2 sdt merica,1 sdt gula pasir,1/3 sdt garam,1/2 sdt royco ayam,1/2 sdt micin,1/2 sdt minyak wijen,secukupnya minyak goreng,secukupnya air panas,secukupnya larutan tepung maizena","Potong ayam sesuai selera, marinasi dengan kecap asin, saos tiram, dan merica. Diamkan 10-15 menit,Sambil menunggu ayam dimarinasi, siapkan semua bahan sayur, cuci bersih dan potong sayuran sesuai selera. Pisahkan setiap jenisnya,Geprek lalu cincang bawang putih. Iris bawang bombay,Panaskan minyak, masukkan bawang putih, tumis dengan api besar hingga harum lalu masukkan bawang bombay, tumis sebentar lalu masukkan ayam yang sudah dimarinasi, tambahkan kecap ikan, tumis hingga ayam berubah warna lalu masukkan wortel, tumis hingga setengah layu,Masukkan kembang kol, tumis kembali, lalu masukkan air panas sesuai selera, saya pakai sekitar 400-500ml,Beri seasoning kecuali minyak wijen. Koreksi rasa, jika sudah pas masukkan pakcoy, sawi putih dan potongan daun pre. Masak terus dengan api besar,Siapkan air larutan tepung maizena,Jika sayur sudah matang sesuai selera dan rasa sudah pas, masukkan air larutan maizena sedikit demi sedikit sambil terus diaduk agar tidak menggumpal,Terakhir tambahkan minyak wijen, aduk sebentar, matikan api."
diet,https://cookpad.com/id/resep/24634953,Sate Taichan Jakarta,"300 gr dada ayam,Secukupnya tusuk sate, Margarin untuk olesan teflon,3 siung bawang putih, haluskan,1 sdm air jeruk limau,1/2 sdt garam,1/2 sdt kaldu ayam bubuk,1/4 sdt lada bubuk,5 buah cabe merah keriting,8 buah cabe rawit merah,2 siung bawang merah,1 siung bawang putih,100 ml air,Secukupnya gula garam dan penyedap,1 sdm air perasan jeruk limau","Bersihkan dada ayam, potong dadu. Kemudian campurkan dengan bumbu marinasi, diamkan 15 menit.,Basahi/cuci tusuk sate. Kemudian tusuk - tusuk potongan ayam, lakukan hingga ayam habis.,Bersihkan cabe dan perbawangan, kemudian blender dengan air hingga halus.,Panaskan sedikit minyak tumis sambal yang sudah di haluskan tadi, tambahkan gula garam dan penyedap, tambahkan perasan jeruk limau. Jangan lupa koreksi rasa.,Panggang sate pada teflon yang sudah di olesi margarin, bolak balik hingga kedua sisinya agak sedikit kecoklatan atau hingga matang.,Sajikan Sate Taichan dengan sambal dan jeruk limau, siap di nikmati."
diet,https://cookpad.com/id/resep/16455451,Martabak Manis Diet Oatmeal,"2 sdm oatmeal yang sudah di haluskan menjadi tepung,1 sdm susu diabetasol,1 sdt maizena,1/4 sdt baking powder,1/4 sdt baking soda,secukupnya perisa pandan,secukupnya air, selai kacang skippy chunky, Meses ceres","Campurkan semua bahan adonan dengan menggunakan sendok,Setelah tercampur ambil cetakan teplon martabak dan oles sedikit margarin. setelah sudah agak panas masukan adonan kedalam teplon,Tutup teplon dengan kaca dan atur api sedang,Setelah dirasa alas kue sudah agak keras angkat,Beri topping sesuai selera,Kalori 3 buah martabak manis hanya kurang lebih 371 Kal"
diet,https://cookpad.com/id/resep/16454293,Ayam Krispy Diet Saus Asam Manis,"1 ons dada ayam fillet iris tipis,2 Sdm Oat yang sudah di haluskan,1 butir putih telur,secukupnya kaldu jamur,secukupnya merica bubuk","Potong ayam iris tipis,Ayam yang sudah di potong di masukan kocokan putih telur yang sudah di beri kaldu jamur agar ada rasa,Setelah tercampur dengan putih telur letakan ayam di tepung oat yang sudah di beri bumbu merica bubuk,Setelah adonan kering masukan ayam ke teplon anti lengket dengan api kecil, jangan lupa di bolak balik ya.,Setelah ayam sudah matang beri saus indofood bangkok secukupnya"
diet,https://cookpad.com/id/resep/16453339,Chicken Kolagen Hotpot Diet,"1 ons dada ayam,1 buah tofu rasa udang,1 buah pakcoy,1 buah jamur kuping,secukupnya jahe,secukupnya daun bawang,1 buah wortel,1/3 bubuk kuwa Chicken Collagen Hotpot,secukupnya Kaldu jamur","Rebus dada ayam hingga matang,Setelah ayam sudah matang, siapkan gelas dan masukan bubuk kuwa chicken collagen hotpot kedalam gelas dan beri air sekita 200 ml bisa lebih aduk sampei bubuk tercampur rata.,TuangLarutan kuwa kedalam panci, setelah itu masukn semua bahan dan tunggu sampai mendidih.,Siap kan wadah dan sajikan ketika hangat"
diet,https://cookpad.com/id/resep/16453317,Terang Bulan Coklat Kacang Diet,"2 sdm Oatmeal yang sudah di haluskan,1 sdm susu deabetasol,2 sachet gula deabetasol,1 sdt maizena,1/4 sdt baking soda,1/4 sdt baking powder, Perasa Coklat,secukupnya Air, Selai kacang Skippy Chunky","Masukkan semua bahan aduk hingga merata kecuali selai kacang,Siapkan Teplon dan beri sedikit margarin agar teplon dan adonan lebih gampang di balik dan tidak lengket,Setelah margarin mencair sisihkan margarin ketempat yang lain,Tuangkan adonan ke teplon dan tunggu sampai adonan muncul lobang lobang kecil,Setelah dirasa alas sudah agak coklat dan kokoh balik sebentar dan angkat,Setelah terbul sudah matang beri topping sesuai selera"
diet,https://cookpad.com/id/resep/16448554,Shirataki kare jepang diet,"100 gr Shirataki, Curry block merek golden curry 1 kotak kecil,2 siung Bawang putih,1 batang Daun bawang,Slice beef 50 gr,1 butir Telur rebus","Iris bawang putih dan potong besar daun bawang kemudian tumis tanpa minyak hingga harum.,Masukan slice beef dan ditumis terlebih dahulu. Tambahkan air dan masukan kaldu blok. Tips kaldu blok diiris iris dahulu agar cepat larut.,Masukan tauge dan koreksi rasa bisa ditambah garam. Saatnya plating dan tambahkan telur rebus."
diet,https://cookpad.com/id/resep/16421380,Es Jeruk Limau Rendah Kalori,"2 buah jeruk limau,1 sachet pemanis 0 kalori (saya pakai tropicana slim stevia),150 ml air hangat,secukupnya Es batu","Tuang pemanis 0 kalori ke dalam gelas,Tuang air hangat, aduk rata,Peras jeruk limau, dan masukkan jeruknya setelah diperas,Beri es batu sesuai selera dan siap dinikmati"
diet,https://cookpad.com/id/resep/16699857,Ayam Tahu Saus Hotplate (Menu Diet),"1 genggam Dada ayam , dipotong dadu, Tahu satu kotak kecil, dipotong dadu, Paprika merah dikit aja, iris memanjang, Bawang bombay dikit aja, iris memanjang, Daun bawang, iris tipis (opsional),1/2 sdt Saus tomat dan pedas,1/2 sdt Saus tiram,1/2 sdt Kecap manis,½ sdt Kecap asin (aku pake merk tropicana),1 sdt perasan lemon (opsional),Sejumput merica bubuk,½ sdt Tepung maizena (opsional, buat mengentalkan),10 sdm Air matang","Campurkan seluruh bahan saus hotplate. Sudah?,Panaskan 1 sdm minyak wijen/olive oil di wajan, masukkan ayam dan masak sampai matang. Tambahkan tahu, aduk serta campur sampai matang. Bisa sampai ayam dan tahunya berwarna keemasan atau sesuai selera aja ya.,Masukkan paprika merah dan bawang bombay. Kongsrang kangsreng sampai udah bau harum.,Masukkan campuran saus hotplate ke wajan, kongsrang kangsreng sampai mengental. Bisa ditunggu sampai kuahnya meresap semua atau sampai sedikit meresap. Jangan lupa koreksi rasa, ya! Kalau udah, taburkan daun bawang (opsional) dan aduk rata.,Kalau udah, silakan dihidangkan seoke mungkin karena makanan yg keliatan cantik bikin mood kita untuk makan nambah. Lalu, sudah siap untuk disantap! Saran: kalau mau pakai nasi, 3-5 sdm aja."
diet,https://cookpad.com/id/resep/24987498,865. Setup Nanas Selasih,"1 L air bersih,1 buah nanas (500gram),2 telunjuk kayumanis,5 butir cengkih,1 sendok sayur stevia/secukupnya (atau bisa ganti 10 sdm gula pasir),1 sdm biji selasih","Siapkan bahan, kupas nanas, cuci bersih, lalu potong-potong,Rebus air sampai mendidih,masukkan kayu manis dan cengkih,Rebus hingga keluar aroma, lau masukkan stevia(bisa ganti gula), aduk hingga tercampur, koreksi tingkat manis sesuai selera, lalu masukkan irisan nanas, aduk.,Jika sudah mendidih lagi, masukkan biji selasih dan matikan api, dinikmati hangat atau dingin tetep enak, jika ingin dingin, setelah suhu ruang, simpan dulu dikulkas 2-3 jam lalu nikmati kesegarannya."
diet,https://cookpad.com/id/resep/24983613,Black Garlic/ Bawang Hitam,"250 gr Bawang tunggal, Aluminium foil 10 cm 3 lembar untuk membungkus bawang,jar Majic untuk mengukus, Lap bersih untuk mengelap bawang","Lap bawang putih satu persatu dengan lap bersih.,Setelah semua udah dilap, bungkus bawang dengan aluminium foil.,Masukkan majic jar. Colokkan magic jar. *Majic jar itu yang buat menghangatkan nasi. Kalau pakai majic com, setelah dicolokkan, tekan tombol ""warm"" ya jangan yang ""cook"".,Setelah 3 hari, balik posisi bawang yang terbungkus aluminium foilnya dengan tangan kanan memegang sendok dan tangan kiri juga. Hati-hati ya takut panas. Yang mulanya posisinya di bawah, sekarang jadikan posisinya di atas.,Setelah 7 hari, panen. Horeee.,Biarkan dingin dulu baru simpan di toples plastik. Cara makannya pagi sebelum makan sama malam sebelum tidur."
diet,https://cookpad.com/id/resep/16470164,Siomay Gubis Anti Gagal Diet,"1 butir Telur Ayam,10 lembar Kulit Sawi Putih,3 buah Sosis Ayam,1 buah Tahu besar,1 buah Wortel,secukupnya Saos Tiram,secukupnya Kecap Asin,secukupnya Kaldu Jamur atau prnyebab rasa","Siapkan semua bahan""berikut. Kukus sawi putih yang telah di cuci bersih. kira"" cuman 5 menit aja.,Potong""semua bahan sesuai penjelasan no 1. Wortel potong panjang"". Kalau tdk suka coba potong pakai serutan.,Siapkan bumbu seperti kecap asin, kecap saos tiram, dan penyedap rasa. Masukkan semua bahan tersebut kedalam wadah untuk di campur aduk jd 1.,Angkat dan tiriskan gubis yang telah dikukus. Masukkan adonan tahu kedalam kulit lupia tersebut. hHancurkan semua bahan jadi 1.,Ambil 1 kulit gubis yang telah 1/2 matang kelas. Ambil 1 pucuk atau lebih menurut selera. Gulung atau bentuk kubis tersebut seperti buat risol atau lumpia,Setelah terbentuk semua. Masukkan adonan kedalam kukusan. Tunggu hingga 35.000.000. Lumayan lah"
diet,https://cookpad.com/id/resep/16441426,"Ayam Woku Kemangi Pedas (Menu Diet) No Minyak, No Gula, NoSantan","8 potong Ayam Kampung,1 buah Jeruk Lemon,4 Ikat kemangi,6 siung bawang merah,4 siung bawang putih,2 cabe merah besar,8 cabe merah keriting,4 cabe rawit merah,2 ruas jahe,1 ruas kunyit,3 buah kemiri,2 lembar daun salam,3 lembar daun jeruk,1 batang sereh (digeprek),2 ruas lengkuas (digeprek),4 ikat kemangi,1 buah tomat (diiris),Secukupnya garam, gula diet, dan kaldu jamur (optional)","Potong Ayam menjadi 8 bagian sedang. Lumuri dengan air perasan jeruk lemon. Sisihkan selama 10 menit.,Didihkan air, rebus ayam selama 10 menit. Sisihkan.,Haluskan bawang merah, bawang putih, cabe, kemiri, jahe, kunyit. Untuk kunyit dan kemiri disanggrai terlebih dahulu. Tambahkan air 50 ml saat menghaluskan.,Tumis bumbu halus tanpa minyak. Masukan daun salam, daun jeruk, sereh dan lengkuas yang telah digeprek. Setelah air agak berkurang tambahkan air lagi, pastikan bumbunya benar-benar matang. Tambahkan secukupnya garam, dula diet, dan kaldu jamur (optional),Masukkan ayam ke dalam bumbu yang telah ditumis. Masak selama 10 menit,Setelah dimasak selama 10 menit, masukkan kemangi, masak selama 3 menit, kemudian terakhir masukkan tomat, masak sebentar saja.,Koreksi rasa, lalu sajikan."
diet,https://cookpad.com/id/resep/24981022,Kimchi/ Fermentasi Sayuran dari Korea Selatan,"2 kg Sawi putih,40 gr garam,450 ml air hangat buat melarutkan garam,250 ml air dingin buat mendinginkan air hangat, Teko plastik 3,1 liter buat wadah air garam, Sutil kayu buat aduk air garam, Toples plastik 16 liter buat tirisan sawi,40 gr garam,10 cm rumput laut kering,3 jamur Shiitake,1 sendok makan (sdm) tepung ketan,500 ml air, Saringan buat nyaring kaldu, Spatula silikon buat aduk tepung ketan biar kental,Gelas takar plastik buat ngukur kaldu,1/4 bawang bombay,1/2 pir hijau,8 bawang putih (baput), Blender yang kecil buat menghaluskan bumbu *Ibuku pakai dry mill,Mangkok kaca buat wadah saus,1/2 sendok makan (sdm) garam *Ibuku pakai garam yang warna pink atau garam Himalaya,2 sdm gula pasir (gulpas),125 ml kecap ikan teri asli Korea,3 sdm madu,250 gr gochugaru atau cabe bubuk asli Korea,1/2 genggam bawang prei potong potong,1 lobak putih potong potong korek api, Sarung tangan plastik buat melindungi tangan biar gak panas pas aduk saus, Toples kaca 2 liter 1 dan 500 ml nya 1 buat wadah Kimchi","Potong tiap sawinya jadi 4.,Cuci sawi dengan air mengalir satu satu daunnya. Yang bersih ya siapa tau ada ulat yang tinggal di situ. Tiriskan.,Buat air garamnya: larutkan garam dengan air hangat. Jangan panas panas ya airnya. Kalau telunjuk coba kita masukkan ke air hangat dan gak kepanasan berarti betul. Terus setelah larut, tambahkan air biasa.,Celupkan sawinya satu persatu ke air garam terus tempatkan ke toples. Air tirisannya jangan dibuang ya. Soalnya airnya harus cukup buat celupan semua sawi.,Ambil sawi lalu baluri satu persatu batang sawi yang putih tebal itu dengan garam. Mulainya dari batang luar dulu ya. Setelah selesai semua dan masuk toples, tutup aja gak usah kencang sekedar biar gak kemasukan debu aja. Tunggu 8 jam atau pokoknya batangnya nanti kalau coba dipatahkan, dia lentur dan gak patah.,Bilas sawi satu persatu daunnya di air mengalir 2 kali. Yang ke tiga kali bilas pakai air minum. Tiriskan 1 jam.,Masak kaldu: air, jamur, rumput laut direbus dengan api kecil 10 menit. Terus ambil air kaldunya 250 ml dengan cara disaring. Tambahkan tepung ketan, aduk sampai larut terus air kaldunya direbus lagi dengan api kecil aja sampai mengental. Matikan api.,Blender bumbu halusnya lalu tuang ke mangkok.,Tambahkan kecap ikan teri, gula pasir, garam, madu, gochugaru, kaldu, bawang prei, dan lobak. Icip atau tes rasanya. Aduk jangan lupa pakai sarung tangan.,Ambil sawi lalu baluri setiap daunnya dengan saus. Dimulai dari luar daun. Masukkan toples.,Simpan di suhu ruang 3 hari. Setelah itu simpan di kulkas. Icip. Rasanya asam dan di toplesnya banyak gelembung tanda fermentasinya berhasil.,Makan pakai nasi dan telur ayam ceplok.😁,Selamat makan😁"
diet,https://cookpad.com/id/resep/25011568,Lumpia Thailand,"6 lembar paper rice,4 lembar daun selada,3 buah baby wortel,1 buah tomat merah,5 lembar Kol Ungu,2 buah telur ayam rebus,10 lembar chicken pepperoni homemade,Secukupnya Sambal Thailand atau saus kesukaan","Siapkan semua bahan, cuci bersih lalu rendam dengan air matang yg diberi garam selama 5 menit lalu buang airnya. Potong2 wortel seperti korek api.l, setelah itu sisihkan.,Lanjut kol ungu dan daun selada sebelum dipotong2 keringkan dengan Tissue dapur.,Setelah sayuran dipotobg2 siapkan telur dipotong 4 atau sesuai selera, siapkan chicken pepperoni home made panaskan sebentar di microwave/ bisa jg di wajan (tanpa minyak) siapkan air di dalam piring.,Celupkan paper rice kedalam air hingga semua basah, angkat lalu beri isian.,Setelah itu lipat seperti melipat risol kemudian di gulung. Lakukan sampai habis.,Siap disajikan dengan saus kesukaan 😉😋"
diet,https://cookpad.com/id/resep/25013704,Dimsum Ayam Udang Sayuran Endesss,"1000 gram dada ayam fillet,250 gram udang,200 gram labu siam,3 batang wortel,2 butir telur ayam,100 gram tepung sagu tani,1 bungkus kulit dimsum siap pakai,5 buah tahu cokelat,10 siung bawang putih,1 sdt merica bubuk,2 sdt gula pasir,4 sdm saus tiram,6 sdm minyak wijen,1 sdt kaldu jamur,secukupnya minyak goreng untuk olesan kulit dimsum","Siapkan kulit. lumuri 1 bagian dengan minyak goreng,Chopper halus labu siam,Chopper halus wortel,Chopper halus dada fillet beserta kulitnya,Sampai hasil demikian,Siangi kepala dan kulit udang, kemudian chopper halus 200 gram, sisakan dulu 50 gram jangan di chopper ya,Dalam wadah masukkan hasil chopper dada, labu. untuk bawang putih juga chopper halus,Chopper kasar udang sisa 50 gram tadi agar ada tekstur,Masukkan telur dan semua bumbu bumbu. aduk rata semuanya kemudian masukkan tepung sagu tani,Aduk lagi hingga rata. ambil kulit dimsum, bagian yg tidak terkena minyak beri adonan, kemudian bentuk. aku bentuk begini saja, yg penting kebentuk karena sama momong bayi. ambil praktisnya saja,Lakukan hingga selesai dan atasnya beri topping wortel. kemudian kukus selama 15 menit setelah air mendidih,Ada sedikit sisa adonan, aku isikan di tahu. aku kukus di kloter kedua,Jika sudah matang angkat dan sajikan dengan saus.. ini enak bgt ! memang jujur akan lebih juicy pakai paha fillet, tapi karena aku diet sengaja pakai dada, selamat mencoba"
diet,https://cookpad.com/id/resep/25012980,Healthy Food Platter,"1 buah Jagung potong kecil direbus,1 buah Ubi Cilembu potong bulat direbus,1 buah Singkong potong kecil direbus,secukupnya Potongan pepaya,secukupnya Garam,secukupnya Air bersih","Siapkan bahan pembuatan healthy food platter. Pesiang bahan-bahan, cuci bersih lalu tiriskan.,Panaskan air dalam panci. Tambahkan garam, tunggu sampai mendidih.,Masukkan jagung, ubi rambat dan singkong ke dalam panci. Masak hingga matang, angkat dan tiriskan.,Plating bahan healthy food platter ke dalam piring sesuai keinginan masing-masing. Healthy food platter siap dinikmati sepenuh hati✨💖"
diet,https://cookpad.com/id/resep/16474883,Korean Toast Bread (menu diet),"2 lembar roti (bisa gandum atau tawar),1 butir telur,25 gr kubis iris tipis,25 gr wortel,50 gr tomat iris tipis,1 lembar keju slice (13gr),1 sachet saos sambal/tomat sesuai selera,Secukupnya daun bawang,Secukupnya garam dan lada bubuk,Secukupnya kertas wrap atau kertas roti untuk membungkus","Panggang roti di atas teflon, sisihkan (ini tanpa margarin ya),Campur telur, garam dan lada bubuk. Kocok lepas. Masukkan wortel dan daun bawang. Lalu dadar di atas teflon tanpa minyak sampai matang. Bentuk persegi di sisi-sisinya seukuran roti.,Siapkan 1 lembar roti, taruh irisan kubis, lalu tomat, lalu dadar, beri saos, lalu tumpuk dengan keju, tomat, kubis dan terakhir roti (atau bebas sesuai kreasi masing-masing),Bungkus roti dengan kertas wrap. Bungkus rapat dan isolasi setiap sisi biar nggak ambyar waktu di potong. Trus potong bungkusan di tengah-tengah dan siap di santap. 😍😍"
diet,https://cookpad.com/id/resep/24963191,Sup Kaki Kambing,"4 kaki kambing,1 kg daging kambing,1 liter air,500 ml susu cair,130 ml santan instan,10 siung bawang putih,5 butir kemiri,4 ruas jahe,1/2 butir pala,1 sdt lada butir,3 sdt garam,3 sdt kaldu bubuk,1 sdt gula pasir,4 lembar daun jeruk,2 lembar daun salam,2 butir bunga lawang,7 butir cengkeh,5 butir kapulaga,1 sdt jinten,5 cm kayu manis,Secukupnya kentang rebus,Secukupnya daun bawang dan seledri,Secukupnya sambal,Secukupnya jeruk nipis,Secukupnya emping,Secukupnya bawang goreng","Rebus kaki kambing dan juga daging kambing secara terpisah. Buang air rebusan. 
Rebus kembali hingga empuk.,Siapkan bumbu halus dan bumbu aromatik.,Tumis bumbu halus dan bumbu aromatik hingga harum dan tanak, kemudian masukkan pada rebusan daging, masukkan kaki kambing.yang sudah direbus terpisah.
Rebus hingga bumbu meresap.,Masukkan santan dan susu cair, garam, gula dan kaldu. Masak hingga matang.,Penyajian : 
Tata kentang pada mangkuk saji kemudian tambahkan daging dan kaki kambing, siram dengan kuah kaldu. Sajikan dengan taburan bawang goreng, daun bawang, seledri dan emping. Tambahkan sambal dan jeruk nipis sesuai selera."
diet,https://cookpad.com/id/resep/16471330,Salad Sayur (cocok untuk diet),"1 buah wortel di potong tipis2,5 sdm jagung pipil,1 buah kentang,secukupnya Selada, Kol ungu secukupnya (boleh skip), Sosis kenzler original (boleh di ganti telur rebus 1 butir), Dressing salad (aku pakai maestro thousand island), Saus cabai secukupnya (option)","Cuci bersih semua sayuran,Untuk jagung pipil & kentang, di rebus,Selada, kol ungu, & wortel setelah di cuci, rendam sebentar di air garam supaya hilang kotoran, lalu iris tipis2,Potong sosis sesuai selera atau kalau pakai telur, rebus telur ayam sampai matang.,Plating sayuran di atas piring cantik lalu siram dengan salad dressing,Selamat mencobaaa"
diet,https://cookpad.com/id/resep/16471085,Tahu Telur Kukus topping Ayam Saus Tiram (menu diet),"110 gr tahu putih lumatkan dengan garpu,1 butir telur ayam kocok lepas,Secukupnya garam dan lada bubuk,Secukupnya daun bawang iris tipis,125 gr fillet dada ayam potong dadu,5 gr kecap manis,5 gr saos tiram,3 gr kecap asin, Cabai merah besar buang biji iris tipis,Secukupnya garam dan lada bubuk,1 siung bawang putih cincang,1 siung bawang merah cincang,25 gr tomat iris,Secukupnya air","Cara buat tahu telur:
Campur semua bahan jadi satu. Masukkan ke wadah tahan panas. Kukus 10-15 menit (tes tusuk, kalo tidak ada yang menempel berarti sudah matang) angkat sisihkan.,Cara buat topping:
Siapkan wajan, masukkan air (tidak perlu terlalu banyak cukup untuk merebus ayam).
Didihkan air, masukkan bawang putih, merah, cabai dan ayam. Masak sampai ayam berubah warna. Masukkan tomat, tunggu sampai air agak menyusut tapi jangan sampai habis ya airnya. Masukkan kecap manis, kecap asin, saos tiram, garam dan lada. Tes rasa. Masak sebentar lalu angkat.,Penyajian:
Tuang topping Ayam Saus Tiram di atas tahu kukus, dan siap dinikmati."
diet,https://cookpad.com/id/resep/16447142,Gimpab / sushi 314 kcal l menu diet,"1 lembar nori,100 gr nasi putih (saya pakai nasi putih biasa, bisa ganti beras merah ya),20 gr otak-otak / fish cake (saya pakai otak2, bisa ganti fish cake),1 butir telur,70 gr bayam daun / bayam liar (saya pakai bayam liar karena texturenya lebih crunchy &amp; ngga lembek. bisa ganti bayam biasa),10 gr wortel,secukupnya minyak wijen,secukupnya minyak kelapa untuk tumis &amp; dadar telur,secukupnya garam,secukupnya wijen,secukupnya kaldu / penyedap","Rebus bayam di air mendidih, sebentar aja sekitar 1-2 menit.,Angkat, rendam di air es. tiriskan,Tambahkan garam, minyak wijen & biji wijen. aduk rata, sisihkan,Potong korek wortel, rebus di air mendidih. *prosesnya sama seperti bayam :).,Tambahkan garam, minyak wijen & biji wijen. aduk rata, sisihkan,Potong korek otak-otak. (* kalau otak-otaknya masih beku, rebus sebentar biar gampang dipotong-potong,Panaskan wajan anti lengket, oles sedikit minyak (saya pakai botol spray minyak). tumis otak-otak sampai matang, tambah garam, minyak wijen. sisihkan,Kocok telur, tambahkan garam & kaldu.,Panaskan wajan anti lengket, oles sedikit minyak (saya pakai botol spray minyak). goreng dadar telur sampai matang,Angkat, potong korek telur. sisihkan,Siapkan nasi di mangkuk, tambahkan minyak wijen secukupnya, tambahkan garam secukupnya. aduk rata, sisihkan,Siapkan nori di sushi matt. Tata nasi di atas nori sampai rata, jangan full ya, sisakan sedikit bagian nori untuk mengunci gulungan gimbap.,Tata telur, bayam, wortel, otak-otak diatas nasi.,Gulung gimbap, agak sedikit ditekan, supaya isian gimbap ngga berantakan,Potong gimbap jadi 8 bagian.,Sajikan"
diet,https://cookpad.com/id/resep/16470901,Terong Balado Diet Friendly,"3 Cabe Merah,10 Cabe Rawit (opsional, saya suka pedas),4 siung bawang merah,1 Terong Ungu Panjang,1 sdt gula,1 sdt garam,1 sdt penyedap (totole), Minyak SEDIKIT banget","Blender Cabe Rawit, Cabe Merah dan bawang merah menggugnakan chopper. tanpa minyak, tanpa air.,Potong2 terong supaya gampang bersihin & kukusnya. 
Lalu cuci bersih terong dgn air garam, diamkan kurang lebih 5-10 menit.,Kukus terong selama 7-10 menit (api jangan terlalu besar),Bumbu balado yang sudah diblender ditumis dengan SEDIKIT banget minyak. saya cuma pake 1/2sdm minyak supaya teflon nggak lengket.,Tambahkan garam gula & penyedap ke bumbu balado. koreksi rasa sendiri, kalo dirasa kurang bisa ditambahkan sendiri.,Bolak balik tambahin air setiap bumbu balado menyusut. sampe terlihat tekstur bumbu balado sudah pas.,Suir suir terong yang sudah dikukus. Masukkan terong yang sudah disuir kedalam bumbu balado. Aduk-aduk sampai menyatu. 

Voila! less guilt terong balado 🤭"
diet,https://cookpad.com/id/resep/16469431,Tahu Kukus Diet,"4 buah Bawang Putih,4 buah bawang merah,3 cabe kecil,2 cabe besar,1 balok Tahu,serut Sayur wortel, Jamur kuping cincang, Brokoli hijau cincang, lada bubuk, kaldu jamur","Blender semua bumbu halus,Setelah bumbu halus masukan tahu yang di potong dadu ke blender sampai semua halus dan masukan lada bubuk, kaldu jamur test rasa sebelum di masukan plastik segitiga,Ambil cetakan kue bebas bentuknya,Tuangkan tahu kedalam cetakan, beri topping sayur setiap layer,Kukus sampai tahu matang, setelah matang dinginkan sebentar, sajikan tahu kukus dengan sayur asem pasti segar."
diet,https://cookpad.com/id/resep/16466386,Seblak diet dijamin kenyang lama,"1 buah telur,6 buah otak-otak ikan,2 slice tahu putih potong dadu,4 lembar sawi putih potong,2 buah pakcoy potong,secukupnya jamur kuping,secukupnya kaldu jamur,1 sdm minyak buat menumis, Kencur setengah kelingking,2 buah bawang merah,4 buah bawang putih,2 cabe besar,3 cabe kecil","Beri minyak pada teplon tunggu hingga panas,Masukan bumbu halus lalu tumis sampai minyak nya keluar,Ceplok telur pada bumbu lalu orak arik setelah itu masukan otak otak, tahu dan beri air sedikit,Masukan sayur sayuran ke dalam teplon beri kaldu jamur dan tes rasa nya,Angkat dan sajikan ketika masih hangat, dijamin mantul"
diet,https://cookpad.com/id/resep/25000861,Kaya toast pandan isi butter ala singapore breakfast set sarapan,"2 buah kuning telur,5 sdm gula pasir,65 ml santan kental (saya pakai instan segitiga),100 ml air,2 sdm tepung maizena,1/2 sdt pasta pandan (boleh diganti pakai daun pandan),4 lembar roti tawar,Secukupnya mentega,2 butir telur,Secukupnya air mendidih,Secukupnya air es,Secukupnya lada hitam bubuk,Secukupnya garam,1 tea bag,500 ml air panas,4 sdm kental manis (sesuai selera),2 sdm gula (sesuai selera)","Siapkan bahan selai kaya,Campur semua bahan kecuali kuning telur. Aduk rata,Kocok lepas kuning telur tidak perlu sampai berbusa,Didihkan adonan nomer 2 sambil terus diaduk agar santan tidak pecah. Saat mulai ada gelembung. Ambil sekitar 5 sdm masukkan ke telur, aduk cepat lalu masukkan semua ke wajan lagi.,Aduk terus hingga mengental. Karena saya dikit porsinya plus minus 10 menit sudah kental. Dinginkan jadi suhu ruang.,Rebus air hingga mendidih sambil siapkan air es. Masukkan telur sesudah air mendidih, pasang timer 3 menit 30 detik. Setelah selesai angkat telur dan masukkan ke air es,Pecahkan telur lalu tambahkan lada hitam dan garam.,Panggang roti tanpa mentega. Kalau ada toaster akan lebih garing.,Oles dengan selai kaya dan letakkan irisan butter di atasnya. Tutup dengan roti lagi dan belah dua.,Sajikan dengan teh susu. Untuk membuat teh susunya standar saja bikin dulu tehnya lalu tambahkan kental manis dan gula lalu aduk rata. Selamat menikmati. Bye2 diet wkakakaka"
diet,https://cookpad.com/id/resep/16465958,Tumis Pakcoy Diet,"2 buah pakcoy,1 telur,2-3 slice tahu potong dadu,3 siung bawang putih iris tipis,2 siung bawang merah iris tipis,secukupnya minyak,secukupnya kaldu jamur,secukupnya saus tiram","Panaskan teplon dengan 1 sdm minyak,Masukan bawang putih bawang merah tumis hingga bau nya wangi,Pecahkan telur kedalam teplon, tunggu agak mateng lalu orak arik jangan lupa di beri kaldu jamur dikit ya biar telurnya berasa,Tambahkan tahu kedalam teplon, tunggu agak coklat, beri sedikit saus tiram mengenai tahu agar tahu sedikit berasa,Tambahkan sedikit air kedalam teplon tunggu agak berkurang airnya lalu masukan pakcoy tumis dan tambahkan saus tiram aduk hinga tercampur rata,Sajikan dengan 3 sdm nasi boleh, atau nggak sayur aja gini enak juga kok,Selamat mencoba"
diet,https://cookpad.com/id/resep/16489635,Oat Cake in Jar (Kue Diet Enak),"3-4 sdm tepung oat (saya pakai Quaker Oat merah yang dihaluskan),1 buah pisang,1 sdt baking powder, Susu cair rasa cokelat (pakai yang low fat untuk yang mau diet ya),1 sdm kismis,1 keping biskuit atau dark chocolate untuk tambahan isian maupun topping (opsional),Gelas jar yang ada tutupnya (bisa pakai wadah lain yang ada ya)","Haluskan oatmeal sampai teksturnya seperti tepung. Masukkan ke dalam gelas/wadah.,Hancurkan/haluskan pisang. Lalu masukkan ke dalam gelas jar/wadah.,Tambahkan baking powder.,Campurkan kismis, dark chocolate, atau biskuit untuk memperkaya rasa.,Tuang sekitar 50 ml susu cair. Tambahkan jika dirasa kurang.,Aduk rata semua bahan. Tambahkan topping sesuai selera.,Siapkan oven dengan suhu 200-250°C lalu panggang adonan selama 20 menit. Bisa juga dikukus untuk yang enggak ada oven.,Dan tadaaaa, jadi deh kue oat yang mirip² brownies. Buat ngisi perut di pagi hari. Selamat mencoba~"
diet,https://cookpad.com/id/resep/16489539,Overnight Oat in Jar (Bisa untuk Diet),"4-5 sdm Oatmeal (saya pakai quaker oatmeal instan yang merah),50 ml susu cair rasa cokelat (untuk diet baiknya pakai susu low fat),2 sdm kacang almond panggang (boleh diskip atau diganti dengan jenis kacang lain kalau suka). Bisa juga pakai Sunflower atau Pumpkin seed, sesuai selera aja ya,1 sdm kismis (boleh diskip),1 sdm chia seeds,Gelas jar yang ada tutupnya","Tuang oat ke dalam gelas. Takarannya boleh sama atau ditambah, sesuai selera aja ya.,Masukkan kacang almond. Oh iya, kalau saya hancurkan dulu kacangnya tapi enggak terlalu halus, biar lebih gampang dimakannya.,Masukkan chia seed dan kismis.,Tuang susu cokelatnya sampai semua bahan terendam.,Setelah itu aduk rata semua bahannya. Boleh ditambah topping biskuit atau cokelat di atasnya.,Tutup gelas jar-nya, simpan di dalam kulkas semalaman. Besok pagi udah bisa dinikmati~"
diet,https://cookpad.com/id/resep/15612831,Menu Diet Diabetes Melitus,"5 siung Bawang merah,3 siung Bawang putih,5 buah Cabe keriting,4 buah cabe rawit,1 cm Jahe,2 cm Kunyit,3 butir Kemiri,3 buah Cabe rawit,2 lembar Daun salam,2 batang Sereh,1 buah Tomat hijau,1/2 sdm Garam,1/2 ikat Kemangi,3 siung Bawang putih,2 ruas Cabe rawit,1 buah Tomat hijau,3 sdm Kecap asin,1 sdm Kecap manis,1/2 ikat Kangkung,50 ml Air,100 gr Kacang hijau,15 ml Santan instan,1 sdm Gula pasir","Cuci bersih ikan dari kotorannya. Beri perasan jeruk nipis,Haluskan bahan bumbu halus dengan cobek,Siapkan 2 lembar daun pisang. Letakkan 1 ekor ikan di daun pisang, lumuri bumbu halus di bagian dalam ikan dan permukaan luar nya. Letakkan bahan tambahan ikan diatasnya. Bungkus daun dan semat dengan lidi

📍 Kukus pepes ikan selama 40 menit an atau hingga matang,Tumis kangkung ➡️ tumis bawang putih, cabe rawit, dan tomat hijau hingga berbau harum. Tambahkan kecap asin, kecap manis, serta sedikit air. Masukkan kangkung, masak sebentar selama beberapa menit. Angkat & tiriskan,Bubur kacang hijau ➡️ rebus kacang hijau hingga setengah lunak, tambahkan santan dan gula pasir. Masak sambil terus diaduk hingga bubur kacang hijau bertekstur lunak & matang,Berikut adalah takaran per porsinya untuk diet DM : 
• Nasi merah 50 gr 
• Pepes Ikan mas 80 gr
• Tumis kangkung 50 gr
• Bubur kacang hijau rendah gula 50 gr"
diet,https://cookpad.com/id/resep/16483385,Egg folded tortilla 364 kcal | menu diet,"1 buah kulit tortilla,2 butir telur (* kalau kebanyakan bisa kurangi 1,30 gr wortel, potong kecil - kecil,1 slice keju (* optional,secukupnya garam,secukupnya merica bubuk,secukupnya kaldu bubuk,secukupnya minyak,2 gr saus sambal,1 gr oregano kering","Potong kecil-kecil wortel, sisihkan,Kocok telur, tambakhan garam, kaldu bubuk, merica & wortel.,Panaskan wajan, olesi dengan minyak,Masak telur, sampai setengah matang aja ya, *( telur jangan dibalik dulu,Tambahkan tortilla diatasnya, tunggu sebentar,Balik telur, *( masak sampai matang ya, jangan lupa dibalik,Balik lagi telur, pastikan posisi tortilla ada dibawah ya.,Tambahkan keju slice diatas telur, lalu lipat telurnya. biarkan keju sampai sedikit meleleh,Angkat, kasih saus, & taburan oregano,Enjoy :)"
diet,https://cookpad.com/id/resep/16487293,Nasi Jagung Untuk Diet (simple pakai magic com),"1 cangkir beras,1/2 buah jagung manis, pipil,2 siung bawang putih,2 sdm minyak utk menumis,1/2 sdt garam,1 sdt kaldu ayam,Secukupnya air untuk menanak nasi","Iris tipis bawang putih, goreng hingga kering. Angkat. Tiriskan.,Siapkan wadah rice cooker. Masukkan beras yg sudah dicuci, jagung manis pipil, bawang putih goreng, garam, kaldu ayam bubuk. Tambahkan air secukupnya seperti memasak nasi biasanya. Aduk rata.,Masak di rice cooker. Tunggu hingga matang.,Setelah matang. Buka rice cooker. Aduk rata. Nasi jagung siap dinikmati."
diet,https://cookpad.com/id/resep/16487519,Cofee Banana muffin low calorie,"200 gr banana matang di hancurkan,70 gr Oat utuh di blender kasar,1 butir telur,1 sachet coffee instan low calorie,30 gr butter di cairkan,1/2 sdt baking powder,1/2 sdt baking soda, Vanili","Pisang dihancurkan dan campur dengan telur,Mentega cair dan tepung oat,bp dan bs,vanili dicampur semua,Adonan mentega dan pisang dicampur semua,diatasnya ditaburi dark choco atau keju kraft 
siap dipanggang 40 menit suhu 180"
diet,https://cookpad.com/id/resep/16468787,Bolu Diet Oats Banana,"175 gr Oats,1 sdt baking soda,1/2 sdt himsalt,85 gr madu,2 sdm butter (lelehkan),2 butir telur ukuran besar,1/2 sdt vanili,3 buah pisang,50 gr chocochip","Panaskan oven di suhu 180°C setidaknya 10 menit sebelum memanggang. Masukkan menjadi satu semua bahan kecuali chocochip, blender sampai halus dan lembut.,Kemudian masukkan choco chip dan aduk perlahan, lalu tuang ke dalam loyang 20x10 yang sudah di olesi margarin dan dialasi kertas roti. Beri toping sesuai selera.,Masukkan oven lalu panggang dengan suhu 160°C selama +-35-40 menit atau tes tusuk kalau sudah tidak ada yang menempel berarti sudah matang.,Sajikan..."
diet,https://cookpad.com/id/resep/24997347,198. Salad Bumbu Kacang,"3 buah Wortel,1 buah Labu siam,1/2 ikat Bayam,3 buah Timun kecil,3 sdm Bumbu kacang instan,50 ml Air panas,1 buah jeruk kalamansi (blh skip)","Kupas dan potong wortel serta labu siam sesuai selera.,Rebus wortel, labu siam dan bayam hingga empuk, tiriskan.,Larutkan bumbu kacang instan dengan air panas hingga kental. Tambahan perasan jeruk kalamansi biar tambah seger, boleh skip kalo gak ada.,Tata semua sayuran di piring, salad sayur siap dicocol sama bumbu kacang."
diet,https://cookpad.com/id/resep/16485282,Martabak Tahu Kulit Lumpia Edisi Diet,"200 gr tahu putih,1 telor uk.besar,1 batang daun bawang, Kulit lumpia,Secukupnya garam, lada, penyedap","Hancurkan tahu, jika sudah hancur masukan daun bawang yg sudah diiris, telor, bumbu garam penyedap lada. Aduk hingga merata,Siapkan kulit lumpia, sendok adonan taro diatas kulit lumpia lalu lipat. Lakukan hingga adonan habis, kebetulan ini hanya dpt 9biji. Susun martabak tahu di dlam airfryer, panaskan selama 20menit. Martabak ala diet sudah siap utk disajikan 🍴"
diet,https://cookpad.com/id/resep/16600274,47. Capcay Sederhana (menu diet),"20 gram baby corn,50 gram wortel,25 gram pokcoy,2 butir telur ayam,1/4 buah bawang bombay,2 siung bawang putih,2 buah cabai rawit,1 sdm saos tiram,secukupnya Penyedap rasa,secukupnya Minyak goreng","Cincang kasar bawang putih, bawang bombay, dan cabai rawit. Sisihkan
Iris tipis2 wortel dan baby corn,Panaskan sedikit minyak, bikin orak2 dari 2 butir telur, sisihkan di sisi wajan, masukan bawang putih, bawang bombay, dan cabai rawit.
Tumis hingga bumbu harum, lalu aduk rata,Masukan wortel dan baby corn, aduk rata. Tambahkan sedikit air.,Tambahkan saos tiram dan penyedap rasa, koreksi rasa,Masykan pokcoy, masak hingga air menyusut habis. Sajikan"
diet,https://cookpad.com/id/resep/16532395,Kering Tempe Kentang Garing (Eat Clean Version),"1 blok tempe (seharga 5 ribu),1/2 kg kentang,6 butir bawang merah,4 buah bawang putih,3 buah cabai keriting (jika suka pedas, bisa ditambah cabai rawit),1/2 sdt garam,1/2 sdm gula,4 sdm kecap manis,1 sdm margarin, Bumbu tempe,2 buah bawang putih,1 sdt garam,200 ml air","Iris tempe berbentuk persegi tipis-tipis.,Haluskan 2 buah bawang putih. Tambahkan 1 sdt garam dan 200 ml air. Campur rata. Diamkan selama 10 menit.,Sembari menunggu, bersihkan kentang, kupas. Sisihkan kulitnya untuk membuat chips kulit kentang. (Resep akan diupload setelah resep ini.),Iris tipis kentang seukuran dengan tempe tadi.,Goreng tempe dengan air fryer menggunakan suhu 170° selama 10 menit (jangan lupa ditambah waktu untuk memanaskan air fryer. Saya:3-5 menit. Sesuaikan air fryer masing-masing), balik, goreng kembali selama 10 menit. Sisihkan.,Goreng kentang dengan air fryer menggunakan suhu 200° selama 15 menit, balik, goreng kembali selama 5 menit. Sisihkan.,Selama menunggu tempe dan kentang matang, siapkan bumbu. Iris tipis bawang merah, bawang putih, dan cabai merah keriting.,Panaskan margarin, tumis bawang merah, bawang putih, dan cabai hingga harum.,Kecilkan api. Masukkan kecap, garam, dan gula. Aduk rata hingga gula larut.,Masukkan tempe dan kentang, masak cepat hingga tercampur rata dengan api sedang cenderung besar. Angkat, sajikan.,Tips: untuk mencegah kentang browning/berubah warna selama menunggu giliran goreng, rendam kentang di wadah berisi air."
diet,https://cookpad.com/id/resep/15967859,Tahu Telur Panggang No Oil (Menu Diet),"3 buah tahu putih,1 butir telur,1 batang bawang bombay, potong,1/2 sdm bumbu oranye (2 baput, 2 bamer, 2 cabe dihaluskan),secukupnya merica, garam","Hancurkan tahu putih,Campurkan semua bahan,Panggang di teflon anti lengket dengan menekan adonan agar adonan tipis supaya seluruh permukaan matang. Balik jika sudah kecoklatan,Angkat dan siap disajikan 😍"
diet,https://cookpad.com/id/resep/16543595,Mie Shirataki Spesial Diet 165 Kalori/Porsi,"200 gr mie shirataki basah,18 gr sosis sapi, potong-potong,18 gr bakso sapi, potong-potong,6 buah udang bersih,1 butir telur,1/4 bawang bombay, dirajang,1 siung bawang putih, cingang halus,20 gr wortel, potong tipis memanjang,45 gr brokoli,1/2 sdm saus tiram,1/2 sdm saus tomat,1/2 sdm saus sambal,Sejumput garam,Sejumput gula,Secukupnya kaldu bubuk non msg,Secukupnya lada bubuk,1/2 sdm mentega,Secukupnya air untuk merebus","Rebus mie shirataki terlebih dahulu. Tunggu hingga mendidih, kemudian tiriskan.,Tumis bawang putih dan bombay dengan mentega hingga harum. Ceplokkan telur dan orak arik sebentar. Masukkan udang, sosis, dan bakso. Masukkan saus tiram, sambal, dan saus tomat. Aduk rata,Masukkan wortel dan brokoli, tumis sebentar dan tambahkan sedikit air agar matang, tunggu agar sedikit mengering.,Masukkan mie shirataki, beri garam, lada, gula, dan kaldu bubuk. Aduk dan cek rasa. Lalu sajikan"
diet,https://cookpad.com/id/resep/16543604,Strawberry Smoothies Healthy Diet,"125 gr strawberry frozen potong,80 ml strawberry yoghurt frozen (aku pakai biokul),2 sdm madu,300 ml air","Blender semua bahan hingga halus.,Sajikan dalam gelas. Diminum selagi dingin lebih nikmat. Bisa ditambahkan topping sesuai selera. Enjoy 👌"
diet,https://cookpad.com/id/resep/16541200,Pecak Tempe Tauge Sambal (Menu untuk Diet),"1 papan Tempe ukuran 12 x 7 cm,1 genggam Tauge segar,3 buah Cabe merah,1 siung Bawang merah,1 siung Bawang putih,1/4 sdt Garam,1/4 sdt Kaldu bubuk","Seharusnya tempenya dikukus saya cukup direbus saja
Rebus juga bahan sambalnya,Setelah tempe matang haluskan dengan mengulek atau dibejek di cobek
Didihkan air, rendam tauge yang sudah dibersihkan hingga setengah matang
Haluskan bahan sambal, masukkan tempe campur dengan sambal lalu tambahkan tauge, aduk merata,Segar dan sehat 👍"
diet,https://cookpad.com/id/resep/16538794,Jus Buah menu sarapan diet," pisang ambon ukuran sedang 1 buah,1 batang wortel,3 buah tomat,700 ml air dingin matang /air mineral -/+","Cuci bersih wortel n tomat, potong kecil2. Masukkan ke dalam blender, + air 500 ml. Blender menggunakan speed 2, selama -/+ 5 menit. Matikan blender.,Kupas pisang, potong2, masukkan blender. tambahkan sisa air, blender dg kecepatan sedang -/+ 2 menit. Matikan blender. Siap di hidangkan."
diet,https://cookpad.com/id/resep/16537615,Roti Kukus Daging Ayam (menu diet),"2 lembar roti tawar (pakai roti gandum juga bisa),50 gr daging dada ayam cincang tanpa lemak,50 gr wortel potong dadu kecil,1 siung bawang putih haluskan,1 butir telur kocok lepas,50 ml susu UHT low fat,100 ml air,Secukupnya garam dan lada bubuk,10 gr keju cheddar,Secukupnya daun seledri (bisa diganti parsley),8 gr (1 sachet) saos sambal","Siapkan kukusan, alasi serbet tutupnya.. Sambil menunggu kukusan panas Potong kecil-kecil roti tawar. Sisihkan,Campur semua bahan. Aduk rata. Masukkan roti tawar. Aduk sampai semua permukaan roti tawar tercampur dengan adonan.,Tuang ke dalam wadah tahan panas. Beri parutan keju dan taburan seledri. Kukus kurleb 15-20 menit.,Sajikan dengan saos sambal. So yummy. Rasanya gurih dan creamy, teksturnya juga lembut banget. Anak-anak juga pasti suka."
diet,https://cookpad.com/id/resep/16537457,Tumis Capcay diet Ala Mamci,"1 Putih Telur,10 Telur Puyuh,2 Sosis Sapi, Siomay kukus 1 atau Dada Ayam Fillet 50 gr,2 Bakso Sapi,2 Wortel,1 Ikat Sawi Putih,2 Ikat Pokcoy,secukupnya Baby Corn,7 Bawang Putih,1/2 Bawang Bombay,2 Sendok Teh Kaldu Jamur, Gula sejumput karena nda pakai Micin heehee,sejumput Garam,sejumput Lada Bubuk,1/2 Sendok Teh Kecap Ikan,1 sendok Saus Tiram,1 Sendok Teh Saus Tomat Abc Pedas Manis","Irislah Wortel serong, Iris Pokcoy dan Sawi Putih (pisahkan batang dan daunnya), Iris Baby corn serong jangan terlalu tipis. Potong juga sosis, bakso dan siomay/dada ayam sesuai selera.,Potong cincang bawang putih. Potong setengah lingkaran Bawang Bombay.,Kocok putih telur. Dan tumis sambil orak arik. Tanpa minyak. Pakailah wajan antilengket.
Sambil rebus telur puyuh 10 biji. Lalu tiriskan.,Tumis bawang putih dan bawang bombay dengan minyak Olive Oil 1 sendok teh. Tumis sampai layu dan sedikit kecoklatan. Api kecil ya supaya masak sempurna karena kalo minyak dikit masak lebih lama dikit, tp sehatnya nambah.,Masukkan sosis, bakso, siomay/dada ayam, putih telur, telur puyuh. Lalu tambahkan wortel dan air secukupnya. Tunggu sampai wortel agak lunak, tambahkan batang pokcoy dan batang sawi putih. Tunggu agak layu tambahkan baby corn. Dan terakhir baru masukkan daun hijau nya. Supaya nutrisi gak hilang ya bun dan masak sempurna ga tll benyek sayurnya.,Masukkan bumbu2 di atas sesuai selera dan icipi sampai terasa pas. Siap disajikan!"
diet,https://cookpad.com/id/resep/16535886,Orak Arik Telur - Menu Diet Sederhana,"1 butir Telur,1 buah Jagung,3 Buncis,1/2 Wortel,2 Bawang merah,1 Tahu Putih, Garam,5 buah Cabai rawit","Rebus 1 buah jagung dan 1 buah tahu putih masak hingga matang kemudian tiriskan.,Potong buncis, wortel, bawang merah, cabai rawit ukuran kecil2,Haluskan tahu yang sudah direbus, lalu masukan potongan wortel, buncis, Bawang merah, cabai merah kemudian taburi garam secukupnya.,Masak orak arik beri minyak sedikit aduk hingga matang merata,Selamat mencoba, Semoga bermanfaat menu diet sederhana dan murah meriah 🤍"
diet,https://cookpad.com/id/resep/16533860,Oatmeal Buah - Menu Diet Sederhana," Quaker oatmeal,1 buah alpukat,1 buah pisang sedang, Energen bubuk/madu","Tuang oatmeal 5 sendok makan, lalu tuangkan Energen 2 sendok makan/madu, Seduh dan aduk oatmeal dengan air panas.,Kupas buah alpukat dan pisang, potong sesuai selera.,Hidangkan... Semoga bermanfaat - menu diet sederhana 🤍"
diet,https://cookpad.com/id/resep/16572482,Kopi Susu Low Calorie,"1 sachet kopi bubuk (merek apa saja bebas no sugar),100 ml susu Diamond atau Low Fat,150 ml Air","Seduh kopi dengan 150ml air atau larutkan air dingin,Campurkan 100ml susu low fat"
diet,https://cookpad.com/id/resep/16533853,Mashed Potato - Menu Diet Sederhana,"3 buah Kentang,sesuai selera Daun singkong - sayur,1 Jagung manis,3 Bawang putih, Garam","Masak air hingga mendidih, masukan kentang dan jagung yang telah di cuci bersih, tambahkan garam secukupnya rebus hingga matang.,Kukus/panggang bawang putih setengah matang, haluskan bawang putih dan kentang yang telah matang, beri garam secukupnya.,Daun singkong : 
Masak air hingga mendidih,Masukan daun singkong pada air mendidih dan beri garam secukupnya, rebus hingga matang.,Buang air rebus daun singkong, kemudian iris tipis tipis daun singkong tersebut, lalu campurkan pada kentang yang telah halus.,Hidangkan sesuai selera semoga bermanfaat 🤍 - Menu Diet sederhana dan Murah Meriah"
diet,https://cookpad.com/id/resep/16530556,Dimsum Ayam Sawi Putih (menu diet),"100 gram dada ayam fillet tanpa lemak (saya potong agak tipis jadi 8 bagian),1 sdm saus teriyaki untuk marinasi (saya pakai kikkoman garlic teriyaki sauce),8 lembar sawi putih,1 sdt saus tiram,1 sdt teriyaki sauce,1/2 sdt kecap asin,1/4 sdt minyak wijen,1/2 sdt wijen sangrai,jika suka Cabe bubuk","Marinasi ayam yang sudah dipotong-potong, simpan dalam wadah tertutup dan masukkan ke kulkas. Diamkan minimal 2 jam sampai bumbu meresap.,Siapkan 8 lembar sawi putih, cuci bersih lalu rebus sebentar supaya lentur & mudah digulung. Angkat & tiriskan.,Ambil 1 potong ayam yang sudah di marinasi, letakkan di bagian batang sawi, lalu gulung & wrap sampai menutupi ayam. Ulangi sampai habis.,Panaskan kukusan, susun dimsum didalamnya.
Kukus sampai benar-benar matang.,Sambil menunggu dimsum matang, siapkan dipping sauce. Campur saos tiram, kecap asin & teriyaki sauce, aduk rata.,Tambahkan minyak wijen & bubuhi wijen sangrai, aduk rata.
Jika suka pedas bisa tambahkan cabe bubuk atau irisan cabe rawit.,Setelah dimsum matang, angkat & siap disajikan hangat dengan sauce."
diet,https://cookpad.com/id/resep/16588071,Cenil Oatmeal (Versi Diet),"40 gr rolled oat (blender),75 gr tepung tapioka (merk rose brand) beda merk beda kalori,1 sachet diabetamil sweetener,10 gr kelapa parut,Sejumput garam,Secukupnya air hangat,Secukupnya Pewarna makanan cair","Kukus kelapa parut, beri sejumput garam. Sisihkan.,Campur oat, tapioka dan diabetamil. Aduk rata. Tambahkan air hangat sedikit demi sedikit sampai adonan bisa di pulung dan tidak lengket di tangan. Tambahkan pewarna makanan. Aduk rata,Bentuk adonan sesuai selera. Letakkan di wadah yang sudah di taburi dengan sedikit tapioka agar adonan tidak saling menempel.,Didihkan air di panci. Setelah air mendidih, masukkan adonan yang sudah di bentuk. Masak sampai adonan mengapung dan tiriskan. Campur cenil dengan parutan kelapa dan sajikan."
diet,https://cookpad.com/id/resep/25023968,Apple Oatmeal Cake (gluten free),"2 buah apel,200 gr oatmeal (boleh instan atau rolled oats),3 butir telur,1 sdt air lemon,2 sdm madu, Kismis, dan almond secukupnya (optiona)","Rebus apel dengan 100 ml air sampai mendidih. Angkat, tiriskan dan haluskan dengan chopper. Lalu sisihkan,Kocok telur manual dengan garpu. Kemudian masukkan semua bahan apel yang sudah dihaluskan, oatmeal, air lemon, madu, dan kismis secukupnya (sisanya untuk toping). Lalu aduk rata.,Siapkan wadah tahan panas. Alasi dengan kertas roti. Tuang adonan dan ratakan. Beri toping kismis dan almond diatasnya.,Panggang dalam oven suhu 180°c selama 50 menit.,Setelah matang. Angkat. Diamkan sebentar kemudian keluarkan dari cetakan. Kue siap disajikan."
diet,https://cookpad.com/id/resep/16583140,"Martabak Tahu Telur Panggang | Gluten Free, Tanpa Minyak (Diet)","5 lembar Kulit Lumpia,1 buah Tahu Putih,1 1/2 butir Telur,1 batang Daun Bawang,secukupnya Garam, Kaldu Jamur &amp; Lada Bubuk","Masukkan bahan isian ke mangkuk, aduk rata.,Siapkan kulit lumpia, lalu beri isian 2 sdm. Lipat seperti amplop.,Panaskan teflon dengan api kecil. Panggang lumpia diatasnya & tutup teflon, balik kalau sudah kecoklatan, panggang lagi & angkat.,Taraaa... Sudah matang, silahkan mencoba~ 💜🧡💙"
diet,https://cookpad.com/id/resep/16587156,Tteokbokki oatmeal diet sehat,"34 gr oatmeal (biru atau merah),92 gr sawi hijau,1 butir telur rebus,15 gr tepung maizena atau tapioka, Kaldu jamur (secukup nya),2 siung bawang merah,2 siung bawang putih,2 cabe merah (atau sesuai selera ya), Daun bawang (secukup nya),2 sdm saus tiram pedas,1 sdt saus tiram, Garam (secukup nya), Bon cabe (secukup nya),2 sdm saus sambal","Haluskan oatmeal dengan blender,Kemudian setelah oatmeal sudah halus tambahkan kaldu jamur secukup nya dan tepung maizena aduk rata,Tambahkan air hangat sedikit demi sedikit agar adonan menjadi padat,Setelah itu bentuk adonan menjadi panjang kemudian potong² sesuai selera,Rebus adonan tadi tunggu bbrapa menit jika dirasa sudah agak padat bisa ditiriskan,Panaskan sdikit minyak kemudian tumis bawang merah, putih, tambahkan cabe dan daun bawang tumis hingga harum tambahkan air sedikit,Masukkan tteokbokki tadi dan sawi hijau yang sudah di potong² serta bumbu persausan,Tambahkan kaldu jamur dan garam (secukup nya) tunggu hingga matang,Setelah dirasa sudah matang..tteokbokki siapp disajikann jangan lupa tambahkan telur rebuss biar makin kenyangggg🤭"
diet,https://cookpad.com/id/resep/16560714,Jus diet(nama/nanas mangga),"1 bh mangga harum manis,600 ml air dingin,1 mangkok sdg nanas","Campur semua bahan
Blender sampe halus,Mantapppp🤤🤤🤤🤤"
diet,https://cookpad.com/id/resep/16583120,"Kulit Lumpia | Tanpa Minyak, Gluten Free (Diet)","50 gram Tepung Beras,1 sdt Tepung Tapioka,1/2 butir Telur,100 ml Air,1/4 sdt Garam Himalaya","Siapkan wadah. Masukkan semua bahan, aduk rata.,Panaskan pan. Lalu celupkan ke adonan, panggang dengan api kecil sampai kulit lumpia matang. Kemudian sisihkan.,Taraaa... Sudah jadiii, silahkan mencoba~ 💜🍽✨"
diet,https://cookpad.com/id/resep/16588165,Bubur Granola Sehat (cocok untuk diet),"5 sdm granola,1 saset energen rasa kacang hijau (optional),secukupnya Air","Panaskan air hinggaendisih,aaukkan Granola masak hingga 3-5 menit,Sebelum diangkat, masukkan energen, aduk-aduk,Hidangan dalam mangkuk, diamkan sebentar & siap di santap untuk menu sarapan"
diet,https://cookpad.com/id/resep/16560717,Jus diet mangga,"1 bh mangga harum manis,300-400 ml air dingin","Kupas mangga sampe bersih,Potong2
Lalu blender sampe halus,Hmmmm nikmattt🤤🤤🤤"
diet,https://cookpad.com/id/resep/16297127,Menu Diet Salad Kailan Tomat Ketimun,"3 tangkai sayur Kailan,1 buah tomat,1 buah ketimun,1/2 jeruk nipis,1 cabe rawit","Cuci bersih sayuran, tomat, ketimun,cabe,Iris tipis tomat,ketimun, sayur dan cabe beri air jeruk nipis,Kemudian campur rata aduk dgn tangan sambil diremas agar sari tomat dan cabe menyatu,Setelah rata siap disajikan dengan ubi singkong dan protein nya bisa dari ikan, ayam,tempe tahu dikukus atau dibakar Alhamdulillah real food"
diet,https://cookpad.com/id/resep/16536521,454. Jus Tomat Low Kalori,"2 buah Tomat Buah (uk besar),1/2 gelas Air Aqua (me: gelas keramik),1 sachet Gula DiabetasoL",Blender semua bahan (aku tanpa saring) Enjoy 😋
diet,https://cookpad.com/id/resep/16643230,Breakfast rendah kalori," Ubi oren, Telur, Edamame, Salad dressing","Panggang ubi menggunaka airfryer/kukus/rebus,Rebus telur dan edamame,Jika siap langsung dihangkan, selamat mencoba🫶🏻"
diet,https://cookpad.com/id/resep/16126014,🥮Bolu Labu Kuning (LowCarb)," ▪️Bahan A :,200 gr labu kukus yang sudah dihaluskan (me pakai 400 gr),1 sachet nutrijell plain,1 sachet santan instan (saya 65 ml) bisa diganti dengan fiber creme,3 sdm olive oil atau sejenisnya,Secukupnya kismis (toping sesuai selera), ▪️Bahan B :,3 butir telur,5 sachet diabetasol / kurma cincang secukupnya, Sejumpat garam","Siapkan semua bahan, Mixer bahan B dengan kecepatan maximal sampai kental berjejak.,Masukkan bahan A kecuali kismis, mixer sebentar saja dengan kecepatan rendah saja sampai bahan tercampur rata. 
Lalu aduk bahan menggunakan spatula, untuk memastikan bahan menyatu semua.,Siapkan loyang yang sudah diolesi olive oil, tuang adonan, hentakkan2 an loyang lalu taburi dengan kismis. Kukus/panggang (sy panggang menggunakan cetakan kue lumpur) krg lebih 30 mnt.,Tes tusuk, bila sudah tidak lengket dan kue sudah matang, matikan api.
Tunggu benar2 dingin dulu baru keluarkan dari loyang (untuk yang kukus boleh disimpan di lemari es dulu sebelum disajikan).,Potong kue dan sajikan."
diet,https://cookpad.com/id/resep/16645939,Tumis Pakis (Diet Enak Diabetes),"3 ikat sayur pakis,5 siung bawang merah,3 siung bawang putih,Secukupnya cabe rawit,Secukupnya minyak goreng,Segelas air,Secukupnya garam dan merica bubuk","Cuci bersih sayur pakis, potong² dan buang bagian yang keras.
Siapkan bumbunya. 
Iris tipis bawang merah.
Tumbuk bawang putih dan cabe.,Panaskan minyak goreng, tumis bawang merah hingga layu.
Tambahkan bawang putih.
Tambahkan cabe rawit, tumis hingga harum, agak kering dan tidak bau langu/mentah.,Setelah bumbu matang, baru masukkan sayur pakis.
Aduk².,Aduk rata hingga sayur pakis layu.
Tuangi air, setelah panas, beri garam dan merica bubuk. 
Tutup wajan dan masak hingga sayur pakis empuk. Tes rasa.,Setelah matang baru matikan api.
Siap dihidangkan."
diet,https://cookpad.com/id/resep/16639019,Tahu baso diet,"250 gr dada ayam giling,15 pcs tahu sumedang,150 gr wortel,1 batang bawang daun,1 sdm minyak wijen,1 sdt bawang putih bubuk,1 sdt ladi putih bubuk,1 sdt garam","Giling dada ayam, aku pake blender kasih ice batu dikit, terus parut wortel lalu campurkan, masukin bawang daun, lada putih bubuk, bawang putih bubuk, garam dan minyak wijen aduk rata.,Potong tahu sumedang jadi dua, saya potongnya nyilang jadi kaya segitiga, lalu keluarin isiannya tapi jangan di buang saya di makan mamah saya hehe, lalu masukin daging giling yang sudah di campur bumbu dan wortel, lakukan sampai adonan / tahu habis, lalu bisa di goreng atau di kukus, kalau di kukus -+30 menit.,Kalau saya di kukus dan jadinya seperti ini dan saya coba buat stock di simpen wadah dan di taruh di kulkas, selamat mencoba🙂."
diet,https://cookpad.com/id/resep/16657965,Tumis Tempe Manis Diet (gek_rada),"1/2 papan tempe,5 bh cabe rawit,5 bh bawang merah,2 bh bawang putih,Secukupnya lada dan royco,1/2 gelas air panas,2 sdm kecap manis,1 sdm saus tiram","Potong dadu tempe.,Iris bawang merah, bawang putih dan cabai rawit.,Masukkan irisan cabai rawit, bawang merah dan bawang putih. Ingat menggunakan api kecil karena tidak menggunakan minyak.,Selanjutnya masukkan tempe.,Jika sudah setengah matang, masukkan air panas, lada, royco, kecap manis, saus tiram.,Koreksi rasa. Jika sudah pas.
Tumis Tempe Manis Diet siap di sajikan."
diet,https://cookpad.com/id/resep/16652327,"Oatmeal Banana Bread Gluten Free, Panggang Oven Cemilan Diet","3 buah (240 gr) pisang ambon matang,160 gr rolled oat,2 butir telur,6 sdm madu,45 gr chocochip (1 bungkus kecil),1 sdt baking soda","Kita akan menggunakan blender untuk mencampur semua bahan 

Siapkan wadah blender

Masukkan potongan pisang, tambahkan rolled oat,Lalu tambahkan telur, madu, baking soda,,Blender hingga tercampur rata

Masukkan setengah bagian chocochip, aduk rata,Tuang adonan ke dalam loyang ukuran 10x20 cm yang sudah dilapisi kertas roti dan di oles margarin 

Kemudian taburi dengan chocochip,Panggang dengan oven yang sudah dipanaskan pada suhu 180 derajat C, selama 20-25 menit.

Lakukan tes tusuk, jika sudah bersih, berarti sudah matang. 

Keluarkan dari loyang, biarkan hingga dingin baru diiris

Banana bread versi lain sila cek di bawah"
diet,https://cookpad.com/id/resep/16652531,Jus diet apel dan mangga,"1/2 bh apel,1/2 bh mangga,350 ml air dingin","Blender semua bahan sampe halus
Saring,Bilamana ingin kenyang dan lbh berserat monggo ga usah di saring lg
Kembali keselera yaa🤗🤗🤗,Nikmattt🤤🤤"
diet,https://cookpad.com/id/resep/16649603,Tahu panggang saos tiram (diet),"2 bj tahu,3 bj cabe rawit kecil,2 sdm saos tiram, Oregano secukupnya,1 sdm Kecap manis,1/4 sdt kaldu jamur,1 sdm tepung maizena","Potong segitiga tahu,Panggang di atas teplon tanpa minyak,Untuk bumbu 
Masukan saos tiram, kaldu jamur, kecap manis, cabe rawit potong dan sdkt air,Stlh mendidih masukan tepung maizena tunggu sampai mengental dan angkay,Siramkan di atas tahu yg sdh panggang dan siap untuk di nikmati"
diet,https://cookpad.com/id/resep/16647554,Biji Labu Panggang (cemilan diet),"100 gr biji labu mentah,Secukupnya garam,Secukupnya air untuk merebus, Dari 100gr biji labu mentah jadi sekitar 48gr biji labu panggang","Cuci bersih biji labu. Sisihkan,Didihkan air, masukkan biji labu dan tambahkan garam. Rebus sampai matang (warna berubah dan empuk). Angkat dan tiriskan,Sangrai biji labu rebus di wajan tanpa minyak sampai kering dan ada bunyi kletek2, kayak kulit kacang pecah. Pakai api sedang saja ya dan terus di aduk. Angkat dan sajikan."
diet,https://cookpad.com/id/resep/16571541,47. Kebab telur rendah kalori,"1 lembar kulit kebab,5 lembar kol,1 butir telur, Garam, Lada, Saus cabe","Buang batang kol kemudian iris tipis. Masak diatas teflon yang diberi sedikit air. Ini aku gak pake minyak ya.
Kemudian tambahkan garam dan lada. Aku pakai agak banyak lada. Sisihkan,Masak kulit kebab hingga kecoklatan. Sisihkan.
Goreng telur diceplok boleh..didadar juga oke.
Telur dikasih sedikit garam,Taruh kol dan telur diatas kebab kemudian beri saus cabe.
Siap dihidangkan 😀
Menu praktis rendah kalori cuma gak tau ya berapa kalorinya 😆"
diet,https://cookpad.com/id/resep/16645485,Capjay sehat low kalori,"250 gram wortel,200 gram buncis, Kembang kol, Sosis, Bakso, Air, Bawang Bombay, Bawang putih,2 sdm Kecap asin (tropicana agar lebih low sodium),1 sdt Kecap manis,1/2 sdt minyak wijen, Lada, Penyedap, Saus tiram (aku pake merk lee kum kee),1/2 sdm Maizena (utk pengental)","Cuci bersih dan potong bahan isian (wortel,buncis,bakso,sosis, kembang kol),Potong bawang Bombay lalu sisihkan,Iris cincang bawang putih dan masukkan ke wadah,Masukkan lada, kecap asin, kecap manis, minyak wijen dan saus tiram ke dalam wadah bersama bawang putih,Larutkan dan beri air secukupnya,Tumis bawang Bombay tanpa minyak setelah harum tuang air secukupnya,Lalu masukkan semua sayurnya tunggu sampai agak empuk,Setelah itu masukkan bakso dan sosisnya,Lalu masukkan larutan maizena bersama bumbu dan tambah penyedap secukupnya,Icip rasa lalu hidangkan dengan cinta,Selamat mencoba ☺️"
diet,https://cookpad.com/id/resep/16645383,Udang kentang diet,"8 ekor udang sitto (bersihkan udang dari kepala dan ekornya),2 kentang (potong kentang menjadi 6 bagian cuci bersih &amp; rebus),7 siung bawang putih (rajang kasar),1/2 buah bawang bombay (potong-potong),1 sdm saus tiram,1/4 sdt garam,2 sdm saus sambal,1/2 sdm bubuk peterseli,1/2 sdm merica","Tumis bawang putih dan bawang Bombay sampai harum,Masukkan saus tiram dan saus sambal,Masukkan udang masak sampai agak kemerahan 
tambahkan 5 sdm air putih,Masukkan kentang yg sudah direbus aduk sebentar,Masukkan bubuk peterseli,Angkat dan sajikan"
diet,https://cookpad.com/id/resep/16610125,Jus diet timun dan kayu manis,"500 ml air dingin,1 bh timun potong2,1/4 sdt kayu manis","Campur semua bahan
Blender sampe halus
Saring,Segerrrr🤤🤤🤤🤗"
diet,https://cookpad.com/id/resep/16644377,Skinny Rendang Dada Ayam Diet No Santan 412 kalori,"500 gr Dada ayam, Beli 5k Bumbu pasar,1 lembar Daun kunyit,4 lembar Daun jeruk,1 batang Sereh","Potong ayam sesuai selera,Masukan semua bahan kecuali ayam kewajan anti lengket, tumis hingga tercampur dan harum hingga tanek,Kemudian, masukan ayam dan aduk hingga seluruh bumbu tercampur dengan ayam,Tidak perlu ditambahkan air karena ayam sudah mengandung air. Tambahkan garam sesuai selera. Aduk sesekali (saya 2 menit sekali) hingga air dari ayam sudah menguap tapi bumbu belum terlalu kering.,Hidangkan bersama pelengkap.
Untuk sambal silahkan pakai resep sambal ijo kesukaan tapi jangan ditumis menggunakan minyak."
diet,https://cookpad.com/id/resep/16571868,"Nasi Goreng Cumi | Tanpa Minyak, Tanpa Margarin (Diet)"," Cumi Basah 1 buah besar,1 porsi Nasi,1 buah Putih Telur,1 sdm Saus Tiram,1 sdm Saus Sambal,1/2 sdt Kecap Ikan,secukupnya Garam, Kaldu Bubuk &amp; Lada Bubuk,1 buah Cabe Merah Keriting,2 siung Bawang Putih,1 batang Daun Bawang","1. Cuci bersih cumi, potong. Lalu beri jeruk nipis & diamkan 10 menit. Cuci bersih lagi, sisihkan. 
2. Iris cabe, cincang bawang putih & iris daun bawang.,1. Panaskan teflon. Masukkan bumbu irisnya, tumis tanpa minyak sampai mulai kering.
2. Masukkan cumi, tumis lagi sampai matang (Jika perlu tambahkan sedikit air). 
3. Masukkan nasi, daun bawang, saus tiram, saus sambal, kecap ikan, garam, kaldu bubuk & lada bubuk, aduk rata.,Masukkan putih telur, tumis aduk rata. Matikan kompor, sajikan.,Taraaa... Sudah matang, silahkan mencoba~ 🦑🐙💙"
diet,https://cookpad.com/id/resep/16713868,"Sambal tomat untuk diet tanpa minyak, tanpa gula","6 siung bawang putih,10 siung bawang merah,20 buah cabe rawit domba,10 buah cabe rawit hijau,4 buah tomat ukuran kecil, jika besar jadi 3 buah,secukupnya garam,secukupnya gula diet, sy pakai lakanto,secukupnya Kecap manis jika suka, Jeruk limo","Iris2 semua bahan, kasar aja,Masukin ke chopper, sy pakai merk Princess, mantabbb bgt, pake air 3 sdm supaya lebih gampang halusin nya, jika kebanyakan, bagi 2 or bagi 3,Sesudah halus, masukan semua hasil chopper ke wajan, didihkan, tambahkan garam gula diet secukup nya. Boleh tambah kecap jika suka,Sesudah mengental, angkat sambal. Hidangkan dengan jeruk sambal"
diet,https://cookpad.com/id/resep/16550271,Jus diet timun,"1 bh timun,330 ml Air matang","Siapkan bahan2,Masukan timun,Masukan air,Blender sampe halus,Saring(bila suka berserat dan kenyang lama boleh tanpa disaring,klo aku tim di saring ya😉),Jadii deh😉"
diet,https://cookpad.com/id/resep/16713017,Cake Diet Enak Bergizi,"6 pcs Biskuit Gandum (Saya pake merk Wholemeal Biscuit),200 ml Ultra Milk Full Cream (1 dus sedang),100 gram Coklat putih,38 g susu kental cair (1 sachet kecil),30 gram maizena","Haluskan 6 biscuit gandum,Masukkan susu ultramilk full cream kedalam biskuit gandum yang telah dihaluskan,Aduk sampai rata dan tambahkan susu kental manis,Aduk sampai tercampur kemudian masukkan maizena,Masak dengan api kecil pada teflon anti lengket,Setelah mengental, sisihkan ke dalam wadah.,Lelehkan coklat putih,Balur ke atas cake yang sudah disisihkan tadi."
diet,https://cookpad.com/id/resep/16671630,Jus diet mangga.yakult,"1 bh mangga harum manis,3 botol yakult, Es batu","Campur semua bahan
Blender sampe halus,Yummmiiii🤤🤤🤤"
diet,https://cookpad.com/id/resep/16560728,Jus diet(wotoke/wortel.tomat.kelengkeng),"900 ml air dingin,2 1/2 bh wortel,2 bh tomat,7 bh kelengkeng","Campur semua bahan.blender sampe halus,Saring deh.
Jika kalian di tim tdk saring langsung minum sajo
Monggo sesuaikan selera sajo,Enjoyy🤤🤤🤤"
diet,https://cookpad.com/id/resep/16707169,Pizza Oat Cocok untuk Diet,"4 sdm Oat (aku pake rolled oat),1 butir telur,1 sdt garam,1 sdt gula,1 sdt margarin,2 buah tomat ukuran sedang,1 sdm saos pedas,1 sdt kaldu jamur,1 sdt kecap asin,1 sdt gula,secukupnya ayam, disuwir,1 helai sawi hijau/caisim (bisa diganti bayam). Potong kecil2,1/4 buah bawang bombay, potong kecil2","Blender rolled oat, letakkan pada wadah, campur dengan telur. Beri tambahan garam dan gula. Aduk sehingga menjadi adonan yang tidak terlalu encer.,Panaskan teflon beri margarin, api kecil saja.,Masukkan adonan dan ratakan, adonan nanti akan mengembang jd jangan takut terlalu tipis. Beri penutup. Balik adonan jika satu sisi sudah matang.,Sambil menunggu adonan, blender semua bahan saos.,Setelah bahan saos jadi, ratakan di atas pizza sedikit demi sedikit. Masukkan topping satu persatu, tambah bahan saos lagi. Terakhir parut keju quick melt di atasnya. Tutup kembali teflonnya, diamkan sekitar 6 menit sambil sesekali dicek untuk melihat apakah keju sudah meleleh atau belum.,Sajikan sesegera mungkin, karena jika sudah dingin, oat akan mengeras. selamat menikmati ☺"
diet,https://cookpad.com/id/resep/16705753,Tahu Tempe “Santan” (diet diabetes),"1 buah tahu,1 papan tempe kacang,100 gr daging,5 buah cabe ijo besar,5 buah cabe rawit,2 buah tomat hijau,2 lembar daun salam,2 lembar daun jeruk,1 batang serai,3 siung bawang putih, cincang halus,150 air,1 sdt garam,1 sdt gula aren,5 buah cabe merah,5 butir bawang merah,2 siung bawang putih,1 ruas jahe,1 ruas kunyit,1 ruas lengkuas,200 ml air,10 buah kemiri","Iris tahu, tempe dan daging,Iris cabe hijau, rawit dan tomat hijau. Haluskan bumbu yang lain,Buat santan dari kemiri dengan memblender kemiri dengan air,Tumis bawang putih cincang hingga wangi, lalu masukkan bumbu halus dan juga bumbu lain. Masak hingga tidak langu,Lalu masukkan daging, masak hingga daging berubah warna. Lalu beri air. Masukkan tahu dan tempe kacang. Aduk rata,Beri santan abal-abal atau santan kemiri. Tambahkan garam dan gula aren. Masak kembali hingga pas dan daging benar-benar empuk. Sajikan dengan beras merah"
diet,https://cookpad.com/id/resep/16705261,Sambal Korek Low Calorie,"7 buah cabai rawit,2 siung bawang putih,2 sachet pemanis 0 kalori,1/2 sdt garam,1 sdm minyak goreng panas","Cuci cabai dan bawang putih,Beri pemanis rendah kalori dan garam,Ulek kasar cabai dan bawang,Tuang minyak panas, lalu ulek lagi sampai halus,Siap disantap pakai nasi anget"
diet,https://cookpad.com/id/resep/16697896,Alpukat Strawberry Jam (menu diet),"1 buah Alpukat,2 sdm selai strawberry tropicana slim rendah gula,2 sdm chia seed,150 ml skim milk","Pilih alpukat matang dan potong2,Tambahkan selai stroberi,Tambah chia seed,Tambahkan skim milk aduk2 sampe tercampur, terserah mau diaduk atau engga, kalo aku suka dibejek2 dulu biar nyampur. Walaaa enak dinikmati saat dingin 🥰"
diet,https://cookpad.com/id/resep/16714184,Sarapan Diet : Chia Seed Oatmeal Apel Cinnamon (198 kkal),"1 sachet Light Meal Apple Cinnamon,100 ml air,95 gr apel, iris,7 gr almond slice, Sprinkle kayu manis bubuk","Siapkan bahan-bahan,Tuang 1 sachet Light Meal Apple Cinnamon,Tambahkan air mendidih / air + microwave 1 menit / air + dimasak hingga mengental,Susun topping"
sop buah,https://cookpad.com/id/resep/12206646,Es Buah atau Sop Buah,"1 bh Apel,1 bh Alpukat,Secukupnya Semangka,Secukupnya Melon,1 bungkus Agar Plain,Sirup Markisa,Secukupnya Selasih, rendam air hangat,Secukupnya Susu UHT,Secukupnya Air Gula,Secukupnya Susu SKM,Secukupnya Sirup Marjan Cocopandan,Secukupnya Air,Secukupnya Es Batu","Potong semua buah sesuai selera. Lalu letakkan semua buah dalam wadah,Rendam selasih dalam air hangat.,Cara membuat agar markisa: siapkan air 500ml masukkan dalam panci bersama 1bungkus agar plain, letakkan gula dan sirup markisa. Masak hingga mendidih, lalu cetak tunggu dingin potong sesuai selera.,Tuangi susu uht,air gula, susu skm,sirup cocopandan merah dan secukupnya air dalam wadah yang telah diletakkan buah.,Test rasa, jika kurang manis bisa tambahkan air gula atau susu SKM. Terakhir letakkan selasih dan es batu. Es bua siap untuk disajikan bersama keluarga.,NB : jika ingin merah murni bisa menggunakan buah naga."
sop buah,https://cookpad.com/id/resep/12136580,Sup buah simple," Semangka, Pepaya, Anggur, Skm cocopandan,Secukupnya Sirup gula,Secukupnya selasih","Potong buah2an (bisa pakai buah ap aja yg ada) masukan dalam wadah,Tambahkan skm cocopandan, sirup gula, air es,Aduk rata, sambil cicipi. Tingkat kemanisan sesuai selera aja ya,Masukan kulkas atau bisa tambahkan es batu.. Segeerrr"
sop buah,https://cookpad.com/id/resep/12195443,Sop Buah Cocopandan,"1/4 buah semangka, potong2 kotak,1/4 buah melon, potong2 kotak,2 buah pear, potong2 kotak, Sirup cocopandan (me: tropicana slim),2 sachet susu kental manis,secukupnya Nata de coco","Masukkan potongan buah2an dan nata de coco,Tuangkan sirup dan SKM sesuai selera lalu tambahkan sedikit air es.Tes rasa, apabila terlalu manis bisa tambahkan air. Lalu tambahkan es batu."
sop buah,https://cookpad.com/id/resep/12211765,Sop buah naga sirup marjan,"1 buah apel potong dadu,1 buah pear potong dadu,1/2 buah naga kerok isinya pakai sendok teh, Agar2 swalow warna hijau/merah potong kotak2, Es batu,secukupnya Sirup marjan cocopandan,Secukupnya susu kental manis","Taruh es batu yang sudah dihancurkan ke dalam mangkuk,Tambahkan potongan apel,pear dan buah naga,Beri sirup marjan dan susu kental manis sesuai selera(makin banyak susunya makin mantep),Aduk2,esnya akan mencair sendiri. Tes rasa sampai pas manisnya"
sop buah,https://cookpad.com/id/resep/12380699,Sop Buah sirup cocopandan," Kiwi, Pear, Semangka, Pepaya, Melon, Selasih, Sirup cocopandan, SkM putih,secukupnya Air matang, Es batu","Siapkan bahan,potong buah sesuai selera.,Rendam selasih dengan air.,Siapkan mangkok campur buah2an,selasih,air secukupnya,sirup marjan dan beri susu SKM,aduk aduk biar tercampur rata,tambahkan es batu.,Siap sajikan."
sop buah,https://cookpad.com/id/resep/11904606,Mpasi Snack Sup Buah Naga (12m),"Buah naga, Susu uht, Madu","Potong buah naga secukupnya. Tambahkan susu uht dingin dan sedikit madu. Aduk semua bahan.,Sajikan🙂🙂"
sop buah,https://cookpad.com/id/resep/11899770,Sup buah segaaaar," Semangka, Melon, Apel fuji, Pear,Buah naga, SKM Carnation, Sirup cocopandan","Cuci bersih semua buah. Kupas, dan potong dadu.,Siapkan wadah yg cukup besar, campur semua buah, tambahkan SKM dan sirup sesuai selera. Kemudian tambahkan air putih matang.,Aduk semua, cicipi rasa. Kemudian masukkan ke kulkas. Nikmati setelah dingin."
sop buah,https://cookpad.com/id/resep/11899779,XIMILU (Sop Buah Hongkong),"1 Bungkus Nata De coco,1 Iris Semangka (1/5 Belah dr 1 butir),1 Buah Apel,2 Sdm Jagung Kaleng,1/2 Buah Naga,Secukupnya Chia Seeds,1/2 Sachet Fiber Cream,Secukupnya Gula Pasir,Secukupnya Air","Potong Semua buah, nata de coco, masukkan kedalam wadah, lalu taburi dengan chia seeds,Campur air, fiber cream, dan gula ke dalam panci, panaskan, aduk hingga mendidih, diamkan hingga hangat,Siram Airnya kedalam wadah yg berisi buah tadi, masukkan kedalam lemari Es hingga dingin."
sop buah,https://cookpad.com/id/resep/11899368,Sop Buah Susu Kambing,"1 Sachet susu kambing (HNI),Secukupnya Chia seeds,2 sdm madu (Murni TJ),100 ml air,4 butir Anggur,1/2 buah Apel,1/2 buah pear,1 Buah Alpukat, Utk Buah Optional ajah","Potong semua buah sesuai Selera, masukkan kedalam wadah,Buat susu kambing dgn air panas sedikit aduk rata, lalu tambahkan dg air biasa kira2 sampai 100 ml,Tuang Madu ke dalam wadah buah, Taburi juga dgn chia seeds lalu siram susu kambing ke dalam wadah,Masukkan ke dalam lemari Es hingga dingin (SIAP DINIKMATI)"
sop buah,https://cookpad.com/id/resep/12104849,Sup Buah Kreasi Firda,"1/4 bagian buah melon,2 buah apel,10 buah anggur merah,20 buah kelengkeng,5 buah strawberry,2 buah bengkoang,1/2 gelas sirup rasa sesuai selera,1/4 kaleng (2 gelas belimbing) susu kental manis rasa vanila,900 ml air matang,secukupnya Es batu","Potong buah melon menjadi 1/4 bagian. Kemudian serut menjadi panjang.,Kupas kulit bengkoang & apel. Cuci dengan air matang. Kemudian potong seukuran dadu.,Cuci buah anggur & buah strawberry dengan air matang. Kulit anggur tidak perlu dikupas karena mengandung antioksidan (zat untuk mencegah kanker). Setelah dicuci, potong anggur menjadi 4 bagian.,Kupas semua kelengkeng. Potong menjadi 2 bagian untuk membuang biji.,KUAH : Tuang sirup, susu kental manis, & air ke dalam suatu wadah. Aduk hingga merata, tidak ada susu yang mengendap.,Ambil gelas, masukkan semua buah yang sudah disiapkan tadi, kemudian masukkan es batu dan kuahnya.,Hias tepi gelas dengan buah untuk mempercantik penampilan. Jika memakai sirup yg berwarna hijau, hias dengan melon. Jika memakai sirup yg berwarna merah, bisa dihias dengan strawberry.,Nikmati selagi dingin... 😄"
sop buah,https://cookpad.com/id/resep/12325577,Sop buah untuk berbuka,"potong dadu semangka secukpunya lalu, beberapa buah apel kupas lalu potong dadu, gula putih, susu kental manis, air putih","Larutkan beberapa sendok gula putih kedalam gelas,Siapkan buah buah yang sudah di potong kedalam wadah,lalu beri air es secukupnya,Setelah itu masukan air gula yang sudah di larutkan,lalu masukan dua sachet susu kental manis :)"
sop buah,https://cookpad.com/id/resep/12289923,Sop Buah Segar,"Buah Blewah 1/4,Buah Melon 1/4,Buah Naga 1/2,Buah Aplukat 1, Susu Bear Brand, Gula Putih Cair, Chia Seed, Es Batu / Air dingin","Serut buah melon dan blewah. Potong buah naga dan alpukat berbentuk dadu. Letakan dalam satu wadah.,Setelah semuanya sudah dipotong lalu masukan aor dingin secukupnya dan masukan susu bear brand. Lalu aduk dan dia akan berubah warna menjadi pink.,Lalu masukan kedalam lemari es agar lebih segar. Atau dapat menggunaan es batu. Jika akan disajikan tuangkan gula sesuai keinginan kedalam gelas lalu masukan sop buahnya dan taburkan chia seed. Maka sop buah siap disajikan."
sop buah,https://cookpad.com/id/resep/12287729,Es Buah (Sop Buah),"Buah naga (buah yang wajib ada di resep ini), Alpukat, Apel, Pir, Atau buah lainnya sesuai selera, Saya menambahkan cendol, Bisa diganti dengan tape, agar-agar, nata de coco, dll, Susu kental manis, Sirup coco pandan, Es batu","Potong dadu semua buah- buahan. Porsi bisa diatur sesuai kebutuhan,Masukkan topping sesuai selera,Pecahkan es batu, masukkan ke dalam wadah potongan buah dan topping,Tambahkan susu kental manis sesuai selera,Tambahkan sirup coco pandan sesuai tingkat manis yang diinginkan,Dalam resep ini, saya tidak menambahkan air, karena es batu yang mencair sudah cukup sebagai kuahnya. Namun jika ingin kuahnya lebih banyak lagi, bisa ditambahkan air matang."
sop buah,https://cookpad.com/id/resep/12283418,Sop buah🍎🍏🍉," Semangka, Melon, Timunsuri,Buah naga, Pir, Selasih, Sirup marjan merah, Skm putih",Kupas semuaa buah. Lalu potong potong. Siapkann susu dan sirup marjann di aduk campur air hingga merata. Masukkan semua buah yg telah di potongpotong. Jadiii dehhh
sop buah,https://cookpad.com/id/resep/12283120,Es sup buah,"1/4 semangka,1/2 melon, anggur, grass jelly, macam&quot; jelly,biji telasih, nata de coco, sirup, susu kental manis","Potong buah menjadi kecil"",Siap kan semua bahan,Masukkan semua bahan ke dalam mangkuk, jangan lupa di kasih susu sama sirupnya yaa,Step terakhir tambahkan air dan es batu, siap di sajikan ♥️"
sop buah,https://cookpad.com/id/resep/12345789,Sop buah santan,"1 bh apel,1 bh pear,100 gr kolang kaling siap pakai,100 gr nata de coco (plus airnya),1 bks santan kara 65 ml,80 ml kental manis,4 sdm gula pasir,200 ml Air putih","Potong buah sesuai selera lalu satukan dengan nata de coco dan kolang kaling,Campurkan santan,air dan gula lalu masak sampai mendidih sambil diaduk biar santannya gak pecah,Jika sudah agak dingin Tuang cmpuran santan kedalam buah dan tambahkan susu,Simpan ke dalam lemari es biar dingin atau tambahkan es batu lebih enak."
sop buah,https://cookpad.com/id/resep/12344842,Sop buah alpukat campur,"secukupnya alpukat,secukupnya kolangkaling,secukupnya timun suri,secukupnya Susu Kental,secukupnya Susu UHT,secukupnya syrup Marjan Cocopandan,secukupnya air kelapa muda,secukupnya daging kelapa muda","Potong2 alpukat, timun suri sesuai selera. siapkan wadah.masukkan semua bahan secukupnya ya bunda...biar lebih nikmat. aduk rata. sajikan...💕 atau simpan dulu di kulkas biar tambah raos...😋"
sop buah,https://cookpad.com/id/resep/12338215,Sop buah naga kelapa muda,"1 buah buah naga,1 buah kelapa muda beserta airnya,1 sachet skm,1 sdm biji selasih","Potong kotak buah naga.,Rendam biji selasih dengan air panas.,Masukkan air kelapa muda beserta kelapa mudanya ke dalam wadah.,Masukkan juga buah naga dan selasih.,Tambahkan skm lalu aduk rata.,Masukkan ke dalam kulkas sambil nunggu waktu buka puasa.,Siap disajikan. Selamat mencoba 😊"
sop buah,https://cookpad.com/id/resep/12337719,Ide jualan bulan puasa / SOP buah segar,"Buah naga,Buah melon,Buah blewa, Cincau, Agar-agar,Biji selasih (rendam dgn air), Susu SKM, Air gula (8 sdm gula pasir+ 400 ml air) rebus hingga mendidih, Sirup, Es batu",Campurkan semua bahan menjadi satu siap deh dijual
sop buah,https://cookpad.com/id/resep/12331379,Sup buah sehat,"1/4 bh semangka kecil,1/2 bh melon langkawi kecil,1 bh buah naga,2 bh jeruk mandarin,2 bh kiwi,10 bh kurma,2 sdm Gula putih,4-5 lbr daun pandan,150-200 ml air,1 btl susu frisian flag uk.besar (900ml)","Cuci smua bahan dl ya... Kemudian rebus air + daun pandan smpai mendidih. (Prefer api kecil ya) saring kemudian aduk dgn gula.,Potong2 buahnya ya..bentuk dan ukuran sesuai selera. Biji jeruk dan kurma buang ya.. Semangka sebisa bli yg non biji.,Tuangkan air gula dan susu kedalam wadah. Aduk dan violaaa siap dinikmati. Tgl tambah es batu atau dinginkan di kulkas"
sop buah,https://cookpad.com/id/resep/12331172,Soup buah,"buah apel 5buah,buah pear 3buah,buah pear hijau 3buah,1 wortel besar,1 jagung manis, kulit jeruk kering,buah mete kering, leici kalau ada, tidak perlu di beri bumbu apa apa dan hanya soup nya yg di minum","Potong semua bahan bahan,,,rendam kulit jeruk kering dan mete kering,Rebus air tunggu mendidih setelah mendidih masukkan semua bahan,,lalu rebus api besar 15menit,,lalu kecilkan api rebus dg api kecil selama 2 jam,,bisa di tambahkan ayam hitam klo mau"
sop buah,https://cookpad.com/id/resep/12300154,Sop Buah Naga,"1 buah Naga merah,Secukupnya susu kedelai,Secukupnya keju parut","Siapkan gelas saji. Kupas buah Naga dan potong kotak², masukkan ke gelas saji. Siram secukupnya dengan susu kedelai sebagai kuah sop-nya. Beri toping sedikit keju parut. Sajikan dingin lebih nikmat👍😋"
sop buah,https://cookpad.com/id/resep/12329513,Sup Buah Pelangi,"200 gr Buah Naga,200 gr Buah Anggur Merah,200 gr Pepaya,200 gr Melon,200 gr Semangka,150 gr Inaco Warna Warni,100 gr nata de coco (tanpa air),1 sdm biji selasih kering (rendam air),1 bh Kelapa (ambil airnya, blender halus dagingnya),3 Sdm gula putih,1 helai daun pandan,4 Sdm SKM, Sirup Cocopandan,500 ml Air,secukupnya Es","Masak Air, Gula, dan Daun Pandan. Lalu campurkan SKM, dan sirup. Dinginkan.,Bentuk sesuai selera semua buah”. Lalu campurkan dengan air kelapa, kelapa yang diblender halus, dan air yang sudah dimasak tadi. Aduk sampai tercampur.,Beri Es Batu, bila kurang manis tambahkan gula. Es pun siap untuk dinikmati 🥰"
sop buah,https://cookpad.com/id/resep/12556958,SoP buah HomeMade,"Buah meLon, Semangka kuning, Semangka merah,2100 ml Air,5 sdm gula pasir,2 bungkus SKM, Nutrisari, Es BatU","Potong dadu melon dan seMangka,Masukan buah "" an dan seMua bahan dalam satu wadah masuakn es batU siap sajikan"
sop buah,https://cookpad.com/id/resep/12399599,Sup Buah rassay,"1 buah pepaya,1 kg buah naga,1/2 buah melon, Selasih, skm, Air gula, Es","Kupas semua buah yg dibeli, aku pakai buah naga, pepaya sama melon.. potong sesuai keinginan,Rendam selasih diair hangat,Aduk air gula dan SKM di wadah besar hingga tercampur rata, lalu masukkan selasih yg sdh direndam di air hangat kemudian masukkan semua buah dan terakhir pecahkan es batu.,Sup buah segar siap dihidangkan bersama orang2 tercinta"
sop buah,https://cookpad.com/id/resep/12681193,Sup buah segarrr,"1 kg Apel ijo,1 buah semangka,4 buah pepaya,1 bungkus nutrijel,1 bungkus biji selasi,900 gram nata decoco,1 botol sirup marjan rasa melon,2 kaleng susu omela","Kupas apel nya lalu d potong2 seperti dadu,Belah semanga dan potong2 dadu,Kupas pepaya dan potong dadu,Masak nutrijel nya smpe mendidih,dan tuang kan ke cetakan besar dan tunggu dingin dulu baru d potong dadu,Masak air hinga mendidih dan masukan biji selasi nya dan mati kan api nya aduk2 hingga rata dan dingin kan,Klo untuk nata decoco nya tinggal d masukan aj d baskom ya,Masak air secukup nya sampe mendidih lalu d dinginkan,klo sdh dingin masukan sirup marjan nya dan tes rasa nya,lalu satukan semua bahan2 d atas dan yg terakhir masukan susu nya dan dingin kan deh 😊"
sop buah,https://cookpad.com/id/resep/12377051,Sop Buah Sederhana Tanpa Sirup,"1 irisan buah melon,2 irisan buah pepaya,1/2 sachet susu kental manis putih,1 sachet marimas rasa mangga,1 gelas air,Secukupnya es batu","Potong-potong menjadi kecil irisan buah melon dan pepaya,Dalam gelas campurkan air dan marimas, aduk sampai marimas larut,Masukan susu kental manis ke dalam campuran buah, masukan larutan marimas, aduk-aduk dan tambahkan es batu,Sop buah tanpa sirup siap disajikan,,rasanya segerr walaupun tanpa sirup, manisnya pas😉"
sop buah,https://cookpad.com/id/resep/12470951,Sup buah fiber cream / xi mi lu," #Bahan kuah :,1,5 liter air,250 gr gula pasir,2 sdt garam,100 gr fiber creme (cremer untuk kopi),2 sdm syrup raspberry merah (bisa skip), #Bahan buah (takarannya kira kira saja) :,1 kg semangka merah,1 buah pir madu,1 buah mentimun buang biji diserut,1 bagian pudding (sudah jadi) bisa diganti cincau,1 sdm biji selasih,3 sdm biji sagu,selera Bisa ditambah buahan lain tergantung","Siapkan baskom ukuran 2liter Bahan kuah dicampur semua (kecuali syrup) diaduk aduk hingga fiber cream nya tercampur rata, lalu saring.,Masak campuran kuah tersebut sampai kuah mendidih lalu matikan api. Diamkan hingga kuah dingin.,Sambil menunggu kuah dingin, rebus biji sagu dengan sedikit air hingga mendidih. Kecilkan api dan tunggu kira kira 10 menit hingga biji sagu empuk (tidak ada tepung ditengah biji ketika digigit),Potong potong dadu bahan isian buah, sesuai selera saja potongnya.,Setelah kuah dingin masukkan semua bahan isian buah, pudding, sagu dan selasi. Aduk rata.,Koreksi rasa, boleh di tambah sesendok syrup merah sebagai perisa manis.,Hidangkan dinginnlebih segarrr (simpan kulkas sebelum dihidangkan)"
sop buah,https://cookpad.com/id/resep/12472991,Sop Buah Segar Untuk Buka Puasa,"1/4 buah semangka,1/4 buah melon,1 buah apel,1 buah pir,1 sdm selasih, Air gula (250 air + 100 gr gula pasir),450 ml susu cair (Frisian flag coconut delight)","Buat sirup gula dengan campuran air + gula,Campurkan semua buah dengan selasih dan air gula dalam satu wadah,Masukkan susu cair coconut delight, aduk aduk dan sajikan,Untuk videonya teman-teman bisa mengunjungi YouTube Channel DN Cooking ya 😊 https://youtu.be/vJheejEy0yw"
sop buah,https://cookpad.com/id/resep/12442292,92.Sop Buah Warna Warni,"1 irisan Semangka kuning,1 irisan semangka merah,secukupnya Pepaya, Melon secukupnya,Buah naga secukupnya,200 ml yoghurt cimory aku pakai mix fruit,2 sachet susu kental manis,3 sachet gula rendah kalori (me: thermolyte diet sugar),3 gelas Air mateng","Cuci brsih dan potong buah buahan,Campur smua bahan dalam satu tempat..aduk rata.takaran manis esuai selera ya,Masukan buah buahan aduk rata simpen di kulkas hingga waktu buka puasa"
sop buah,https://cookpad.com/id/resep/12458571,Sop Buah Sirup Tjampolay," Melon, Kolang kaling,Buah Pear, Alpukat,Buah Naga, Timun suri, Sirup rasa pisang susu (saya pakai merk Tjampolay), skm, Es batu, Semuanya secukupnya sesuai selera ya","Potong buah2an sesuai selera. Masukan es batu, kolang kaling, melon,,Tambahkan buah pear, alpukat dan timun suri,Tambahkan buah naga. Beri sirup dan SKM,Bisa ditambahkan air sedikit. Tapi saya ngga pakai karena es nya udah mulai mencair dan masih menunggu waktu berbuka hehe.."
sop buah,https://cookpad.com/id/resep/12459087,Sop buah selasih," Semangka, Mangga, Timun, Selasi, Gula,1 SKM putih, Gula","Potong potong kecil buah terlebih dahulu.,Kemudian rebus selasih. Setelah megembang.lalu angkat.,Selanjutnya Larutkan 4sdm gula. Lalu campurkan ke dalam wadah yg berisi buah.,Setelah ituu campur 1skm putih dan selasih,Terakhir Tambahkan es batu. Dan Sop buah selasih sudah jadiiii"
sop buah,https://cookpad.com/id/resep/12447359,Sup Buah Natadecoco,"200 gr natadecoco,1 pc alpukat,300 gr semangka,1 pc kiwi,6 pc lengkeng,200 ml susu uht,2 sdm mix fibre herbalife, Es batu, Notes : mix fibre bisa diganti dengan gula pasir ya","Iris-iris buah kiwi, semangka, alpukat. Masukkan irisan buah, lengkeng dan natadecocoke dalam wadah,Panaskan susu uht sekitar 5 menit. Angkat dan tuangkan kedalam wadah yg sudah terisi buah dan tambahkan mix fibre dan aduk rata.,Lalu masukkan es batu atau bisa di diamkan di dalam kulkas.,Selamat menikmati🥰🥰"
sop buah,https://cookpad.com/id/resep/12444746,Sop Buah Sederhana," Apel, Semangka, Nanas, Pear,Buah Naga Merah, Pepaya, SKM vanila,secukupnya Gula cair,secukupnya Air es/air dingin","Potong buah kotak kotak kecil,masukan dalam wadah,Masukkan SKM ke dalam wadah yg berisi buah potong,Tambahkan air dan gula cair"
sop buah,https://cookpad.com/id/resep/12444338,Sop Buah Biji Selasih,"2 buah tomat potong dadu (boleh lebih),1 buah timun suri,1 bungkus nata de coco,2 sendok biji selasih,1 bungkus susu putih kental manis,5 sendok gula putih (sesuai selera),1 bungkus nutrisari (bisa diganti marimas jeruk atau sirup abc)","Siram biji selasih dengan setengah gelas air panas lalu aduk hingga airnya terserap habis,Siapkan mangkuk lalu masukan tomat, timun suri, nata de coco dan biji selasih,Aduk sambil masukan gula, susu dan nutrisari hingga tercampur lalu simpan di dalam kulkas agar dingin lalu sajikan,Note: tidak pakai air dikarenakan sudah ada dari nata de coco"
sop buah,https://cookpad.com/id/resep/12405659,Sop Buah Seger," Melon, Apel, Pepaya, Kelapa muda, Nata de coco, Cincau bubuk (yg telah dimasak), Agar2 bubuk (yg telah dimasak),secukupnya Sirop Pisang Ambon,secukupnya Susu Kental Manis,secukupnya Es batu","Cuci bersih semua buah, potong sesuai selera, serut kelapa muda.,Masukan semua bahan, aduk campur menjadi satu, tambahkan es batu. Tes rasa.,Selamat mencoba🤗"
sop buah,https://cookpad.com/id/resep/12561379,Sup Buah Kuning Ceria,"Buah semangka kuning, nanas, pisang mas, apel, cuci dan potong, Susu krimer kental manis,2 sdm Sirup gula,secukupnya Air matang, Es batu,1 sdm sirup cocopandan (opsional saya tidak pakai)","Tata buah potong ke dalam gelas saji. Tambahkan air, sirup gula, dan susu,Terakhir tambahkan sirup cocopandan (saya tidak pakai), es batu dan sup buah kuning ceria siap disajikan"
sop buah,https://cookpad.com/id/resep/12574103,Sop Buah (2),"4 buah apel, potong kotak2,4 buah pir, potong kotak2,4 buah jambu merah, potong kotak2,1 bungkus nata de coco,1 buah kelapa - degan,1 botol sirup marjan rose,secukupnya Air,secukupnya Es batu","Potong2 semua buahnya.,Tuang sirup, nata de coco dan degan. Aduk dan koreksi rasa.,Sajikan. Fotonya 2x karena ada yang gak mau pake jambu, ada yang gak mau pake degan 😁😬."
sop buah,https://cookpad.com/id/resep/12555015,Sop Buah Sirup Gula Pandan AV Kitchen,"1 buah Naga,1 buah Pear,3/4 buah Nanas,750 ml Air,3 lembar Daun Pandan,8 sdm gula pasir,Secukupnya SKM","Siapkan semua bahan. Cuci bersih.,Potong² buah dan rebus air, beri gula dan daun pandan. Didihkan air, jika sudah mendidih matikan api. Diamkan hingga air hangat.,Tuangkan sirup gula pandan kedalam mangkok buah, beri SKM, aduk² sampai tercampur.,Done ❤ simpan dalam kulkas dan sop buah sirup gula pandan siap untuk dinikmati 🙌"
sop buah,https://cookpad.com/id/resep/12560508,SOP buah cocopandan,"Buah semangka,Buah melon, Agar-agar warna hijau,Secukupnya Sirup cocopandan,Secukupnya air matang,2 sachet Susu kental manis, Es batu","Siapkan semua bahan,Ambil es batu,buah semangka, melon tata dalam gelas,dan tuangkan sirup dan air secukupnya,Beri susu kental manis,,Siap sajikan buat buka puasa,jangan lupa diaduk dulu😉"
sop buah,https://cookpad.com/id/resep/12549799,Es sup buah segar,"Buah pepaya,Buah melon,Buah bengkoang,Buah semangka,Buah blewah, Nata de coco,Secukupnya susu kental manis,Secukupnya sirup frambos,Secukupnya es batu,Secukupnya air matang","Kupas buah,lalu potong sesuai selera,Tuang air matang campur sirup dan susu kental manis ke dalam mangkuk saji aduk sampai rata,Masukan buah dan nata de Coco ke dalam kuah aduk dan tambahkan es batu,Sup buah siap di sajikan"
sop buah,https://cookpad.com/id/resep/12543722,Sup buah Segar dan Sehat," pepaya, melon, semangka, pear, nata de coco, jelly karakter, gula tropicanaslim, susu kental manis","Potong dadu seluruh buah-buahan,Tambahkan nata de coco dan jelly,Larutkan gula dengan air hangat kemudian tuangkan dan aduk rata,Tambahkan 2 saset susu kental manis,Untuk berbuka puasa di sarankan buat saat jam 1 siang, kemudian diamkan di dalam lemari es dan sajikan saat berbuka puasa. sup buah tetap terasa segar di tenggorokan walaupun tanpa es batu, sehingga tidak memancing batuk atau pilek"
sop buah,https://cookpad.com/id/resep/12277359,Sup buah enak ekonomis,"Buah Melon,secukupny dan parut,Buah naga, potong dadu, secukupnya, Selasih kering 2sdm, rendam dalam air panas, sisihkan,500 ml Air,4 sdm Sirup cocopandan","Buah melon, dan air dicampur ke dalam mangkok besar,Tambahkan buah naga, selasih dan es batu,Sajikan dalam gelas saji"
sop buah,https://cookpad.com/id/resep/12725571,Sup buah minimalis,"2 potong bulat pepaya,1 bungkus nutrijell grass jelly,600 ml air,15 gr fibrecream,1 sdm chiaseed,50 ml air hangat, Kurma ajwa 3 butir (lebih boleh tapi ganjil)","Potong-potong buah pepaya menjadi dadu-dadu,Campur nutrijell grass jelly dengan 600 ml air, masak hingga mendidih sedikit lalu tuang ke cetakan, dinginkan lalu potong dadu,Seduh fibrecream dengan air hangat,Campurkan pepaya dengan jelly yg sudah dipotong dalam mangkuk, lalu belah dua kurma buang biji, campurkan denga fibrecream yang sudah di larutkan, lalu taburi dengan chiaseed"
sop buah,https://cookpad.com/id/resep/12713449,Sup buah,"50 gr melon,50 gr buah naga,50 gr alpukat,50 gr manisan kolang kaling,Secukupnya biji selasih,5 sdm air gula,5 sdm SKM,2 sdm sirup marjan rasa melon (bisa di ganti sesuai selera),secukupnya Es batu","Kupas semua buah, kemudian potong-potong sesuai selera,Siram biji selasih dengan air hangat,Masukan potongan buah dan biji selasih ke dalam gelas/cup,Kemudian tambahkan es batu, setelah itu tambahkan susu, qir gula dan sirup,Sup buah siap di sajikan"
sop buah,https://cookpad.com/id/resep/12700294,1. Sop Buah Matahari,"2 buah naga kecil,1 buah Pir,1/2 buah Blewah,1 buah Apel,secukupnya Anggur,250 ml Susu cair stroberi","Potong buah naga,pir,apel, anggur dan blewah,Campur dengan susu ultra stroberi,Aduk rata,Sop Buah Matahari siap disajikan"
sop buah,https://cookpad.com/id/resep/12390675,Sop Buah Segeer,"1 bh alpukat, kerok,1/2 bh pir (sweet pir), potong kotak kecil,1/2 sachet Nutrijell Anggur,1/2 sachet Nutrijell Strawberry,secukupnya susu kental manis, sirup cocopandan merah dan es batu,sedikit air (jika perlu)","Pertama-tama, buat jelly terlebih dahulu, saya mencetaknya di cetakan es batu agar lebih mudah,Kemudian, masukkan buah2an, jelly, susu kental manis, sirup merah, dan es batu, tambahkan sedikit air jika perlu"
sop buah,https://cookpad.com/id/resep/12680028,Es sop Buah campur,"1 buah apel,1 buah pear,2 buah salak,1/4 bagian semangka,6 buah stroberi,2 sdm selasih,1/2 gelas manisan kolang kaling,3 sachet SKM putih,13 sdm gula pasir,4 gelas air,1 sachet pop ice rasa permen karet,Sedikit garam,Sedikit vanili","Potong2 dadu semua buah buahan,Rendam selasih sampai mengembang dengan air panas,Masukkan air dalam panci ditambah gula, vanili, garam serta pop ice.. Dan masak hingga mendidih..,Campur semua buah yg sudah di potong, manisan kolang kaling serta selasih kedalam wadah pencampur.. Dan tuangkan air rebusan gula tdi..,Tambahkan susu kental manis.. Manisnya sesuai selera ya sist.. G mesti sm jg takarannya.. Bila ingin manis bs tmbhin SKM atau gula nya.. Klu g suka manis bs kurangin y sis..,Aduk rata... Dan tuang dalam gelas sop buah nya,, dan tambahin es batu biar adeem..,Sisa nya bisa tarok dlam lemari es,, biar ttp seger 😉"
sop buah,https://cookpad.com/id/resep/12562722,#01 Sup buah,"Buah semangka, pepaya, pir,dan mangga. Sesuai selera saja,Biji selasih mentah 1 sdm, Rumput Laut, Kolang kaling,2 sachet SKM, Sirup Niki Sari, Es batu,500 ml Air","Potong buah dengan bentuk sesuai selera.,Kalau biji selasih masih mentah, maka tuangkan setengah gelas air panas ke dalam 1 sdm biji selasih. Tunggu beberapa saat.,Masukkan semua bahan kecuali es batu ke dalam mangkok. Tuang skm dan sirup niki sari. Sesuai selera saja. Terakhir masukkan es batu.,Selamat mencoba ♥️."
sop buah,https://cookpad.com/id/resep/23928201,SOP buah leci,"Buah buahan segar,1 botol sirup leci","Cuci dan Potong Potong buah lalu siramkan sirup leci lalu tambahkan es batu, siap dihidangkan"
sop buah,https://cookpad.com/id/resep/13821211,84.🍇Sop Buah🍇,"2 Buah Mangga,2 Buah Pear,2 Buah Apel,1/2 buah Pepaya, Selasih secukupnya rendam diair matang dulu,secukupnya Sirup Melon Merjan,secukupnya Susu Kental Manis, Es batu hancurkan,secukupnya Air matang","Siapkan Bahan dan potong kotak buah buahan,Masukkan susu kental manis dan sirup kemangkok,tambahkan selasih dan air matang secukupnya,Masukkan es batu yang sudah dihancurkan,aduk rata,Sop Buah nikmat siap disajikan,Selesai"
sop buah,https://cookpad.com/id/resep/12699410,*sop buah mix yogurt*,"1/3 buah melon,1/2 buah naga,1 buah pear,1 pak kecil buah anggur,1 buah apel merah,Secukupnya agar-agar hijau,Secukupnya nata decoco kw,Secukupnya selasih,2 botol kecil yogurt cimori,Secukupnya air es,Secukupnya es batu, jika suka,Secukupnya sirup merah, homemade/bisa juga dg simple sirup, Bahan sirup merah :,250 gram gula pasir,1 botol air matang,Secukupnya pasta merah strawberry/sesuai selera","Buat sirup merah, campur semua bahan, aduk rata, masak hingga mendidih dan biarkan sebentar lalu angkat, dinginkan, saring, masukkan dalam botol,Siapkan bahan. Siapkan wadah agak besar lalu cuci anggur, potong2. Cuci pear dan apel, potong)/serut.cetak bulat2 melon, (untuk buahnya sesuai selera). Potong2agar2, nata decoco dan buah naga. Masukkan sirup dan air es,Aduk rata lalu masukkan yogurt, aduk rata lagi, tes rasa,Beri selasih, aduk rata dan beri es batu (jika suka).,Tuang dalam gelas-gelas/wadah saji dan sop buah mix yogurt siap disajikan."
sop buah,https://cookpad.com/id/resep/13100378,Sop Buah Timun #162⁶,"1 buah timun besar, potong kotak kecil,5 sdm Krimer Kental Manis,5 sdm marjan,220 ml air dingin dari freezer (boleh tambah es bila suka)","Siapkan bahan-bahannya. Cuci bersih timun, kupas kulitnya (Optional, boleh kupas atau tidak). Iris kotak kecil.,Campurkan semua bahan ke dalam gelas saji, tambahkan air dingin dari freezer (tambahkan es bila suka),Sajikan.. 💕"
sop buah,https://cookpad.com/id/resep/13132198,Sop Buah tanpa Sirup,"6 sct susu kental manis (me indomilk, krn rasanya lbh enak),11 sdm munjul gula pasir,6 gelas air matang kira kira pakai gelas blimbing,Secukupnya air rebusan utk melarutkan susu dan gula, Buah2an, sesuai selera dan stok,1 buah apel,1 buah pir,1 buah naga,1 buah mangga,Secukupnya semangaka,Secukupnya melon","Siapkan wadah besar untuk sop buah.,Didihkan air, masukkan susu kental manis 4 sct ke dlm gelas, kemudian kasih air panas sampai penuh,Masukkan gula pasir ke dlm gelas secukupnya, saya 8 sdm dulu masukkan k gelas sampai penuh trs kasih air panas diaduk aduk sampai larut, lalu tuang k wadah, kemudian 3 sdm gula pasir diseduh dengan air panas sebatas gula, tuang k wadah.,Masukkan 2 sct susu kental manis dan 6 gelas air k dalam wadah. Aduk sampai tercampur rata, tes rasa.,Kupas dan potong dadu buah buahan, sisakan sedikit buah naga utk di hancurkan di dlm gelas (utk pewarna alami). Setelah itu masukan semua buah dan buah naga yg telah di hancurkan ke dalam wadah, aduk sebentar. Masukkan k dalam kulkas agar dingin"
sop buah,https://cookpad.com/id/resep/13097862,Sop buah simple,"2 Apel,10 Kelengkeng,10 Anggur,10 Stroberi,Biji selasih 1 sdm,1 sachet Susu kental manis,Secukupnya Sirup coco pandan, Air","Potong kecil2 buah2an td,Lalu rendam biji selasih dgn air Panas/hangat diam kan,Lalu campur semua buah2an menjadi satu tambahkan sirup dan susu kental manis td lalu tambahkan air aduk2 hingga semua tercampur merata,Kemudian masukkan buah selasih yang uda direndam td, siap deh disajikan"
sop buah,https://cookpad.com/id/resep/12643770,123.Sop buah Meriah,"Buah pepaya, Anggur merah, Semangka, Melon, Nata de coco,1/2 botol Syrup orange squash,1 liter Air,2 klg susu kental manis, Es batu secukupnya","Cuci bersih lalu potong smua buah dan nata de coco beri susu kental manis,sirup abc air dan es batu...dinginkan"
sop buah,https://cookpad.com/id/resep/12812211,Sop buah yoghurt,"1 buah pear,1 buah apel merah,1 buah naga,1/4 buah semangka merah,1 botol yoghurt Cimory (yoghurt sesuai selera),1 scht susu kental manis","Potong dadu buah (pear, apel, buah naga, semangka),Masukkan kedalam mangkuk dan siram dengan yoghurt dan tambahkan susu kental manis sesuai selera,Siap dinikmati"
sop buah,https://cookpad.com/id/resep/13086113,Es Sup buah,"6 buah anggur belah 2,2 strawberry belah 2,3 butir blue berry,1 iris kecil pear potong kotak,1 iris kecil mangga potong kotak,1/4 jeruk,2 sdm sirup marjan fruitpunch,3 sdm susu kental manis,opsional Es batu, Contoh buah : semangka, melon, apel fuji, buah naga, nangka dll","Tata buah potong di gelas / mangkuk. Tambah es batu, sirup dan skm. Aduk rata dan sajikan. Saya memakai air dingin karena lupa belum buat es batu🙊"
sop buah,https://cookpad.com/id/resep/13031694,Sop buah boba,"6-7 sdm tepung tapioka ,1 sdm terpisah tepung tapioka ,1 bks nutrijell pink ,4-5 sdm Air panas , air untuk merebus,4 anggur 10 bh,potong ,1 buah  mangga potong dadu,1/2 bks  Nata de coco beserta airnya, .boba yang sudah dibuat, syrup with milk orange (me : marjan),1 bks SKM","Campur nutrijell,tepung tapioka dan air panas sampai kalis(hati - hati pemberian air panas harus bertahap sampai tepung dirasa sudah kalis),Setelah kalis ambil adonan dan dibuat memanjang dan potong - potong,lalu bulat2kan dan dimasukkan kedalam wadah yg sudah diberikan tepung tapioka kering yang terpisah tadi sampai seluruh adonan selesai dibulatkan,Didihkan air untuk merebus,lalu masukkan adonan yang sudah dibulatkan,tunggu sampai boba mengapung keatas dan biarkan selama 1 menit lalu angkat dan tiriskan lalu sisihkan,Masukkan dalam wadah syrup marjan with milk orange sekitar 120 ml,mangga,anggur,nata de coco,boba lalu tambahkan susu kental manis dan es batu,aduk - aduk sampai merata dan siap disajikan."
sop buah,https://cookpad.com/id/resep/12664245,36. Sop Buah Sederhana (3 jenis),"1 buah pear,1 buah naga, semangka, susu uht ULTRA full cream,5 sdm yoghurt cimory rasa strawberry","Kupas buah, potong sesuai selera, susun dalam mangkok.,Tuang susu sekitar 150ml, tambahkan yoghurt.,Masukkan kulkas selama 10 menit/ tambahkan es batu jika suka. Dan sop buah siap dinikmati ❤"
sop buah,https://cookpad.com/id/resep/12677813,Sop Buah Susu,"1 buah apel,1/2 buah nenas,1/4 buah semangka,2 sdm Gula pasir (cairkan),Secukupnya Air,Secukupnya Susu Kental Manis,Secukupnya Es batu,1 bungkus agar agar,1/2 gelas Gula Pasir,3 gelas Air","Masak agar agar terlebih dahulu saya biasa menggunakan gelas belimbing utk takaran,Masukan air, agar agar dan gula pasir, masak hingga mendidih, matikan api, diamkan sampai suhu normal lalu masukan kulkas,Siapkan susu kental manis dalam wadah, beri air dan larutan gula, aduk rata.,Masukan buah2an yg sudah di potong kotak kotak (sesuai selera aja y) dan agar agar,Aduk rata kemudian beri es batu."
sop buah,https://cookpad.com/id/resep/13530324,Sup buah naga,"1 buah naga,10 buah strowberi,1 saset SKM,1 botol yoguart bulgarian original, Es batu","Potong dadu buah naga + potong tipis strowberi,Masukan buah ke mangkuk siram dengan SKM dan yoguart jangan lupa es batu nya. Nikmati siang hari lebih segar."
sop buah,https://cookpad.com/id/resep/13149038,157. Sop Buah Yakult," Nanas, Pepaya, Melon, Semangka, Es batu,3 buah yakult",Siapkan buah2annya lalu dalam satu wadah campur dengan es batu dan guyur dengan yakult dinginkan 🤗🤗
sop buah,https://cookpad.com/id/resep/13530011,Es Sop Buah Naga,"2 buah naga, Es batu,5 sdm gula,80 gr skm putih,150 ml sirup Kurnia atau sirup berwarna merah,1000 ml air putih panas","Potong2 buah naga ukuran dadu2 kecil atau kotak2 kecil,masukkan gula dan skm putih,Masukkan sirup dan air panas lalu aduk hingga gula,skm putih,dan sirup larut dan berwarna pink merata,Masukkan es batu sesuai selera baru aduk hingga dingin,setelah itu siap untuk diminum"
sop buah,https://cookpad.com/id/resep/13472514,Sup buah ala-ala,"1 butir buah naga,1 butir apel,1/6 buah melon,2 sdm gula pasir,5 sdm kental manis,secukupnya Air putih","Campur bahan kuah, aduk rata. Cek rasa,Masukkan buah-buahan yang sudah dipotong, tambahkan es batu, sup buah ala-ala siap disajikan"
sop buah,https://cookpad.com/id/resep/11680222,Sop buah mix,"Buah naga, Semangka merah, Pepaya, Melon, Kelengkeng/ longan, Avocado, Mangga, Nangka,Biji selasih,1 kaleng susu evaporasi, Sirup marjan melon,secukupnya Susu kental manis,250 ml air es, Nutrijel kelapa muda,secukupnya Gula pasir","Masak terlebih dahulu untuk nutrijel kelapa muda...biarkan 1 jam hingga keras lalu serut,Potong semua buah,Campurkan kuahnya (susu evaporasi+skm+ air es & sirup marjan.,Untuk lebih segar boleh tambahkan es batu..selamat mencobaa..!!"
sop buah,https://cookpad.com/id/resep/13490429,Sop buah. (dengan buah seadanya,"Buah naga, Pir, Strawberry (kalau mau tambah buah lain juga boleh y bun),5 sendok gula, Susu kental manis, Es batu","Pertama2 masak air gula dlu, kemudian di diamkan sampai dingin,Cuci buah-buahny dlu.. kemudian dipotong2 sesuai selera,Taruh buah2anny di mangkok, dan kasi air gula dan susu kental manis..,Setelah itu, kasi deh es batu sesuai selera,Selamat mencoba bun2😀"
sop buah,https://cookpad.com/id/resep/13472548,Sop buah 1+,"Buah naga,Buah mangga,Buah apel, Ager nutrijel, Madu, Susu formula (karena anak sy sufor dan belum berani memberikan SKM)","Potong dadu semua buah, dan jelly,Campur semua buah dan jelly tambahkan madu dan susu formula,Tambahkan es batu secukupnya"
sop buah,https://cookpad.com/id/resep/12841815,Sop Buah Ceria," Semangka, Pepaya, Anggur, Apel, Pir, Nata de coco, Susu kental manis,secukupnya Air, Chia seed, Sirup kurnia, Es","Potong dadu semua buah-buahan,Tambahkan air, susu kental manis, sirup kurnia,Uji rasa. Taburkan chia seed. Beri es"
sop buah,https://cookpad.com/id/resep/13502018,Sop buah yakult,"secukupnya Strowberry,secukupnya Melon,Potongan jelly/nutrijel,2 botol yakult,1 kotak susu putih Plain (250 cc),3 sendok sirup marjan meran","Potong-potong buah dan jelly, kecil2 saja biar enak pas disendoknya, sisihkan.,Dalam wadah/mangkok, tuang susu cair, yakult dan sirup, aduk2 sampai rata (rasanya cenderung asem2 manis) klo mau dominan rasa manisnya, boleh tambahkan sirup gula. Jika rasanya sudah pas, masukan potongan buah dan jelly, ademkan dlu di kulkas 3 jam baru di makan. (Paling enak, bikinnya pagi, trus makannya siang)"
sop buah,https://cookpad.com/id/resep/13510028,Sop buah overnight oatmeal,"5 sdm Oat meal instant,150 ml susu kental manis (plus air, skm 1 sachet), Chia seeds, Semangka, Melon, Mangga","Campur oatmeal dengan air susu dan tambahkan chia seeds, aduk kembali. Lalu tuang di jar,Potong-potong buah sesuai selera,Masukkan buah diatasnya,Simpan di kulkas semalaman. Atau sesuai selera mau berapa lama hhe,Sudah semalaman, hancurkan bbrp buah di jar dengan sendok. Tadaa jadi sop buah overnight oatmeal. Enak!"
sop buah,https://cookpad.com/id/resep/12446913,Sop buah ceria 😊," Semangka 🍉, Pepaya, Alpukat 🥑, Anggur 🍇,Buah naga, Mangga 🥭, Melon 🍈, Nangka, Lengkeng, Apel 🍎,Buah pier 🍐, Selasih, Susu kental manis 🍼, Susu full cream 🍼, Cairan gula,secukupnya Batu es","Potong semua buah2 kecil2, klo tidak ada semua buah boleh pake yang ada saja,Masukan cairan gula yg udah dimasak,Masukan selasih, susu kental manis, susu full cream,Tambahkan es batu,siap di sajikan.selamat mencoba 🙏"
sop buah,https://cookpad.com/id/resep/13024502,Sop Buah Segar Lezat Dan Praktis," Buah2 sesuai selera (me:buah naga, alpukat,mangga dan pear),500 ml santan cair,50 gr gula pasir,secukupnya Nata de coco,secukupnya SKM dan sirup cocopandan","Masak santan dan gula aduk sampai mendidih aduk terus agar santan tidak pecah, angkat dan dinginkan,Potong2 buah""an,Masukkan buah""an dan nata de coco ke dalam mangkok,Tambahkan SKM dan sirup,Masukkan santan yang sudah dingin dan aduk rata. Test rasa,Untuk video lengkapnya teman-teman bisa kunjungi Channel Youtube Masakan Baby https://youtu.be/55o4T9ysN3o"
sop buah,https://cookpad.com/id/resep/13467946,Sop Buah Ximilu,"1 Buah kates kecil,1 buah apel,1 buah pir,6 buah kelengkeng,6 buah anggur,1 buah mangga,2 buah strawberry,2 slice agar agar ijo,2 slice jelly coklat,3 slice cincau,1/2 nata de coco,secukupnya Selasih, Bahan kuah ;,1/2 bungkus Fiber Creme,5 sdm gula pasir / sesuai selera,1 helai daun pandan,sejumput Garam","Potong semua buah bentuk dadu.. Jelly di serut panjang..,Didihkan air mateng masukkan gula pasir, daun pandang aduk hingga larut masukkan fiber cream dan sejumput garam. Aduk terus koreksi rasa. Jika manisx sudah pas dinginkan sbntr.,Tata potongan buah d gelas lalu siram kuah td lalu atasx kasih selasih. Truh d kulkas biar dingin,Nikmati ximilu ini dgn keadaan dingin.."
sop buah,https://cookpad.com/id/resep/13995907,Sup Buah,"1 buah mangga,2 buah jambu klutuk(biji),1/2 buah naga,1/2 buah melon,1/2 buah pepaya,1 es kelapa murni,2 sdm sirup melon,2 sdm SKM (Susu Kental Manis)","Siapkan buah2an dan cuci bersih,Kupas dan potong buah jambu. Ambil tengahnya (daging yg ada bijinya), jangan di buang tp di buat jus. Sedangkan daging pinggirannya di potong kecil2 dan di masukkan ke dalam mangkuk,Kupas dan potong buah2 yang lainnya menjadi kecil2. (Ini yang lama). Lalu campurkan jus jambu dan es kelapa kedalamnya. Kemudian aduk rata. Bisa disajikan seperti ini saja.,Jika senang manis, bisa tambahkan sirup dan susu kental manis putih.,Taruh di mangkuk2, dan sajikan selagi dingin."
sop buah,https://cookpad.com/id/resep/13816698,Sup Buah Praktis 🍎🍇🍊 #dapurelbeweek19,"2 buah Jeruk,2 buah Apel,20 buah Anggur,1 sch SKM, Sirup Melon 5 sds,6 gelas Air,Biji selasih secukupnya,1/2 gelas Simple sirup","Siapkan bahan yg dibutuhkan.,Setelah dicuci bersih, kupas buah jeruk, iris slice buah apel, iris bagi 2 buah anggur. Kemudian seduh biji selasih dg air panas.,Buat kuah supnya. 6 gelas air putih ditambah 5 sendok sayur sirup melon, 1 sch SKM dan simple sirup. Cek rasa sdh sesuai atau blm.,Tuang kuah ke dalam wadah campuran buah. Jgn lupa ditambahkan biji selasih. Aduk merata. Sup siap disajikan."
sop buah,https://cookpad.com/id/resep/13816080,Sop buah marasa,"1 bh Kelapa+ airnya,1 alpukat,10 lengkeng,1 bh mangga dermayu,5 anggur,secukupnya Skm putih","Cuci bersih buah, potong2 jadikan satu dlm wadah,Tambahkan susu kental manis, sajikan dingin lbh segaar😋"
sop buah,https://cookpad.com/id/resep/13813030,Sup buah gembira,"Secukupnya pepaya,Secukupnya apel,Secukupnya jambu biji,Secukupnya mangga,Secukupnya kweni,1 sachet skm,3 sdm sirup tutifruty,Secukupnya es batu,Secukupnya air es","Potong semua buah menjadi dadu masukkan dalam wadah besar seperti mangkuk,Tambahkan skm, sirup dan es batu, aduk2 sampe rata dan terakhir tambahkan air es.. Sup buah siap untuk dinikmati"
sop buah,https://cookpad.com/id/resep/13809874,Sup buah kekinian,"1/2 ,buah semangka,1/2 buah melon,1 buah mangga gadung,1 buah pear,500 g jelly aneka bentuk,50 g biji selasih seduh dengan air panas,50 ml esen vanila,300 ml sirup gula,300 g susu kental manis,200 g krimer,secukupnya Es batu,500 ml air mineral","Cuci bersih buah kemudian kupas potong potong sesuai selera sisihkan,Dalam wadah Campur semua buah es batu,susu,sirup,krimer,esense,selasih tuang air aduk Aduk,Merata jadi deh sup buah siap di sajikan"
sop buah,https://cookpad.com/id/resep/13804698,Sop buah segar,"1 buah apel,300 gram kelengkeng,200 ml nata de coco,200 ml jelly bentuk lucu,500 ml susu uht full cream,1 sdm chiasheed,4 sachet gula diabetasol,secukupnya Air putih","Cuci bersih apel lalu dipotong2 sesuai selera.,Kupas buah kelengkeng.,Siapkan wadah mangkok besar. Masukan apel yg sudah dipotong,tambahkan kelengkeng yg sudah dikupas.,Lalu tambahkan jelly,nata de coco, chiasheed.,Masukkan susu uht dan gula. Tambahkan air secukupnya.,Beri es batu sesuai selera. Dan Sop buah siap disantap 👌"
sop buah,https://cookpad.com/id/resep/13780345,Sop Buah Forasa," Pir, Apel, Nangka, Susu evaporasi, Skm putih, Selasih, Keju untuk taburan,secukupnya Air","Siapkan bahan, potong2 semua buah simpan dalam wadah,Tambahkan air susu evaporasi, skm, aduk2, siap disajikan beri toping keju😊"
sop buah,https://cookpad.com/id/resep/12959261,Ximilu (sop buah ala Hongkong),"1 bungkus nutrijel plain,100 gr gula pasir, Pewarna makanan (me: biru), Nutrijel coklat,400 ml Air kelapa,1 ikat Daun pandan,200 gr Krimer,secukupnya Gula pasir, Nata de coco, Buah2an (me: strawberry,anggur,mangga), Selasih","Utk membuat agar nutrijel,masak sesuai petunjuknya ya moms. Kalo sudah dingin potong jelly seperti mie. Dan utk nutrijel coklat potong dadu.,Kuah:didihkan air kelapa dan beri 1 ikat daun pandan supaya aromanya lebih enak🤗. Tambahkan krimer dan gula pasir aduk sampai larut. Diamkan dan simpan di dalam kulkas sampai dikira sudah cukup dingin.,Tata semua bahan, mie jelly,jelly coklat, buah2an, nata de coco dalam wadah kemudian tuang kuah nya dan beri selasih diatasnya.jadi deeh....selamat mencoba 🤗🤗🤗🤗🤗"
sop buah,https://cookpad.com/id/resep/13756518,Sup buah hydro coco,"1 sdm biji selasih yang di rendam air panas, Buah2 an,secukupnya Sirup cocopandan,secukupnya Susu kental manis,250 ml hydro coco original, Es batu","Siapkan bahan,Potong buah bentuk dadu,Siapkan mangkuk dan tuang biji selasih ke dalam mangkuk dengan buah yanh sudah di potong.,Tuang sirup cocopandan (me 4 sdm) susu kental manis (me 2 sdm),Tuang hydro coco original 250 ml.,Aduk rata kemudian beri bes batu."
sop buah,https://cookpad.com/id/resep/13754454,Sup Buah Segar,"1/4 buah semangka merah,1/4 buah semangka kuning,1/2 buah mangga,1 buah kiwi,1/4 buah melon,8 biji buah anggur,1 buah alpukat,3 saset susu kental manis, Gula cair secukupnya/selera,secukupnya Es batu","Siapkan bahan bahan,Kupas buah, kecuali anggur, kemudian potong potong kotak,Taruh dalam mangkok, beri susu dan gula cair juga es batu,Siap dihidangkan"
sop buah,https://cookpad.com/id/resep/12683388,Sop buah #24,"1 buah naga,1 buah apel,250 susu cair full cream (dingin),1/2 gelas marjan (melon, adanya),100 ml air dingin","Kupas buah naga, potong kotak kecil. Kupas apel, potong kecil-kecil.,Tuang susu cair, marjan dan air.,Aduk rata, dan siap dihidangkan. Segeerrr.. MasyaAllah walhamdulillah.. 💕💕"
sop buah,https://cookpad.com/id/resep/14221060,*Ximilu sop buah Hongkong* no santan no susu," Bahan kuah :,50 gr fiber creme,2-3 sdm gula batu/gula pasir, manis sesuai selera,150 ml air panas (utk melarutkan fiber creme dan gula),600 ml air dingin, matang, Bahan jelli :,1 bungkus nutrijel melon bungkus kecil,2 sdm gula batu/gula pasir,400 ml air minum,1 bungkus nutrijel strawberry bungkus kecil,1 sdt bubuk agar2 plain/merah,2 sdm gula batu/gula pasir,350 ml air minum, Buah-buahan, sesuai selera. Sy :,1 buah mangga,1 buah pear,2 buah kiwi,100 gram anggur,secukupnya Nata de coco,,1 sdm selasih, rendam air dingin/hangat","Siapkan bahan. Buat kuahnya, campur fiber creme, gula, aduk rata lalu tuangkan air panas, aduk-aduk hingga gula larut.,Tambahkan air dingin, aduk rata, sisihkan. Masak nutrijel merah dan hijau masing2 sesuai instruksi yg ada dalam kemasan (sy, tanpa fruit acid). Biarkan hingga jelli mengeras lalu potong tipis memanjang jelli merah dan potong kotak/dadu jelli hijau, sisihkan.,Cuci bersih buah, kupas mangga, pear dan kiwi lalu potong-potong. Potong juga anggur. Siapkan semuanya,Penyajian, tata potongan buah dalam wadah saji lalu beri jeli merah, hijau dan nata de coco dan selasih,Terakhir tuangkan kuahnya dan Ximilu (sop buah Hongkong) siap disajikan atau sajikan dingin (masukkan dalam kulkas dulu sebelum disajikan),Sajikan dingin."
sop buah,https://cookpad.com/id/resep/12683520,Sop buah hamper lebaran,"1 buah Pear Hijau,1 buah Pear Putih,1 buah Naga,1/2 Cup Anggur Hitam,1/2 Cup Anggur Hijau,1 Sachet Susu Kental manis (me : frisian flag putih),1/2 Pouch Inaco 360g, Nata de coco (Optional)","Bismillah, Siapkan bahan - bahan yang akan di potong cuci bersih --- kemudian Potong - potong sesuai selera, tuang 1 sachet susu kental manis & inaco nata de coco, aduk rata ---,Tata di gelas soup buah boleh di tambah madu biar lebih manis, selesai Alhamdulilah 😘"
sop buah,https://cookpad.com/id/resep/14734715,Sop Buah Campur,"1 bh buah naga, kerok,1 bh alpukat, kerok,2 sdm sagu mutiara warna merah,1 sdm sagu mutiara warna hijau,secukupnya Cincau hitam, potong² kecil,2 sdm selasih,secukupnya Timun suri,secukupnya Gula pasir,secukupnya Susu cair,secukupnya Skm putih,secukupnya Es batu","Masukkan semua bahan buah,Tambahkan selasih dan cincau,Tuang campuran susu dan larutan gula, aduk rata, tambahkan es batu / masukkan kedalam kulkas dulu,Sajikan"
sop buah,https://cookpad.com/id/resep/15029109,Sup Buah Sirup,"100 gr melon,100 gr pepaya california,100 gr buah naga,100 gr nata de coco,100 ml sirup marjan rasa pisang susu,250 ml air es,sesuai selera Es batu","Campur sirup dan air es. Sisihkan,Potong-potong buah lalu masukkan kedalam sirup biarkan terendam beberapa jam lebih,lalu sajikan. Tambahkan es batu biar tambah seger. Untuk takaran sirup bisa ditambahkan jika kurang manis ya. Untuk pilihan buah bisa ditambahkan sesuau selera."
sop buah,https://cookpad.com/id/resep/15408961,Sop buah," mangga di iris kotak, kue lapis iris kotak, cincau iris kotak, secukupnyah cendol, secukupnyah sirup marjan, secukupnyah es batu, secukupnyah skm,sedikit air bila perlu",Cara campur semua bahan jadi satu dan sajikan selamat mencoba by pawon soimut
sop buah,https://cookpad.com/id/resep/15715673,Sop buah ekonomis,"1 buah alpukat ukuran besar (potong2/keruk pakai sendok),1 buah mangga ukuran besar(potong2),1 sdm biji selasih kering (rendam pakai air panas),5 sdm gula pasir,3 bungkus SKM,2 sdm sirup coco pandan,Secukupnya air matang,Secukupnya es batu","Campur gula pasir+1gelas air, lalu masak sampai mendidih dan gula larut.dinginkan,Kemudian campur semua bahan,aduk2 sampai tercampur semua."
sop buah,https://cookpad.com/id/resep/16132460,SOP Buah Meriah," Bahan syrup,250 g gula pasir,2 butir kulit buah naga,200 ml skm puutih,1 lt air,buah Bahan isi SOP,200 g cincau hitam,100 g puding warna siap saji,100g rumputlau,1/4 butir melon,1/2 butir timun suri,2 butir buah naga,100 g kolang Kaling,1/4 butir blewah,, Resep pewarna Alami nya terlampir","Cuci bersih semua bahan Potong semua bahan lalu sisihkan,Rebus air dan tambahkan 2 batang daun pandan tambahkan gula pasir..aduk sampe gula larut dan menjadi Syrup..sisihkan,Setelah air Syrup dingin campurkan semuanya..tambahkan susu kental manis nya aduk rata..siap sajikan..
Selesai"
sop buah,https://cookpad.com/id/resep/16222998,Soup Buah,"Secukupnya es batu,Secukupnya susu kental manis,2 buah kelapa muda + air kelapa muda,Secukupnya sirup rasa pisang ambon,2 buah apel merah,1 buah pear ukuran besar,2 buah pisang sunpride,1 buah naga,1/2 kg anggur merah,1 buah durian uk sedang (isi 10 biji),Secukupnya nata de coco","Siapkan semua bahan,Iris kecil2 semua buah2an,Siapkan wadah/ mangkuk besar kemudian masukan air kelapa + buah kelapa muda, susu kental manis lalu aduk2 rata,Masukan buah2an yg sdh diiris2 td kemudian aduk2 hingga semua bahan tercampur rata,Siapkan mangkuk kecil, masukan es batu kemudian tuang ke dalam mangkuk,Soup buah siap dihidangkan"
sop buah,https://cookpad.com/id/resep/16346826,Sop buah susu,"50 gr daging semangka,50 gr daging buah naga,Beberapa butir kacang almond,200 ml susu cair full cream (dinginkan dalam kulkas dulu)","Potong dadu buah semangka dan buah naga,Masukkan dalam mangkok, lalu tambahkan susu. Aduk aduk hingga kuah susu berwarna pink (warna alami dari buah naga),Tata dalam gelas, beri topping almond"
sop buah,https://cookpad.com/id/resep/16917665,Sop Buah Meg Cheese,"200 gr Melon,200 gr Semangka,200 gr Jelly Mangga,200 gr Jelly Strawberry, Bahan B,250 gr MEg Processed Cream Cheese,500 gr Susu UHT","Blender Bahan B sampai tekstur Lembut dan tidak berbutir,Masukkan Bahan A ke dalam Toples dengan Masing masing buah kurang lebih 40 gr,Tuang Bahan B ke dalam Toples dan siap untuk dinikmati."
sop buah,https://cookpad.com/id/resep/17113250,Sup Buah Pir,"2 buah pir,50 gr jahe (boleh lbh banyak klo suka pedas),1 batang kayu manis,Secukupnya cengkeh,Secukupnya gula batu (boleh skip, ganti di tambah madu saja saat mau di minum, lbh baik),Sejimpit garam,1 lt air","Siapkan bahan,Didihkan air bersama kayu manis & gula batu.
Sambil menunggu air mendidih, kupas & potong2 buah pir.,Setelah air mendidih, matikan api lalu masukan jahe yang sudah di geprek aduk sebentar lalu tutup panci, biarkan tertutup kurang lebih 5 menit.,Setelah 5 menit masukan pir, cengkeh & garam.
Aduk sebentar dan tutup rapat kembali. Diamkan 30menit.,Aduk dan masak kembali selama 7 menit.
Sup buah pir siap dinikmati ditambahi madu lebih mantabs rasanya 👌🏻👍🏻
Selamat mencoba
Happy cooking 🧡🤗"
sop buah,https://cookpad.com/id/resep/17121509,7. Sop buah,"1/2 buah naga,1 mangga kweni,1 gnggam strawberry, Semangka,1 genggam anggur,Secukupnya susu cair low fat,1 sdt biji selasih, Madu untuk pemanis","Siapkan bahan,Kupas buah, potong 2 dan masukan kedalam mangkok,Tambahkan susu cair dan madu, aduk dan siap di hidangkan.. Lebih seger lagi tambah es batu"
sop buah,https://cookpad.com/id/resep/24532315,Sop Buah," 👉 1 buah blewah,1/2 buah melon,1 buah naga merah,2 buah jambu kristal, 👉 Secukupnya anggur,Secukupnya strawberry,Secukupnya nata de coco,1 sdm selasih, rendam dengan segelas air hangat,Sesuai selera SKM,Secukupnya es batu, 👉 1 kg gula pasir,500 ml air","Rebus gula pasir dan air sampai gula larut. Saring ke wadah saji. Biarkan sampai dingin,Kupas buah yg berkulit, lalu potong kotak kecil atau bentuk bulat / sesuai selera. Anggur dan strawberry dibelah 4.
Bilas dengan air matang, tiriskan,Tuang ke wadah saji berisi air rebusan gula, aduk rata. Tambahkan nata de Coco, selasih dan SKM, aduk rata.
Sesaat sebelum disajikan, tambahkan es batu. Siap dinikmati"
sop buah,https://cookpad.com/id/resep/14924353,Sop Buah Simple," Melon, Blewah, Timun suri, Nata de coco,Biji selasih, Es batu, Simple syrup, Sirup cocopandan, Susu carnation","Potong2 buah boleh bulat boleh kotak ya,Rendam biji selasih, buang air nata decoco,Susun di mangkuk saji, simple syrup, buah2an, es batu, biji selasih, sirup dan terakhir susu. Simple ya bun. Selamat mencoba"
sop buah,https://cookpad.com/id/resep/12381499,Es buah /sop buah simple,"200 ml air,100 g gula pasir/ sesuai selera,1 lembar daun pandan,1/2 buah apel,1/2 buah naga,Secukupnya semangka,Secukupnya natadecoco,Secukupnya cincau/jelli,3 sdm sirup cocopandan,2 sdm susu kental manis,secukupnya Es batu","Rebus air gula daun pandan sampe gula larut dan wangi biarkan dingin.,Potong semua bahan buah dan cincau sesuai selera.,Campur air gula, buah dan sisa bahan lainya aduk rata koreksi rasa tapi pas udah buka ya tar batal lg..hhee,Kalo kurang pas tinggal tambahkan sirup dan skm ya....Selamat mencoba."
